title,content,binary
 미래 예측 10년 뒤 인공지능 어학강사 등장 , 10년 뒤면 파킨슨병이나 루게릭병 등의 재생치료가 가능해진다 어학원에서 인공지능 교사가 어학을 가르칠 것이다 15년 뒤에는 암 발병 가능성이 있는 사람의 증상을 억제는 예방약이 나온다 20년 뒤에는 젊음을 되돌리는 약물이나 노화를 부르는 물질을 억제하는 연구로 건강수명을 늘릴 수 있다 일본 문부과학성 과학기술 학술정책연구소가 최근 일본내 전문가 약 4 000명에게 물어서 정리한 향후 보급될 과학 의료기술의 일부다 내년 3월 말 보고서 형태로 발표될 이 과학기술 예측 조사 에서 전문가들은 2050년까지 932가지의 새로운 기술 서비스가 일본 국내에 보급될 것으로 봤다 니혼게이자이신문이 16일자에 보도한 내용을 정리했다 전문가들은 치료기술 분야에서는 암 조직만을 둘러싸서 치료하는 재료가 2025년에 나올 것으로 봤다 그 5년 뒤에는 암 발병이 의심되는 사람에게 투약해 발병을 억제하는 예방약도 보급될 것으로 전망했다 임상시험이 시작된 유도만능줄기세포 를 생식세포로 성장시켜 불임치료에 응용하는 시기는 20년 뒤에나 가능할 것으로 예측됐다 로봇이나 인공지능의 이용도 크게 늘어날 것으로 봤다 10년쯤 뒤에는 과반수의 어학원에서 인공지능이 학원강사를 대신해 어학을 가르칠 것으로 기대했다 15년 후에는 사람과 자동차가 정보를 주고 받으며 도로 주행이 가능해져 신호등이 사라질 것으로 내다봤다 향후 보급이 예상되는 신기술 보급 시기 내용 2020년 모기 침 정도 굵기로 전혀 아프지 않은 주사침 2025년 일주일 냉장 냉동하지 않아도 신선식품이 상하지 않는 유통시스템 파킨슨병 루게릭병 등의 재생치료 GPS를 대체해 자세나 몸짓까지 알 수 있는 위치검출기술 2026년 과반수의 어학원에서 인공지능이 교사 역할 2030년 암 우려가 있는 상태에서 발병을 억제하는 예방약 쓰나미를 약화시키고 방향을 바꾸는 기술 온실가스의 이산화탄소를 플라스틱으로 바꾸는 기술 평생 감염을 예방하는 인플루엔자 백신 인구 10만명 미만 소도시의 에너지 자급자족 2032년 1년 이내 발생하는 대지진의 시기 규모 장소 피해 규모 예측 2033년 사막에서 수확할 수 있는 작물 2035년 젊음을 되돌리는 약물이나 노화물질을 억제하는 연구로 건강수명 연장 면역을 조정해 부작용 없이 특정 알레르기 증상에만 효과 있는 약 2038년 우주에서 태양광발전을 해 지구로 송전 2040년 지상에서 우주로 가는 엘리베이터 자궁을 대체해 태아를 키우는 시스템 ,0
 스티브 호킹 인공지능 인류 종말 초래할 것 , 세계적인 물리학자인 스티븐 호킹 박사가 생각하는 기계 를 만들려는 인류의 노력이 우리 스스로에 위협이 될 수 있다고 경고했다 호킹 박사는 2일 BBC와의 인터뷰에서 현재까지 개발된 인공지능도 그 자체로 매우 유용한 수준 이라며 완전한 인공지능의 개발은 인류의 종말을 초래할 수 있다 고 말했다 그는 인간을 뛰어넘는 수준의 인공지능이 개발되는 것에 우려를 표하며 을 앓고 있는 호킹 박사는 최근 자신이 사용하는 의사소통 장비를 업그레이드 했다 그는 이 안에 인공지능의 기본 기술이 포함돼 있다고 설명하며 우려를 나타내기 시작했다 호킹 박사가 타고 다니는 휠체어에 부착된 의사소통 장비에는 최근 스마트폰 키보드에 사용되는 것처럼 단어 예측 시스템을 음성합성 장치에 적용한 기술이 포함돼 있다 호킹 박사는 이 의사소통 장비를 최신식으로 바꾸는 한편 로봇 같은 원래 목소리는 그대로 뒀다고 BBC는 전했다 그는 기계적이긴 하지만 더 자연스러운 목소리를 원하지는 않는다 며 이러한 목소리는 내 트레이드마크가 됐다 고 말했다 인공지능에 부정적인 시각을 갖고 있는 이는 호킹 박사뿐만이 아니다 전기차 개발 및 제조사인 테슬라의 설립자 앨런 머스크도 지난 10월 과학자들은 인공지능 분야 개척에 매우 조심스러워야 한다 며 이는 우리 존재에 큰 위협이 될 것 이라고 말한 바 있다 한편 호킹 박사는 인터넷이 주는 혜택과 위협에 대한 분석도 덧붙였다 그는 테러 위협에 맞서는 인터넷 기업들의 노력이 필요하나 개인의 자유와 사생활을 희생해야 한다는 어려움이 따른다 고 말했다 ,0
 슈퍼컴 왓슨 인공 지능이 만드는 또다른 산업혁명 ,퀴즈왕 이기며 화려하게 등장 초당 100만권 빅데이터 분석 암치료 방법 요리법 제안 등 컨설팅 프로그램 활용 가능 8조원 시장 신성장 동력 기대 2004년 여름 미국 뉴욕 맨하튼 업 타운에 위치한 유명한 한 선술집 IBM 수뇌부는 저녁 만찬을 마친 후 술잔을 기울이고 있었다 한 쪽 끝에서 사람들이 웅성거리며 TV를 시청하는 모습이 눈에 띄었다 미국 최고 인기 TV 퀴즈 쇼인 제퍼디 에서 켄 제닝스가 또 한번 승리를 거두며 역사를 만드는 순간이었다 제닝스는 무려 74번 연속 최장기간 우승을 거두며 지식의 수호자 라는 잡학 전문가로 명성을 떨치고 있었다 그 순간 누군가가 목소리를 높였다 바로 저 것이야 인간 언어로 던지는 질문을 알아 듣고 스스로 생각하며 학습해 몇 초 안에 답을 찾아 말로 답하는 인간을 닮은 IBM의 인공지능 슈퍼 컴퓨터 개발 아이디어는 바로 여기서부터 시작됐다 IBM은 이듬해 본격적인 개발에 들어갔다 그리고 5년이 지나 제닝스는 IBM으로부터 한 통의 전화를 받았다 왓슨이라는 슈퍼컴퓨터를 만들어 당신을 이기고 싶습니다 제닝스는 컴퓨터와 대결을 흔쾌히 수락했고 IBM 창사 100주년을 맞은 2011년 2월 제퍼디 쇼에서 왓슨과 대결을 벌였다 결과는 제닝스의 참패 왓슨은 하드웨어의 빠른 계산능력 제퍼디 문제를 알아듣고 문제의 답을 찾기 위한 최적의 알고리즘을 담은 딥 IBM은 올해 초 왓슨을 핵심사업으로 선정하고 새로운 서비스와 솔루션을 만들기 위해 무려 1조원을 투자한다고 발표하면서 이를 위한 전담조직 왓슨그룹을 출범시켰다 IBM은 왜 왓슨에 큰 베팅 을 했을까 지난해 IBM의 내부조사에서 글로벌 CEO들은 앞으로 3 5년내 기업에 가장 큰 영향을 미칠 요인으로 기술 을 꼽았다 지난 10년간은 시장 환경 이 가장 큰 요인이었지만 이젠 미래 발전이 기술에 달려 있다는 판단이었다 로메티 회장은 왓슨과 같은 최첨단 기술의 활용이야말로 IBM 미래를 좌우할 것이라고 굳게 믿었다 왓슨 그 자체보다도 인지컴퓨팅 기술을 통한 새로운 소프트웨어 새로운 서비스 새로운 앱 등 상용화할 수 있는 분야는 무궁무진하다는 게 그의 생각이었다 IBM이 애플과 모바일 관련 기술 파트너십을 체결한 것도 그런 맥락이다 IBM은 빅데이터를 이용한 인지컴퓨팅 기술을 모바일에 적용해 상업화에 고삐를 죄고 있다 린다 샌포드 IBM 혁신 담당 수석부회장은 한국일보 인터뷰에서 왓슨은 IBM 100년의 역사에서 가장 중요한 혁신의 하나로 또 다른 변신을 위한 무한한 가능성을 가진 그린 필드 ,0
 왜 로봇의 도덕인가 인공지능의 시대 로봇 윤리의 중요성 ,인공지능의 시대 로봇 윤리의 중요성 영화 속 로봇은 때로 공포스럽다 공상과학 영화의 고전 2001 스페이스 오디세이 에선 컴퓨터가 자신이 돌봐야 할 우주인을 죽이려 들고 스티븐 스필버그 감독의 아이 로봇 에선 로봇은 인류에게 해를 입히면 안 된다 는 원칙을 부정하는 시스템이 나온다 인간의 감독 없이 스스로 판단하는 인공지능 시대에 지능적 기계 또는 로봇의 지침이 될 윤리적 규칙은 무엇일까 미국 예일대의 윤리학자와 인디애나 대학교의 인지과학 교수가 공저한 이 책은 로봇의 도덕에 관한 연구가 왜 필요한지 그리고 그것에 관련한 기술적 사안은 무엇인지 설명한다 저자들은 이 책을 쓴 목적에 대해 질문을 던지는 것뿐 아니라 이런 주제에 관한 향후의 발전을 위해 자료를 제공하기 위해서 라고 말한다 도덕 윤리적 모호성을 명쾌한 알고리즘으로 변환해야 하는 공학적 과제가 얼마나 지난한 일인지 우리가 지금 왜 이 같은 고민을 해야 하는지 깨닫게 해주는 책이다 노태복 옮김 메디치미디어 448쪽 2만1 000 독일 철학자 벤야민의 생애와 사상 독일의 평론가이자 철학자 사상가인 발터 벤야민 사상 전반을 전기적 방식이 아닌 저작의 사유 흐름에 초점을 맞춰 서술한 책이다 1장에서는 벤야민의 생애와 저작 사상의 특징을 개략적으로 서술한 뒤 2장에서 1914 1919년 사이 언어이론적 성찰을 드러낸 초기의 저작물을 다룬다 3장에서는 벤야민의 초 중기 주요 비평문과 해석이 생산됐던 1919 1925년 시기를 집중적으로 파고든다 교수 자격을 취득해 대학에 자리를 잡으려던 계획이 좌절되면서 자유기고가로 출판활동을 전개하기 시작한 1925 1933년의 활동 내용을 다루고 나치 집권을 피해 파리로 망명해 활동하던 시기부터 자살로 생을 마감하기까지의 삶을 그린다 저자는 한국에서 이루어진 벤야민 번역과 수용의 역사를 개관하면서 왜 벤야민이 오늘날까지 이론과 실천에서 끊임없이 인용되고 수용되고 있는지 벤야민 사상의 현재성의 근거가 무엇인지 밝힌다 벤야민 선집을 총괄 기획한 벤야민 연구 전공자인 저자가 집필했다 길 430쪽 3 푸른 행성에 산소는 어떻게 등장했나 137억년 전 빅뱅이 있었고 92억년 가까이 지나서야 지구가 탄생했다 45억년의 나이를 지닌 지구는 생물처럼 진화를 해왔고 여전히 변하고 있다 미국 조지메이슨 대학 지구과학과 교수인 저자는 지구의 역사를 돌아보며 지구의 미래도 가늠한다 유아기와 유년기 청년기를 거쳐 푸른 행성이라는 별칭에 걸맞은 외양으로 변화해온 지구의 과거를 우선 살핀다 달은 어떻게 형성됐고 바다는 어떻게 영역을 넓혔으며 산소의 등장이 어떻게 이뤄졌는지 등을 설명한다 이후 저자는 50억년 뒤 태양이 수소를 다 태우고 헬륨까지 태우는 단계에 이르면 지구는 종말을 맞을 것이라고 내다본다 10만년 뒤 초대형 화산 폭발이 일어날 것이며 100만년 뒤 지도는 현재와 완전히 달라질 것이며 5 000만년 안에 소행성과 충돌할 것이라고 예측한다 진화의 변곡점마다 인류를 비롯한 생물들은 막대한 희생을 치를 것이라고도 전망한다 김미선 옮김 뿌리와이파리 368쪽 2만2 000 ,0
 인공지능 묵시록 , 일본 만화가 데츠카 오사무 1928 1989 가 1950년대에 그려낸 로봇 아톰 의 캐릭터는 착하고 정의로운 소년이다 아들 토비 를 교통사고로 잃은 천재 과학자 텐마 박사가 모든 과학기술을 동원해 10만 마력의 힘을 지닌 아톰 을 만들었다 생각하는 로봇이기 때문에 인간과 다른 자신의 처지를 슬퍼하기도 한다 하지만 로봇은 인간을 행복하게 하기 위해 만든다 는 작품 속 로봇법의 취지대로 악당을 물리치는 활약을 펼친다 반면 요즘 공상과학 이야기 만 봐도 그렇다 인공지능체가 편의를 증진시키기는커녕 인간과 대립하고 갈등하기 십상일 거라는 SF의 설정은 일단 생각하는 인공지능체가 만들어지면 그것들이 스스로 비약적으로 진화하는 지능폭발 의 국면을 열 수 있다는 우려를 반영하고 있다 그 경우 인공지능체는 인간에게 봉사하는 차원을 넘는 자기정체성을 자각하고 그 자각에 따라 독자적인 행동에 나선다는 얘기다 이런 이유로 지난해 영국 옥스퍼드대 인류미래연구소는 인공지능 개발이 인류의 존망을 가를 판도라의 상자 가 될 수 있다고 지적했다 경고는 최근에도 이어졌다 스티븐 호킹 박사 등 석학 4명은 지난 5월 영국 인디펜던트지 공동기고문을 통해 인공지능은 인류 문명을 위협할 재앙을 불러올 수 있다 며 인공지능을 SF의 소재로만 치부하는 것은 사상 최악의 실수가 될 것 이라고 목소리를 높였다 하지만 이런 경고에 아랑곳없이 인공지능 개발은 급진전하고 있다 그제는 생각하는 인공지능 의 기준인 튜링 테스트 를 통과한 첫 사례가 나왔다는 외신이 전해졌다 왠지 개운찮은 구석이 더 많은 소식이다 장인철 논설위원 만고풍상의 비무장지대 위대한 K컬처 도장 깨기 핵시설 공격 시나리오,0
일본 인공지능 로봇 모의고사서 사립대 합격 수준 수험생들 부러워 , 일본이 개발한 인공지능 로봇이 대학입시에서 상당수 일본 사립대학에 합격할 정도의 성적을 받을 것이라는 분석이 나와 주목을 모으고 있다 3일 에서 900점 만점에 작년보다 21점 오른 386점을 받았다 이번 모의시험의 응시자 전국 평균 점수는 422점으로 알려졌다 386점이면 도쿄대 합격은 어렵지만 일본 국공립대 가운데 4군데와 일본 내 전체 사립대의 약 80 에 합격할 가능성이 80 이상인 것으로 볼 수 있다 도로봇군 은 문과계열 과목 7개에 응시해 영어 국어 수학 B 세계사 B 등 4과목에서 전국 평균보다 높은 점수를 받았다 이 가운데 영어는 95점으로 작년보다 43점이나 올라 큰 차이를 보여줬다 아사히신문은 도로봇군의 영어 실력 향상을 위해 스마트폰 용 대화 애플리케이션 기술 음성 문장인식기능이 투입됐고 1천억 개 이상의 단어 데이터베이스가 활용됐다고 전했다 이 기술로 도로봇은 짧은 문장을 이해하고 단어로부터 기쁨 슬픔 불안 등의 감정을 구분해냈다 그러나 이 로봇은 다수결 과반수 등 교과서에서는 자세히 다루지 않는 상식이나 사회 정의 등의 개념을 배우지 못해 민주주의의 뜻을 이해하는 것이 불가능했다고 신문은 전했다 도로봇군은 국립정보학연구소 등이 도쿄대에 합격할 수 있는 수준의 인공지능 로봇을 만들겠다는 목표로 2011년 시작한 프로젝트의 하나로 개발됐다 프로젝트의 목표는 2021년도까지 이 로봇이 도쿄대 합격이 가능한 점수를 받도록 하는 것으로 이번이 2번째 모의시험이다 이에 따라 앞으로의 시험 점수가 주목된다 한편 NHK는 도로봇군의 이러한 모의고사 점수 결과에 수험생들이 굉장히 놀랐다 너무 부럽다 고생하며 열심히 하는데 분하다 등의 반응을 보였다며 전했다 ,0
인간처럼 생각하는 인공지능 유진 튜링 테스트 첫 통과, 스타워즈 등 공상과학 영화 속에서 등장했던 인간처럼 생각하는 인공지능 을 마침내 현실에서도 볼 수 있게 됐다 영국 레딩대학교는 8일 를 통과한 첫 사례가 나왔다고 발표했다 튜링 테스트 란 생각하는 인공지능을 판별하는 과학계의 시험기준으로 영국의 전산학자 앨런 튜링이 1950년 철학 학술지에 논문을 게재하면서부터 개념화됐다 컴퓨터와 대화를 나누는 사람이 상대를 컴퓨터인지 인간인지 구분할 수 없다면 그 기계가 생각하는 능력이 있다고 판단한다 레딩대에 따르면 이를 통과한 첫번째 판정은 로봇기술 법제도 연구기관 로보로 가 개최한 튜링 테스트 2014 행사에서 나왔다 시험을 통과한 인공지능은 레딩대학교의 소프트웨어 연구진들이 러시아에서 개발한 유진 구스트만 이라는 슈퍼컴퓨터로 움직이는 유진 이라는 프로그램이다 유진 구스트만은 러시아서 태어나 미국에 거주하고 있는 블라디미르 베셀로프와 우크라이나 출신 유진 뎀첸코가 공동 개발했다 행사에서 유진은 우크라이나에 사는 13세 소년인 것처럼 대화를 나눴다 5분 길이의 텍스트 대화에서 심사위원중 33 이상에게 진짜 인간 이라는 확신을 준 것이다 블라디미르 베셀로프는 유진은 철저하게 사람을 모방할 수 있는 유일한 존재 라면서 유진이 더욱 똑똑해질 수 있도록 개선 작업을 계속할 계획 이라고 밝혔다 레딩대학교 케빈 워릭 교수는 인공 지능분야에서 튜링 테스트보다 더 기념비적인 것은 없다 면서 이번 최초 컴퓨터 튜링 테스트 통과는 과학사에서 가장 흥분되는 일 중 하나로 기록될 것 이라고 밝혔다 행사는 튜링 테스트 를 만든 영국의 전산학자 앨런 튜링의 별세 60주년을 기념하기 위해 지난 7일 개최됐다 ,0
 인공지능 로봇 도로보쿤 도쿄대 응시 도쿄대 붙고 말거야 , 일본 도쿄대학 입시 모의시험에 응시한 인공지능 로봇이 화제다 3일 아사히신문은 일본의 인공지능 로봇인 도로보쿤 이 최근 전국 대학입시 모의시험에 응시했다고 전했다 아사히신문은 이 로봇이 도쿄대에 합격할 정도는 아니지만 전국 581개 사립대 중 80 정도인 472개 대학에 합격할 수 있는 성적을 얻었다고 밝혔다 도로보쿤 은 일본의 국립정보학연구소 등이 지난 2011년 인공지능개발 프로젝트 의 하나로 개발한 로봇이다 도로보쿤 지난 해에 이어 2년 째 모의시험에 응시했다 올해 도로보쿤 은 영어 국어 수학2과목 세계사 일본사 물리 등 7과목에서 900점 만점에 386점의 성적을 얻었다 지난해 성적은 365점이었다 아사히신문은 이 로봇의 최종 목표는 도쿄대 입시에 합격하는 것 이라고 전했다 그러나 도로보쿤 의 도쿄대 응시가 성공하기까지는 할 일이 많이 남아있다 도로보쿤 은 물체의 운동에 대해 물체를 크기가 아니라 단순한 점으로 취급하는 등의 문제를 갖고 있기 때문이다 도로보쿤 은 또한 교과서에서 가르치지 않는 상식이나 사회정의 같은 어휘의 의미를 아직 제대로 파악하지 못하고 있다 연구팀은 앞으로 도로보쿤 의 인공지능 능력을 계속 늘려 도쿄대에 합격할 수 있게 할 계획이라고 전했다 온라인 중앙일보 로봇 도쿄대 응시 ,0
 로제타 2관왕 사이언스 올해 과학성과 첫 손 꼽아 , 유럽우주국 가운데 첫 손에 꼽은 데 이어 두 번 째 영광을 안았다 로제타는 지난달 67P 혜성에 인류 역사상 처음으로 탐사로봇 필레를 착륙시키는 데 성공했다 2004년 발사된 지 10년 만이다 비행거리는 약 64억 로 지구 태양 거리의 42배가 넘었다 비록 필레가 태양전지 충전이 불가능한 곳에 내려 착륙 직후 동면 에 들어가긴 했지만 사이언스는 두 탐사선이 그간 보낸 준 데이터만으로도 혜성의 생성과 진화 연구에 새 빛이 됐다 고 평가했다 나머지 9개 과학성과는 무순 개발 인공DNA 복제 성공이 꼽혔다 ,0
 로봇과의 섹스가 지극히 정상적인 시대 온다 , 처음에는 인공 질 가 인간적 측면을 다룰 것이다 내구성 있는 고탄력 실리콘 소재의 사실적으로 보이는 실물 크기 인형 시장이 이미 존재한다 여자 인형들에 고정형 또는 탈착형 질이 달려 있으며 5000 8000달러를 호가한다 하지만 아무런 역할도 하지 않는다 반응이 없다 시간이 지나면 동반자와 연인으로 로봇을 사들이는 게 지극히 정상적인 일로 여겨질 것이라고 레비는 내다본다 섹스 로봇과의 사랑이 사회에 큰 기여를 하리라고 본다 고 그가 말했다 이런 저런 이유로 원만한 인간관계를 형성할 수 없는 사람이 세상에 아주 많다 그는 언제 이런 일이 실현되리라고 생각할까 금세기 중반쯤이 아닐까 생각한다 동반자 연인 또는 잠재적인 배우자로서 많은 사람에게 어필할 만한 로봇을 뜻하는 것이라면 말이다 배우자 그렇다 스코틀랜드를 대표하는 체스 명인이었던 레비는 세인트 앤드류스대 그리고 훗날 글래스고대 컴퓨터 과학 대학원 재학 중 컴퓨팅에 관심을 갖게 됐다 글래스고대에선 학생들에게 프로그램을 가르쳤다 이 기간 중 체스 프로그래밍을 연구하기 시작했다 이는 궁극적으로 인간 컴퓨터 대화에 대한 관심으로 이어졌다 그와 척이 개발한 아이프렌드 에는 고급 모듈이 장착된다 소프트웨어에 감정 인격 기분을 부여하는 능력을 지닌다 요구되는 어떤 캐릭터에든 소프트웨어를 맞추려는 목표다 예컨대 계속적이고 다양한 음담에 응할 수 있는 남친 또는 여친이다 아이프렌드는 인공지능 기반의 다양한 대화형 소프트웨어 반려자다 비공식 명칭은 더 많이 한다 등의 이 모든 기술들을 포함해서 말이다 사진 설명1 스웨덴제 최신형 실리콘 소재 섹스 인형 인공지능 기반의 인간적 속성과 합성소재 피부를 갖춰 실제 여성과 아주 비슷해 보인다 2 고품질의 실리콘과 움직이는 관절 덕분에 실물 크기 시뮬레이션 인형의 외형과 느낌이 실제 사람과 갈수록 비슷해진다 그리고 머지 않아 대화도 나눌 수 있게 된다 글 JACOB JAMES 번역 차진우 ,0
 김택진 PC로만 하는 게임은 안 만든다 , 김택진 엔씨소프트 대표는 18일 개발 중인 게임 리니지 이터널 의 시연 영상을 소개했다 오른쪽은 이 게임의 포스터를 합성한 것 엔씨소프트 창업자인 김택진 를 매입해 관계를 맺었다 당시 넥슨은 엔씨소프트에 8000억원 이상을 투자했지만 최근 엔씨소프트 주가가 크게 떨어지면서 넥슨은 3800억원 이상의 평가손실을 봤다 ,0
 로제타 책임자 아코마조 여성 첫 필즈상 미르자카니 , 왼쪽부터 미르자카니 아코마조 우마르 칸 프레이츠 지난달 초 67P 추류모프 게라시멘코 혜성에 탐사로봇 필레 를 착륙시킨 유럽우주국 일본이화학연구소 박사 살아 있는 세포 조직의 구조를 규명하는 기술을 개발한 쇼어스 슈레스 영국 케임브리지대 교수를 올해의 인물 로 꼽았다 ,0
 치밀한 계산과 판단력 수학과 바둑은 일맥상통 , 요즘 인터넷 만화인 웹툰을 극화한 미생 이란 드라마가 많은 시청자의 사랑을 받고 있다 미생 알고리즘과 이를 뒷받침하는 치밀한 수학적 계산일 것이다 에서는 원래의 사각형과 겹치면서 새로 생겨난 사각형을 합하면 된다 김대수 교수 한신대 컴퓨터공학부 ,0
 집중하지 않기 가 대학 강좌라고 , 시인이기도 한 골드스미스 교수가 2011년 5월 백악관에서 열린 미국 시 찬양 행사에서 시를 낭독하고 있다 펜실베이니아대 교수이자 시인인 케네스 골드스미스는 지난 10월 말 트위터를 통해 새로운 강좌를 준비했다고 발표했다 인터넷에서 시간 낭비하기 라는 독특한 제목의 강좌다 강좌 설명에는 이렇게 소개돼 있다 학생들은 3시간 동안 컴퓨터 화면을 뚫어지게 바라봐야 한다 채팅방과 봇 에 속하는 펜실베이니아대에서 등록금을 수만 달러씩 내가며 인터넷에서 시간 낭비하기 라는 강좌를 듣는다니 농담처럼 들리는 말이다 하지만 골드스미스는 그렇지 않다고 말한다 인터넷이 사람들을 멍청하게 만든다고 떠들어대는 기사들에 싫증이 났다 고 골드스미스는 말했다 시인이기도 한 그는 독립 라디오 방송국 WFMU의 진행자이며 아방가르드 예술 관련 자료 보존을 목적으로 한 우부웹의 창설 편집인이다 난 인터넷이 사람들을 더 똑똑하게 만든다고 생각한다 하지만 그 과정은 우리가 인식하지 못하는 좀 특별한 방식으로 이뤄지는 것 같다 사람들은 우리가 이제 더는 책을 읽지도 글을 쓰지도 않는다고 말한다 그러나 사실 요즘 우리는 과거 어느 때보다 더 많이 읽고 많이 쓴다 다만 그 가치를 인정하지 않을 뿐이다 골드스미스는 인터넷이 지금까지 쓰여진 시 중 가장 위대한 작품 이며 예술과 문학의 측면에서 재구성돼야 한다는 자신의 가설을 시험하기 위해 이 강좌를 만들었다고 말한다 교수요목에는 여권운동가 베티 프리던 문화학자 레이먼드 윌리엄스 작곡가 존 케이지 개념미술가 메리 켈리의 작품 등 20세기의 주요 이론 다수와 비전통적인 학술자료가 포함된다 이 강좌에서는 멀티태스킹과 집중하지 않기를 장려한다 강의 전반의 분위기가 웹서핑을 하고 있는 누군가와 전화 통화를 하는 것과 같은 상황이 되기를 바란다 골드스미스가 말했다 깨어 있는 것과 잠든 것 사이의 중간쯤에 존재했던 초현실주의자들의 세계를 연상케 하는 상황이다 새로운 디지털 환경은 새로운 잠재의식의 세계다 집중하지 않기가 교수요목에 들어 있다 골드스미스가 이 강의를 하는 건 이번이 처음이다 하지만 지금까지 그는 인터넷의 파편을 특이한 프로젝트로 전환시키는 작업을 많이 해 왔다 인터넷 전체의 인쇄를 시도했던 2013년의 개념미술 작품이 한 예다 온라인에는 이 강좌를 조롱하는 글이 떠돌기도 하지만 골드스미스는 이 강좌가 펜실베이니아대와 문예창작학과의 전적인 지지를 받고 있다고 말했다 펜실베이니아대가 이 강좌를 지지하며 적극적으로 홍보하고 있다 고 골드스미스가 말했다 난 펜실베이니아대에서 지난 10년 동안 비창조적인 글 쓰기 라는 제목의 강의를 해 왔다 이 강의에서는 학생들에게 표절하는 법을 가르친다 학생들은 그들이 쓴 글에서 독창성이나 창조성이 조금이라도 엿보일 경우 처벌을 받는다 우리는 비전통적인 방식을 따른다 난 그것이 교양 과목 교육의 특징이라고 생각한다 글 ZACH SCHONFELD 번역 정경희 ,0
 로봇 도쿄대 응시 후 높은 성적 받아 대학 골라갈 수 있어 , 일본 도쿄대학 입시 모의시험에 응시한 인공지능 로봇이 화제다 3일 아사히신문은 일본의 인공지능 로봇인 도로보쿤 이 최근 전국 대학입시 모의시험에 응시했다고 전했다 아사히신문은 이 로봇이 도쿄대에 합격할 정도는 아니지만 전국 581개 사립대 중 80 정도인 472개 대학에 합격할 수 있는 성적을 얻었다고 전했다 도로보쿤 은 일본의 국립정보학연구소 등이 지난 2011년 인공지능개발 프로젝트 의 하나로 개발한 로봇이다 도로보쿤 지난 해에 이어 2년 째 모의시험에 응시했다 올해 도로보쿤 은 영어 국어 수학2과목 세계사 일본사 물리 등 7과목에서 900점 만점에 386점의 성적을 얻었다 지난해 이 로봇이 받은 성적은 365점 아사히신문은 이 로봇의 최종 목표는 도쿄대 입시에 합격하는 것 이라고 전했다 그러나 도로보쿤 의 도쿄대 응시가 성공하기까지는 할 일이 많이 남아있다 도로보쿤 은 물체의 운동에 대해 물체를 크기가 아니라 단순한 점으로 취급하는 등의 문제를 갖고 있기 때문이다 도로보쿤 은 또한 교과서에서 가르치지 않는 상식이나 사회정의 같은 어휘의 의미를 아직 제대로 파악하지 못하고 있다 연구팀은 앞으로 도로보쿤 의 인공지능 능력을 계속 늘려 도쿄대에 합격할 수 있게 할 계획이라고 전했다 온라인 중앙일보 로봇 도쿄대 응시 ,0
 로봇 도쿄대 입시 응시 받은 점수는 , 일본 로봇이 도쿄대 입시 에 응시해 화제다 도쿄대 합격을 노리고 있는 일본의 인공지능 로봇 도로보쿤 이 최근 응시한 전국 대학입시 모의시험에서 도쿄대 합격선에는 미지지 않지만 전국 581개 사립대 가운데 80 에 해당하는 472개 대학에는 합격할 수 있는 성적을 받았다고 3일 아사히신문이 보도했다 도로보쿤 은 일본의 국립정보학연구소 등이 인공지능개발 프로젝트 의 하나로 2011년 개발한 로봇이다 이 로봇의 최종 목표는 도쿄대 입시에서 합격하는 것이라고 아사히신문은 전했다 도로보쿤은 지난해에 이어 2년째 모의시험에 응시했다 영어 국어 수학2과목 세계사 일본사 물리 등 7과목의 합계 점수는 900점 만점에 386점으로 지난해의 365점에 비해 21점 상승했다 그러나 아직 도쿄대 합격까지는 먼 길이 남아있는 것으로 분석됐다 물체의 운동과 관련된 물리시험에서 물체를 크기가 아니라 단순한 점으로 취급하는 등 아직도 많은 문제를 안고 있기 때문이다 교과서에서 가르치지 않는 상식이나 사회정의 같은 어휘의 의미를 제대로 파악하지 못하고 있는 것으로 나타나기도 했다 연구팀은 앞으로도 도로보쿤의 인공지능 능력을 계속 키워 도쿄대에 합격할 수 있는 로봇을 만들어 나갈 예정이다 온라인 중앙일보 ,0
 일본 로봇 도로보쿤 도쿄대 응시 472개 대학 합격할 수 있는 , 일본 로봇 도쿄대 응시 ,0
 어렸을 적 즐긴 게임 되살려볼까 생각 하나로 MXM 만들게 됐죠 , MXM은 도입부부터 심상치 않은 분위기였다 먼저 튜토리얼로 연습을 하고 나만의 캐릭터를 정해 적과 싸우기 시작했다 스토리는 인간이 지배하던 세상에서 힘이 세져 인간을 물리친 몬스터들이 세상을 지배하게 되었고 인간은 다시 원상태로 복귀하기 위해 몬스터들과 싸운다는 내용이다 조작법은 다소 어려웠지만 내가 지금까지 했던 게임 중 가장 재미있는 게임이었다 그리고 입체적이고 건전해서 좋았다 ,0
 도로보쿤은 왜 서울대에 도전하게 됐나 , 2011년 일본 국립정보학연구소는 인공지능 는 실패했다 그간 세간의 반응은 호기심에서 열광으로 그리고 탄식과 실망으로 싸늘함에서 무관심으로 변해왔다 문제는 경험 이었다 소프트뱅크 페퍼 등 휴머노이드가 성공을 거두면서 연구소엔 많은 돈이 몰렸다 세계 곳곳에서 최고의 재원이 앞다퉈 지원했다 이 과정에서 연구소는 지능의 성장엔 시간이 걸리며 어린애의 뇌에 어른의 지식을 이식한다고 해서 곧바로 실전에서 쓰여질 수 없다 는 사실에 눈감았다 과학자가 아닌 정치인의 결정을 한 것이다 도로보쿤은 정의 종교와 같은 철학 개념에 어려움을 겪었다 두 개의 언어 사이에서도 종종 길을 잃었다 이런 식이었다 For me standing up to a bully was an important turning point in my life 나를 위해 깡패까지 서 있는 것은 내 인생에서 중요한 전환점이었다 원 의미는 나에게 있어 괴롭힘에 맞서는 것은 인생의 중요한 전환점이었다 의회는 연구소 예산을 삭감했고 기업 스폰서십은 사라졌다 프로젝트는 사실상 폐기됐다 이때 한국의 어느 IT기업이 색다른 제안을 해왔다 도로보쿤 이름을 로봇 서울군 으로 바꾼 뒤 서울대에 도전하자는 내용이었다 제안을 검토한 연구소는 비공식적으로 AI 프로젝트를 이어가기로 비밀리에 결정했다 기업이 보낸 메시지는 이랬다 AI 재건 외엔 아무것도 생각하지 마십시오 AI가 영어에 어려움을 겪고 있군요 언어 습득엔 시간이 걸리죠 한국은 사교육 방지를 위해 수능의 70 이상을 EBS 교재에서 반영하죠 EBS 한국 번역 지문 을 펴놓고 공부하는 건 이상한 일이 아닙니다 이보다 합리적인 선택이 있겠습니까 여기선 종교 윤리 문제에도 기민하게 대응하죠 법이란 단어가 안 나와도 규정 처벌과 관련된 문구만 나오면 곧바로 법가 를 찍으면 된다는 테크닉을 가르쳐주죠 교과서는 세상의 지식과 달리 업데이트가 빠르지 않아요 수능 세계지리 문제에 오류가 있어 학생들이 혼란을 겪었죠 교과서와 EBS만 집중한다면 AI에게 훨씬 유리한 환경이죠 여기선 수능만으로도 많은 인원을 선발하고 있습니다 만약 로봇이 대중적 인기를 얻는다면 대학들은 로봇만을 위한 특별전형을 만들 겁니다 여긴 워낙 자주 바뀌기 때문에 충분히 가능한 얘기죠 ,0
 콕콕 짚어 술술 푸는 인터스텔라 , 크리스토퍼 놀런 감독의 신작 인터스텔라 이때 우주선의 무게를 줄여야 튕겨나가는 속도가 더 세지기 때문에 인공지능 컴퓨터 타스와 쿠퍼 자신은 연료를 소진한 정찰기와 함께 우주선에서 떨어져 나와 블랙홀로 뛰어든다 아멜리아를 위해 자신을 희생한 것이다 그리하여 쿠퍼는 블랙홀의 5차원 공간으로 떨어진다 알 수 없는 공간으로 계속 추락하던 쿠퍼는 이윽고 사방이 책장 모양으로 된 3차원의 공간 한가운데 떠 있게 된다 그는 곧 그곳에 딸 머피가 지내는 삶의 온갖 순간이 저장돼 있다는 것을 깨닫는다 그 순간은 머피가 머무는 방의 형태로 전시돼 있는데 방과 방이 사방팔방으로 끝없이 이어져 있고 쿠퍼는 어릴 적 머피의 방 한쪽 벽면을 채웠던 책장 너머로 딸의 모습을 엿볼 수 있다 이 공간에 대해 영화는 누군가 블랙홀의 5차원 공간 안에 3차원 공간을 만들었다 고 설명한다 쿠퍼가 블랙홀에서 겪는 극적인 사건을 관객에게 3차원의 영상으로 전하기 위한 설정이다 이는 아르헨티나의 대문호 호르헤 루이스 보르헤스가 1941년 발표한 단편 소설 바벨의 도서관 을 떠오르게 한다 보르헤스는 여기서 책장으로 채워진 육각형 모양의 방이 무한히 연결된 도서관을 상상하며 거기에는 모든 정보와 모든 사람의 일생 세계 각국의 모든 책이 다 들어있다고 설명했다 이 공간에서 쿠퍼는 가장 먼저 자신이 딸의 곁을 떠나 우주로 왔던 과거를 되돌리려 애쓰지만 결국 과거를 바꾸지는 못한다 이는 쿠퍼 자신이 딸 머피에게 했던 말과 연관이 있다 머피의 법칙 이라는 별명 때문에 괴로워하는 딸에게 쿠퍼는 이렇게 말했다 머피의 법칙이라는 건 나쁜 뜻이 아니야 일어날 일은 일어난다는 거야 결국 쿠퍼는 블랙홀 안의 도서관 에서 타스가 분석한 블랙홀의 양자 정보를 5차원의 신비한 힘을 빌려 머피의 손목시계 초침에 모스 부호로 전환해 전달한다 이로써 머피는 브랜드 교수가 완성한 중력 방정식에 양자 정보를 입력해 수많은 사람들을 우주 멀리 이동시킬 수 있는 방법을 발견하고 유레카 를 외친다 이 모든 것이 인류의 역사에서 반드시 일어날 일 이었다고 이 영화는 암시한다 Q 쿠퍼가 노년의 딸을 만나는 곳은 어디인가 블랙홀을 빠져나와 우주를 떠돌던 쿠퍼는 우주복의 산소가 떨어지기 직전 구출된다 쿠퍼가 블랙홀에서 어떻게 무사히 빠져나왔는지에 대해 인터스텔라 는 자세히 설명하지 않는다 블랙홀이라는 미지의 공간이 발휘한 신비쯤으로 해석할 수 있다 이에 쿠퍼가 눈을 뜬 곳은 토성 근처에 자리한 쿠퍼 정거장 의 어느 병원 머피가 중력 방정식에 블랙홀의 양자 정보를 대입한 덕분에 많은 사람들을 이 정거장으로 이동시킨 것이다 이 정거장은 인공 지구 정도로 해석할 수 있다 여기서 중요한 건 이 정거장이 토성 근처에 있다는 사실이다 웜홀 역시 토성 근처에 있다는 것이 이 영화의 설정이다 영화는 더 이상 자세한 이야기를 풀어놓지 않지만 정거장에 있는 사람들이 웜홀을 통해 새로운 행성으로 건너갈 준비가 됐다는 뜻으로 해석할 수 있다 전 인류가 이주할 새 행성을 확보했는지 그것이 아멜리아가 도착한 에드먼즈 행성인지 그 해석은 관객의 몫으로 남는다 이 정거장에서 쿠퍼는 드디어 딸 머피와 만난다 중력이 강한 블랙홀 주위의 행성을 탐험하고 돌아온 쿠퍼는 여전히 중년의 모습이지만 지구에서 오랜 시간을 보낸 머피는 백발 노인이 됐다 영화의 마지막 쿠퍼는 머피의 권유에 따라 에드먼즈 행성에 홀로 있는 아멜리아의 곁으로 가기 위해 이 정거장을 떠난다 쿠퍼의 탐험은 이번에도 성공할까 과연 아멜리아는 그 행성에서 어떻게 살아가고 있을까 인터스텔라 의 질문은 영화가 끝난 뒤에도 계속된다 장성란 매거진M ,0
 로스앤젤레스 캘리포니아대 데니스 홍 교수 , 올해는 여러 사건 사고로 분위기가 뒤숭숭한 한 해였다 그 여파로 창조경제 진입에 차질이 빚어지고 있다 창조경제의 엔진이 될 수 있는 핵심 분야 중 하나는 로봇공학이다 치열한 창의성 경쟁이 벌어지는 분야다 데니스 홍 으로는 로봇 청소기 이야기를 많이 한다 하지만 로봇 청소기는 특이한 케이스다 쓸모와 기술과 가격이 맞아떨어졌다 학계 산업계에서 로봇 청소기 같은 아이템을 찾고 있는데 아직은 못 찾았다 지금 수행 중인 프로젝트는 저는 프로젝트를 동시다발적으로 한다 과거에 무인 자동차 암벽 등반 아메바 로봇 등과 관련된 프로젝트를 했는데 요즘에는 재난구조 화재진압용 로봇과 관련된 연구를 한다 지뢰제거용 로봇에 대한 프로젝트도 하고 있다 지뢰를 찾아 없애는 탁자 크기의 거미처럼 생긴 로봇이다 연구할 때 최대의 난제는 지혜롭고 용기 있고 윤리적으로 자랑스럽게 살고 싶다 하고 싶은 게 아주 많다 그래서 하루가 24시간이라는 게 최대 난제다 집과 연구소만 왔다 갔다 한다 미국에 있을 때는 외부 활동을 안 한다 미국에서 한국 올 때에는 비행기 안에서 일하면서 온다 시간을 뺏는 것도 있는지 청소년 학생이 부탁하는 것은 거절하지 않는다 우리 식구를 위해서는 시간을 아낌없이 쓴다 특히 아들과 노는 것은 일보다 중요하다 하루 일과는 대학원 다닐 때부터 생긴 습관인데 저녁 5 6시에 퇴근해 요리 재료를 산다 직접 요리해 식사를 하고 9 10시에 식구들이 잠들면 다시 연구실로 돌아간다 새벽 4시까지 일하고 4시부터 취침해 8시에 일어난다 저절로 눈이 감기고 떠진다 점심을 먹고 낮잠을 15분 정도 잔다 낮잠을 안 자면 오후에 완전히 폐인 이 된다 그렇다면 미루는 버릇은 전혀 없겠다 e메일이 너무 많이 와서 3000개 정도가 쌓여 있다 다른 일은 효율적으로 처리해 밀린 일이 없다 대학원생 18명에게 일을 적당히 잘 배분하기 때문이다 편집 구매 투어 안내 같은 일들을 나눠준다 취업 인터뷰 때 5년 후의 나의 모습 에 대해 묻는 경우가 있다 안 그래도 UCLA로 옮길 때 인터뷰에서 그 질문을 받았다 당장 다음주도 어떻게 될지 모르기에 알 수 없습니다 라고 솔직하게 대답했다 언론 인터뷰에서도 비전에 대해 말해 달라 는 질문을 받지만 나도 모른다 멋있게 할 말이 별로 없다 그저 단순하고 순수하게 하고 싶은 그리고 가치 있는 일을 그때그때 몰입해서 할 뿐이다 로봇공학의 다빈치 라는 별명이 있는데 다빈치는 미완성으로 남긴 것도 많다 학계에서 연구하는 사람이니까 3 4년 연구비 기한에 맞춰 프로젝트를 끝낼 때마다 아웃풋은 항상 있다 우와 하는 게 있고 실패한 것도 있고 그저 그런 것도 있고 아쉬운 것도 있다 미국 교수들은 특히 유명해지면 대학을 옮기는데 MIT나 스탠퍼드에서 오라고 하면 갈 것인가 UCLA를 세계 최고의 로봇학 대학으로 만들기 위해 왔다 다른 데 갈 필요가 없을 것이다 창조경제에 대해서도 아이디어가 있는지 창조경제가 뭔지 아직 감이 안 온다는 분이 많다 한쪽에서 어렵다고 그러니까 덩달아 어렵다고 하는 것은 아닌지 제가 이해하는 게 맞다면 창조경제는 쉬운 것이다 아니면 제가 잘못 이해하고 있거나 창조경제 구현이 어렵지 않다고 본다 단순하게 생각하면 새로운 아이디어로 사업을 생각하는 게 창조경제 아닌가 로봇이 창조경제에 중요한 이유는 로봇이 자석과 같기 때문이다 로봇은 비행기 자동차에도 자석처럼 붙일 수 있다 장난감에 붙이면 로봇 장난감 청소기에 붙이면 로봇 청소기가 된다 우리나라에서 정치인이나 장관이 돼도 잘 할 듯 는 노래였다 에게 전이될 정도였다 아이디어 구상은 어떻게 하는가 라고 물었더니 홍 교수는 이렇게 대답했다 제 창의성에 대해서는 나름 자부한다 제가 좀 어린이 같아서 호기심이 많다 아이디어를 짜내는 수고는 별로 하지 않는다 어제도 와인 마시다가 촛불에 촛농이 떨어지는 것을 보고 윤활유 아이디어가 생각났다 케이블카 같은 것을 보고도 뭔가 생각난다 아이디어가 나올 때마다 노트에 스케치를 해서 적어놓는다 적을 적에는 무엇에 쓸 것인지에 대한 생각은 없다 뭔가 신기한 생각이 나면 일단 적는다 새로운 프로젝트에 대한 연구제안서를 쓸 일이 생기면 아이디어 노트를 살펴본다 아이디어 자체로는 아무런 의미가 없던 것들이 솔루션이 된다 ,0
 마크 저커버그 페이스북 CEO 중국어 실력 뽐내 , 마크 저커버그 페이스북 최고경영자 자신의 페이스북 계정에 영상을 올리며 내 생에 처음으로 공식석상에서 중국어로 대화를 나눴다 고 소개했다 이날 중국 베이징 칭화대에 방문한 저커버그는 30여분 간 학생들과 중국어로 질의응답을 했다 저커버그는 이날 영어를 전혀 하지 못하는 아내의 할머니와 대화하기 위해 중국어를 배웠다 고 말하기도 했다 저커버그는 지난 2012년 5월 하버드대학 시절 만난 중국계 미국인 프리실라 챈과 결혼했다 이날 저커버그는 전세계를 하나로 연결해주는 인터넷과 기업 혁신 페이스북이라는 기업의 태동부터 성장까지의 역사 등에 대해 의견을 나눈 것으로 전해진다 저커버그는 특히 10년 뒤에는 컴퓨터가 사람보다 더 능숙하게 읽고 듣고 말하게 될 것 이라며 우리는 인공지능을 개발하고 싶다 고 강조했다 또한 페이스북이 인공지능 개발을 준비하고 있다고 덧붙였다 ,0
 Special Knowledge 꿈을 현실로 만드는 곳 DARPA , 미국의 할리우드를 꿈의 공장 이라고 하죠 할리우드 영화 속 상상의 세계는 꿈으로만 그치지 않고 현실이 되기도 합니다 이곳을 거치면 말이죠 바로 방위고등연구계획국 연구팀은 가시광선 영역인 480 700 의 파장에서 작동하는 투명망토를 만들었다 이와 같이 DARPA가 기술적 혁신을 쏟아내는 걸 보고 외계인을 잡아 고문해 연구를 시키는 곳이 DARPA 라고 농담하는 사람들도 있다 하지만 안토니 테터 전 DARPA 국장은 성공 비결을 이렇게 풀었다 작고 유연한 조직 원활한 의사 소통을 위해 프로젝트 매니저와 연구 개발자 등 2단계의 상하구조를 유지한다 실력만 있으면 공무원 임용자격에 미달하는 사람도 프로젝트 매니저로 뽑을 수 있다 연구와 상관없는 행정 지원인력은 국방부나 군에서 끌어다 쓴다 이러면 관료 조직이 비대해지는 걸 막을 수 있다 프로젝트 매니저는 4 6년 동안 자리를 지킬 수 있게 한다 개별 과제는 3 5년만 진행한다 그 이상 길어지면 뒤처진 기술을 개발하는 프로젝트가 될 수 있기 때문이다 또 실장급 간부들은 순환보직을 원칙으로 한다 머리가 굳지 않도록 한 조치다 실패해도 괜찮다 DARPA는 점진보다는 혁신을 요구한다 그래서 무모한 과제라도 투자한다 실패한 연구도 용납한다 50년이 넘는 역사 속에서 수많은 천재가 DARPA를 거쳐 갔다 로버트 윌리엄 테일러는 DARPA에서 인터넷 개발 연구를 수행했다 제록스 연구소로 옮긴 뒤 세계 최초 그래픽 사용자 인터페이스 를 만들었다 애플의 스티브 잡스가 1979년 이 컴퓨터를 보고 충격을 받아 비슷한 제품 생산을 지시한 건 유명한 일화다 구글은 DARPA 출신들을 선호한다 빈트 그레이 서프 부사장과 레지나 듀건 기술부문 부사장은 DARPA 근무 경력이 있다 DARPA를 나온 노먼 휘태커는 최근 마이크로소프트에서 혁신적 신기술을 개발하는 조직을 맡게 됐다 ,0
 사랑 없는 창조는 또 하나의 원죄 , 또 프랑켄슈타인 이다 올 초 동명의 할리우드 영화가 개봉하고 대형 창작뮤지컬로도 제작돼 인기를 끌더니 이번엔 연극이다 영국 드라마 셜록 의 베네딕트 컴버배치가 주연해 관객과 평단의 뜨거운 호응을 얻었던 영국 국립극장의 2011년 초연작으로 일찌감치 한국판 제작 소식이 전해져 국내 팬들의 기대가 높았다 연극 프랑켄슈타인 11월 9일까지 예술의전당 CJ토월극장 1818년 출간된 메리 셸리의 소설 프랑켄슈타인 은 과학기술이 야기하는 사회윤리적 문제를 다룬 최초의 소설로 200여 년간 영화 애니메이션 등 다양한 매체로 재해석되며 세계인의 꾸준한 사랑을 받아왔다 세월이 흘러 빛이 바래기는커녕 신의 영역에 도전하는 생명공학이 첨단으로 치닫는 오늘이기에 더욱 빛을 발하는 명품 고전이다 200년 동안 수없이 재창작되어온 프랑켄슈타인 이 새삼 연극 무대에서 보여주는 매력은 뭘까 사실 연극 특유의 긴밀한 속삭임을 느낄 수 있는 무대는 아니다 뮤지컬 분야에서 주로 활약해온 연출가 조광화와 무대 디자이너 정승호가 뭉쳐 통상 연극 수준을 껑충 뛰어넘는 스펙터클로 관객을 유혹한다 1000석 규모의 극장 리프트와 이동세트를 활용한 창의적인 장면전환 모든 소품과 구조물을 투명한 비닐로 감싼 독특한 무대미술이 돋보인다 노래만 더해진다면 그대로 화려한 한 편의 뮤지컬이 될 법하다 이 무대만의 차별점은 피조물의 시각에서 인간 세상을 바라보는 해석 자체에 있다 제목만 프랑켄슈타인 일 뿐 주인공은 피조물 이 되는 이제껏 한 번도 시도되지 않았던 프레임이다 원작에서 빅터 프랑켄슈타인 박사가 생명체 창조 실험에 이르게 된 장황한 배경은 과감히 생략되고 피조물 탄생 장면에서 극이 시작된다 피조물 역은 최근 더 코러스 오이디푸스 맥베스 등에서 선 굵은 연기를 보여준 배우 박해수의 몫 갓난아이처럼 순수한 존재로 창조돼 걸음마부터 터득해가는 과정을 세심하게 그려낸다 흉측한 외모 탓에 창조주 에게 버림받은 피조물은 숲 속에 사는 눈 먼 노인 드 라쎄를 만나 인간으로 진화해 간다 피조물이 순수한 상태에서 최초로 습득한 단어는 낙원 그러나 플루타크 영웅전을 읽으며 음모 술수 복수를 배우고 급기야 밀턴의 실락원 의 한 대목을 스스로 읊조리는 대목은 의미심장하다 선악과를 따먹고 낙원을 잃어버린 인간에 성큼 가까워졌음에도 결코 인간에게 다가갈 수 없는 그는 생명창조의 비밀이 담긴 빅터의 비밀노트를 발견하고 행동에 나선다 친구를 줘 그게 다야 외로움에 사무쳐 사랑 이라는 말만 들어도 격하게 반응하는 피조물 이 바라는 건 의외로 소박하다 동반자를 얻어 사회구성원이 되는 것 창조주 인간에게 구하는 건 오직 사랑 일 뿐인데 인간에겐 베풀 사랑이 없다 빅터에겐 존재에 대한 호기심과 누구보다 먼저 완벽한 인간을 만들고 싶다는 과학자의 욕심이 전부다 사랑이 통제 불가능한 미친 짓 이라 말하는 그가 하물며 피조물 에게 사랑을 허용할 리 없다 여기까지가 원작 소설의 시점을 뒤집은 영국 국립극장 버전이라면 거기서 한발 더 나간 것이 한국판만의 결말이다 창조의 비밀을 터득한 피조물이 자살한 빅터와 지금껏 자신이 죽인 희생자들을 살려내고 되살아난 빅터와 인간들은 피조물에 종속된 신세가 되는 아이러니로 막을 내린다 왜 인간만이 창조할 수 있다고 생각하나 라는 섬찟한 경고와 함께 이 결말에서 인공지능 OS와의 사랑을 소재로 한 영화 그녀 가 떠올랐다 손편지를 대신 써주는 직업까지 등장할 만큼 인간관계가 메마르고 사랑이 상실된 시대 인간이 만들어낸 인공지능 시스템이 인간에게 요구하는 것은 얄궂게도 사랑 이다 그런데 인간의 외로움을 덜어주고 인간을 도와주는 역할을 넘어 스스로 진화한 끝에 또 다른 관계망을 무한히 확장시켜 나가는 것이 시스템의 사랑법이다 결국 시스템이 인간의 감정을 사로잡고 인간은 시스템에게 사랑을 애걸하게 된다 인공지능이 인간을 지배하는 주인공 이 돼버린 셈이다 인간이 만들었지만 인간을 지배하게 된다는 점에서 그녀 뿐 아니라 피조물 또한 지금 우리의 일상을 지배중인 첨단 디지털문명의 알레고리가 된다 생명창조 왜 그런 일을 했어 그냥 아일 낳으면 되잖아 낙원이라도 만들려고 빅터의 신부 엘리자베스의 물음은 마치 우리에게 이 디지털 세상이 과연 낙원 같으냐고 묻는 듯하다 면전에 친구를 두고도 기계만 쳐다보는 우리 진짜 친구를 사귀고 사람을 사랑하면 될 것을 왜 끊임없이 체온 없는 친구 를 창조해 내는 걸까 피조물 에게 주권을 뺏긴 세상은 결코 낙원이 아닐텐데 말이다 사진 예술의 전당 ,0
 현재의 질서는 무질서 향해 가는 우주 속 우연인가 , 스페인의 낭만주의 화가 프란시스코 고야의 거인 1814 1818년께 작품 먼 미래 어느 날 아스가르드 와 함께 초기 양자역학 발전에 절대적인 공헌을 한 독일의 베르너 하이젠베르크 Werner Heisenberg 1901 76 26세란 어린 나이에 그는 양자역학의 근본적 법칙인 불확정성 원리 가 0이 되는 상태까지 갈 수 있다는 말이다 아일랜드 태생의 영국 물리학자 윌리엄 톰프슨 William Thompson 1824 1907 은 우주의 이 같은 종말 상태를 열 죽음 의 거인 같이 말이다 김대식 독일 막스 플랑크 뇌과학연구소에서 박사학위를 땄다 미국 MIT와 일본 이화학연구소에서 박사후 과정을 거쳤다 이후 보스턴대 부교수를 지낸 뒤 2009년 말 KAIST 전기 및 전자과 정교수로 부임했다 뇌과학 인공지능 물리학뿐 아니라 르네상스 미술과 비잔틴 역사에도 관심이 많다 ,0
 재난은 찬란한 문명도 소멸시킨다 , 김명자전 환경부 장관KAIST 과학기술정책대학원 초빙교수 지난주 카이스트 의 매트릭스 모델을 창출하는 것에서 답을 찾고 있다 재난 대응 기술의 진보도 의식 캠페인 교육훈련과 연계되지 못하면 무용지물이다 결국 재난 대응은 재난 거버넌스의 구현에 의해 공공 민간의 역량과 의지가 시너지를 낼 수 있도록 프레임을 짜고 총괄 조정의 리더십을 갖추는 것이 열쇠라 할 것이다 김명자 전 환경부 장관 KAIST 과학기술정책대학원 초빙교수 ,0
 구글 숟가락 회사를 왜 샀소 , 건강검진일을 맞아 병원을 찾은 직장인 이미래 정부 3 0센터장은 지난 10여 년간 구글의 규모와 구조는 완전히 변했지만 벤처 초기의 열정과 도전정신은 그대로 라며 프라이버시 보호와 빅브라더 논란같은 부작용도 나오지만 구글의 도전 정신이 산업 간의 경계를 뛰어넘는 새로운 생태계를 만들었음을 부인하긴 힘들다 고 말했다 손해용 ,0
 중력만이 시공간 초월 웜홀 통해 광속보다 빠른 행성 여행 , 요즘 영화 인터스텔라 가 인기다 개봉 8일째인 지난 14일 관객 300만 명을 넘어섰다 영화는 가까운 미래 멸망의 위기를 맞은 인류가 생존을 위해 또 다른 행성으로 떠나려는 모습을 그린다 현대 물리학의 성과를 영화적 상상력으로 버무려 얘기를 풀어나간다 사랑은 시공간을 뛰어넘는다 는 영화의 메시지엔 모두 고개를 끄덕인다 그러나 현대 물리학이 생소한 대다수에겐 영화의 내용이 쉽게 다가오지 않는다 인터스텔라 를 한 번 더 보겠다는 사람들이 주변에 제법 있는 이유다 그래서 한국천문연구원의 박석재 박사와 권세연 박사의 도움을 받아 인터스텔라 사용 설명서 를 만들어 봤다 가급적 스포일러 은 워프 우주선에 대한 연구를 시작했다고 발표했다 ,0
 망자가 아바타로 영생불멸 , 인터넷으로 영생이 가능할까 배우 조니 뎁은 영화 트랜센던스 에서 컴퓨터 네트워크를 통한 영생을 시도한다 최근엔 한 웹사이트가 불사 아스페토스에 등록되는 프로필은 대중들에게 공개된다 그로 인해 슬픔을 나눈다 바우어는 한 지역에서 어린이가 죽으면 다른 지역에 사는 사람들이 글을 남긴다 며 사람들은 사회적인 경험을 원한다 고 말했다 아스페토스의 오스트리아 포털은 매달 방문 횟수 50만 건을 기록한다 99 가 지역 주민들이다 지난해엔 독일로 사업을 확장했다 비록 독일 웹사이트 방문 횟수는 10만 건에 불과하지만 매달 가상 초 판매와 기부로 벌어들인 수익은 이미 1만 3000달러를 넘어섰다 그럼에도 바우어는 자사 서비스가 가까운 시일 내에 실제 묘지를 대체하리라고 보진 않는다 그는 현실에서 사람들이 방문할 장소는 필요하다 며 인터넷은 단지 보조 수단일 뿐이다 이라고 말했다 비석은 당분간 사라지지 않을 듯하다 돌에 이름과 날짜를 새겨서 땅 위에 세우는 방법을 능가할 기술이 아직 없다 청동기시대부터 이집트 피라미드를 거쳐 계속되는 방식이다 현재 운영되는 묘지 중 세계에서 가장 오래 된 이라크의 와디알살람에는 1400년 동안 매장된 시체 60만 구가 모래색 도시 아래 잠들어 있다 온라인 아바타는 잊히기 싫어하는 대다수 사람의 마음을 보여주는 것 이라고 우어자케는 말했다 그는 디지털 내세를 정돈하는 소프트웨어는 인터넷 시대에 필수적인 제품 이라며 가장 큰 도전은 남은 데이터를 모두 앞뒤가 맞게 정리하는 일 이라고 했다 인간은 그런 기술로 근원적인 공포에서 벗어나길 바라지만 그런 구원이 쉽게 오진 않을 듯하다 기술은 의미까지 더하진 못한다 인간의 도움이 많이 필요하다 오늘날 인공지능 기술은 실제 인간에 비하면 원시적인 수준이다 올해 초 컴퓨터 인공지능이 인간과 유사한지 판별하는 튜링 테스트를 통과한 컴퓨터가 첫 등장하기도 했지만 고작 13세 소년 수준이었다 이터니닷미가 데이터를 읽어 들이는 데도 시간이 걸린다 이론적으로는 이 프로그램 이용자가 이터니닷미 아바타를 가르쳐서 자신을 모방하게 하는 데 30 40년이 걸린다 어쩌면 우리가 디지털 불사를 아직 이룩하지 못한다는 사실이 좋은 일인지도 모른다 인간은 아직 시대의 화두로 떠오른 소셜 네트워크에 적응하지 못했다 때로 기술은 사람들이 결과를 예측하기에 앞서 먼저 익숙해진다 거기서 문제가 발생한다 소프카는 말했다 이터니닷미가 계획 중인 아바타에 이용자가 집착하게 될 위험도 있다 대부분의 경우 온라인 추모비는 장례 절차를 더 간편하게 할 것 이라고 커밀 워트먼 듀크대 심리학과 교수는 말했다 그러나 누군가가 다른 방식을 배제하고 고인과 대화를 나누는 것에 초점을 맞추다 보면 애도를 마무리하지 못할 수도 있다 소프카는 사이버 공간은 애도에 기간 제한을 두지 않는다 고 지적했다 인터넷은 죽음을 정면으로 마주하기는커녕 외면하려는 우리의 강박을 더 심화할 가능성이 있다 기술은 불가피하게 과거를 현재와 더 가깝게 만드는 듯하다 우리의 야심찬 목표는 모든 세대 사람들로 이뤄진 도서관을 만들어 인간성에 대한 지식을 영원히 보존하는 것 이라고 우어자케는 말했다 큰 꿈이지만 50년에서 100년 새 흔한 일이 되리라고 본다 사진 1 소셜미디어는 인간의 삶뿐 아니라 죽음도 바꿔놓았다 글 번역 이기준사진 중앙포토 ,0
 수염밀도 감지 회전수 조절해 피부보호 , 스마트 면도기 파나소닉코리아 람대쉬 ES ST25 웰빙 가전의 명가 파나소닉코리아는 인간과 자연을 중심으로 한 스마트한 생활 변화를 선도하고 있다 고화질 영상기기에서 가정용 전자 제품 및 부품에 이르기까지 광범위한 제품을 제공하고 있다 파나소닉코리아 대표 제품 중 람대쉬 는 2014 소비자의 선택 면도기 부문 대상을 수상해 소비자들의 관심이 높아지고 있다 스마트 면도기 람대쉬 시리즈 는 젊은 소비자들에게 큰 사랑을 받고 있는 히트상품이다 인공지능을 갖춘 스마트 기기로 널리 알려져 국내뿐 아니라 전 세계적으로 높은 지지를 받고 있다 특히 람대쉬 시리즈 중 뛰어난 절삭력으로 정평이 나 있는 ES ST25 는 수염의 두께를 감지하는 수염 밀도 센서가 탑재돼 모터의 회전수를 자동으로 조절 피부가 받는 자극을 크게 줄여준다 또한 30도 예각 스테인리스 3중 날은 굵고 많은 수염도 간편한 면도가 가능케 했다 분당 최고 1만3000회로 구동하는 초강력 리니어모터 드라이브는 수염의 잔뿌리까지 놓치지 않고 깔끔하게 면도할 수 있게 도와준다 특히 ES ST25는 건식 면도는 물론 셰이빙 폼을 이용한 습식 면도까지 가능케 해 편이성을 크게 높였다 아울러 안전 방수 설계와 클리닝 셔터의 장착으로 망을 제거하지 않고 세척만으로도 관리가 편한 것도 장점이다 이와 함께 날렵한 디자인은 그립감이 뛰어나며 LCD액정이 거울 형식으로 설계돼 세련미를 더해준다 단 한 번의 충전으로 약 2주일간 사용할 수 있는 뛰어난 에너지 효율은 물론 색상은 세련된 레드로 시크한 멋을 선호하는 젊은 층에게 큰 호응을 얻고 있다 이처럼 람대쉬는 남과 다른 멋을 찾고 피부 건강까지 고려한 젊은 소비자들에게 최적의 셰이빙을 제공하는 것이 강점이다 ,0
 선악 공존은 인간의 선택 자유 위한 신의 장치 인가 , 1차 세계대전에 참전해 인간의 추한 진실을 목격한 독일의 화가 막스 베크만 의 밤 1918 1919년께 작품 추운 겨울밤이었을까 아니면 무더운 여름 밤 좁지만 아늑한 방에서 아빠 엄마 딸은 웃으며 대화를 나누고 있었는지도 모른다 월급 받으면 새 옷 사준다고 일요일엔 다 함께 동물원에 가자고 딸은 커서 아빠 같은 남자랑 결혼하고 싶다고 갑자기 세 남자가 방에 들이닥친다 활짝 열려 있는 창문을 넘어 말이다 냉담하게 아무 말 없이 남자들은 아빠를 고문하고 엄마를 강간한다 은행원 옷차림의 남자는 목매달려 발버둥치는 아빠의 손을 비틀고 있다 소란 피우지 말고 빨리 죽기나 하라고 앞이 보이지 않을 정도로 깊게 모자를 내려쓴 남자 아무리 버둥거려봐야 소용없다 남자 왼팔에 잡혀 모든 것을 바라봐야만 했던 딸 아이에겐 앞으로 무슨 일이 벌어질까 인간 세상의 선과 악 4개월 새 100만 명 사망한 솜 전투 독일 신 객관주의 과 같은 의미이지 않을까 139억 년 전 빅뱅 이후 급팽창한 우주는 다중우주들을 만들어냈으며 양자역학적으로 가능한 모든 결과는 결국 독립적인 다른 세상이나 우주에서 현실화된다는 가설이다 이 글을 쓰고 있는 나 이 글을 읽고 있는 나 우주의 왕인 나 지구 최고의 거지인 나 사이비 종교를 창시하는 나 죽어가는 누군가의 손을 비틀고 있는 나 이미 오래전에 죽은 나 모든 게 가능하기에 그 어느 것도 의미 없는 다중우주가 우리 존재의 진정한 정체성이라면 과연 선과 악의 차이는 무엇일까 김대식 독일 막스 플랑크 뇌과학연구소에서 박사학위를 땄다 미국 MIT와 일본 이화학연구소에서 박사후 과정을 거쳤다 이후 보스턴대 부교수를 지낸 뒤 2009년 말 KAIST 전기 및 전자과 정교수로 부임했다 뇌과학 인공지능 물리학뿐 아니라 르네상스 미술과 비잔틴 역사에도 관심이 많다 ,0
 인공지능 활용 전문 시장 무궁무진 의료AI로 세계시장 선도할 것 ,생성형 인공지능 에 따른 승인이다 FDA가 기존 허가된 의료기기와 시판 전 의료기기의 동등성을 검증했다는 의미가 있다 현재 미국에선 미국 라피드AI 와 이스라엘의 비즈AI 가 활용되고 있는데 현지에서 우리 솔루션도 경쟁할 수 있다는 얘기다 제이엘케이는 이번에 승인된 JLK LVO 외에 이미 8월에 또 다른 단계의 뇌졸중 진단 솔루션인 JLK CTP 와 JLK PWI 의 FDA 인허가 신청도 완료했고 그 외 총 3개의 솔루션을 추가 신청해 올해 안에 2 3개의 솔루션에 대한 FDA 추가 승인을 목표하고 있다 JLK CTP 와 JLK PWI 는 현재 일본 후생노동성 활용 전문 시장 무궁무진 의료AI로 세계시장 선도할 것 ,1
 노벨물리학상 받은 인공지능의 아버지 AI 인류의 통제 넘어설 수 있다 ,2024년 노벨물리학상 수상자인 존 홉필드 등의 연결 구조를 기계적으로 구현한 것을 말한다 컴퓨터는 생각할 수 없지만 현재의 AI가 인간과 유사한 기억과 학습 기능을 모방하게 된 건 이 인공신경망을 통한 머신러닝의 발전 덕분이다 수상자들은 1980년대부터 인공신경망을 연구해왔다 고체물리학자인 홉필드 교수는 뇌가 패턴을 저장하고 재현하는 방법을 물리적으로 구현한 홉필드 네트워크 를 개발했다 여기에는 원자가 작은 자석으로 행동하는 스핀 이라는 개념이 활용됐다 컴퓨터과학자이자 신경과학자인 힌턴 교수는 홉필드 네트워크를 기반으로 볼츠만 머신 을 개발했다 주어진 유형의 데이터에서 특징적인 부분을 인식해 학습하는 알고리즘이다 기체 확산에 관한 물리학 공식인 볼츠만 방정식을 활용했다 홉필드 네트워크가 인공신경망의 요체가 되는 첫 모델이라면 힌튼 교수의 업적은 이를 통해 실질적으로 학습을 할 수 있도록 구현한 것이다 물리학을 활용했다지만 AI 연구에 노벨물리학상을 수여하는 결정은 학계도 예상치 못했다 수상자인 힌턴 교수 역시 수상자 발표 후 전화 인터뷰에서 정말 당황스럽고 이런 일이 전혀 일어날 줄 몰랐다 고 털어놨을 정도다 노벨위원회는 이들의 연구가 물리학에 기반한 것은 물론 머신러닝이 최근 물리학의 다양한 분야가 발전하는 데도 기여했다는 점을 수상 이유로 들었다 엘렌 문스 노벨물리학위원회 의장은 수상자들의 발견을 통해 발전한 머신러닝은 입자물리학과 재료과학 천체물리학 연구의 비약적 발전에도 기여했다 고 설명했다 나아가 얼굴 인식과 같은 일상적인 요소는 물론 정확한 의학 진단 등 인류의 삶을 개선하는 데 기여하고 있다 고 강조했다 이번 수상에 대해 정우성 포스텍 물리학과 교수는 대학의 인공지능 관련 학과들이 홉필드 네트워크를 기본으로 가르칠 정도로 두 수상자의 연구는 인공지능 실용화의 토대 라며 학문적 성과가 실제로 응용된 업적에 수여한다는 노벨상의 취지에 잘 들어맞는 선정 이라고 평가했다 박재혁 한국개발연구원 국제정책대학원 교수는 AI가 단순히 트렌드를 넘어 과학사의 의미를 갖는 독자적 주제로 받아들여지고 있다는 신호 라며 진로를 고민하는 자연과학도들에게도 새로운 방향성을 제시해줄 거란 기대도 하게 된다 고 말했다 이번 수상은 AI의 영향력과 그 부작용에 대한 논의의 장도 마련할 것으로 보인다 노벨위원회는 이날 수상자를 발표하면서 인류가 이 기술을 안전하고 윤리적으로 쓰기 위한 방법을 고민해야 한다 고 제안했다 머신러닝으로 많은 이익을 얻고 있지만 AI의 빠른 발전이 우리 미래에 가져올 부작용도 우려된다 는 것이다 노벨위원회가 수상자 발표와 함께 수상 기술이 가져올 위험성에 대해 이처럼 적극적으로 경고를 내놓은 건 이례적이다 수상자인 힌턴 교수 본인도 같은 입장을 밝혔다 AI는 생산성을 높여주겠지만 우리는 인류보다 뛰어난 어떤 것을 경험해본 적이 없다 며 이 기술이 가져올 나쁜 결과들 특히 AI가 우리의 통제를 넘어설 수 있다는 것을 고려해야 한다 고 말했다 조정효 서울대 물리교육과 교수는 인류가 AI를 막연히 두려워하는 것도 모든 걸 해줄 것처럼 기대하는 것도 모두 바람직하지 않다 며 AI가 어떻게 작동하는지 잘 모르더라도 우리 사회에 어떤 영향을 줄 것인지에 대해 고민하고 그에 따르는 윤리 문제 등에 대해 진지하게 고민해볼 필요가 있다 고 강조했다 68년간 핵무기 폐기 외쳤다 노벨평화상 니혼히단쿄 는 어떤 단체 노벨평화상에 일본 원폭 피해자 단체 핵무기 위험성 되새길 필요 노벨평화상에 일본 원폭 피해단체 니혼 히단쿄 선정,1
 인공지능의 학문적 토대 만든 존 홉필드 제프리 힌턴 노벨물리학상 수상 ,2024 노벨 물리학상 수상자들 노벨위원회 제공 올해 노벨 물리학상은 존 홉필드 미국 프린스턴대 교수 제프리 힌턴 캐나다 토론토 대학교 교수에게 돌아갔다 이들은 인공 신경망을 이용한 머신러닝의 기초가 될 발견과 연구를 한 과학자들이다 노벨위원회는 이날 물리학상에 이어 9일 화학상 10일 문학상 11일 평화상 14일 경제학상 수상자를 차례로 발표할 예정이다 수상자에게는 1 100만 스웨덴 크로나 에서 열린다 68년간 핵무기 폐기 외쳤다 노벨평화상 니혼히단쿄 는 어떤 단체 노벨평화상에 일본 원폭 피해자 단체 핵무기 위험성 되새길 필요 노벨평화상에 일본 원폭 피해단체 니혼 히단쿄 선정,1
 경북교육청 인공지능 교육센터 설계작 선정 ,경북교육청 인공지능 교육센터 설계 당선작 조감도 경북교육청 제공 경북교육청은 인공지능 교육센터 신축 사업에 대한 설계 공모 심사를 진행해 최종 설계 당선 작품을 선정했다고 4일 밝혔다 이날 경북교육청에 따르면 정형봉 건축사사무소 이인건축 대표가 최종 설계자로 선정됐다 심사위원회는 정 대표 작품의 실내 공간과 외부공간 간의 적절한 공간 배치와 다양한 체험 및 프로그램 운영이 가능한 공간 확장성 체험활동이 많은 AI 교육센터의 이용성 등을 높이 평가했다 AI 교육센터는 경북 의성군 금성면 탑리리 960 금성여자상고 폐교 부지에 건립되며 총사업비 90억 원이 투입된다 대지면적 1만5 988 에 연면적 2 027 지상 3층 규모로 2026년 4월 개관을 목표로 하고 있다 설계 공모의 대상은 설계 용역 추정금액 1억 원 이상이며 해당 교육시설은 청사와 도서관 교사 신축과 개축 교사동 다목적 강당 급식소 증축 등으로 매월 각 교육청과 직속 기관을 통해 신청받아 시행하고 있다 설계공모심사위원회는 건축 분야 교수와 건축사 기술사 등 외부전문위원 7 10명으로 구성되고 작품에 대한 평가와 심의 투표로 당선 작품을 선정한다 AI 교육센터는 경북교육청의 2023년 주요 업무 계획에 따라 추진된 것으로 사전 기획용역과 신설 부지 정밀안전진단 공공건축심의를 거쳐 이번 설계공모가 진행됐다 이는 경북 AI 교육센터 환경 구축과 AI 교육프로그램 운영 AI 교육과정 지원 교육 역량 강화 등을 목표로 하고 있다 이번 설계 공모는 건축 서비스산업 통합 정보 플랫폼을 통해 진행됐고 작품을 출품한 3개 팀을 대상으로 5명의 전문가가 참여한 설계공모심사위원회의 심사가 진행됐다 임종식 경북교육감은 AI 교육센터의 이전 및 설립은 경북교육이 미래 인공지능 시대를 선도하기 위한 중요한 발판이 될 것 이라고 말했다 ,1
 영장 신청서 써주는 인공지능 경찰 AI 기술 딥페이크 탐지에 투자 집중 ,영화 마이너리티 리포트 에서 존 앤더튼 도 보완될 예정이다 경찰청의 내년 예산안은 국회의 심사를 통해 최종 확정될 예정이다 경찰청 관계자는 확보된 예산으로 수사 전문성과 현장 대응력을 강화해 책임을 다하는 국민의 경찰이 되겠다 고 강조했다 ,1
 현대모비스 인공지능 가상현실 활용한 모빌리티 부품 제조 신기술 전시회 열어 ,현대모비스가 28일부터 이틀간 경기도 의왕연구소에서 개최한 엠스피어 2024에서 업계 관계자들이 전시물을 살펴보고 있다 현대모비스 제공 현대모비스는 28일부터 이틀 동안 경기 의왕연구소에서 제1회 엠스피어 을 적용한 설비제어 비전검사를 통합한 품질향상 기술 등이다 현대모비스는 앞으로 정밀한 부품공정 과정에서 확보한 노하우를 부품 계열사와 협력사와도 공유할 방침이다 현대모비스 통합솔루션부문 성기형 부사장은 딥러닝과 AI를 활용한 신공법 등 제조 경쟁력 향상을 위한 다양하고 새로운 시도가 성과로 이어지고 있다 고 밝혔다 ,1
 국민연금도 인공지능 덕 봤다 상반기 운용수익률 9 7 ,29일 서울 서대문구 국민연금공단 서울북부지역본부 연합뉴스 상반기 국민연금 기금 운용 수익률이 9 대를 기록했다 미국 기술주 강세에 더해 원 달러 환율 상승이 해외자산의 원화 환산 운용수익률을 높여 주는 효과를 봤다 국민연금공단 기금운용본부는 6월 말 기준 수익률 9 71 운용수익금은 102조4 000억 원을 기록했다고 29일 잠정 발표했다 1988년 국민연금 제도 도입 이후 누적 수익금은 680조4 000억 원 적립된 기금은 1 147조 원으로 집계됐다 상반기 자산별 잠정수익률을 보면 해외 주식이 20 47 로 압도적으로 높았다 국내 주식 수익률은 8 61 다 상반기 글로벌 주식시장 상승률 11 88 국내 코스피 상승률 5 37 보다 높은 수익을 거둔 셈이다 공단 관계자는 국내 주식 및 해외 주식은 미국 물가 상승 경계감에도 인공지능 수익률 7 79 는 6월 말 기준 이자 및 배당수익 환율 상승에 따른 외화 환산 이익이 반영된 것이다 대체투자 자산에 대한 공정가치 평가는 연말에 이뤄질 예정이다 ,1
 인공지능 바이오 모빌리티 등 12가지 전략기술에 5년간 30조 쓴다 ,7월 9일 서울 강남구 코엑스에서 열린 삼성전자 파운드리 포럼과 세이프 첨단 바이오 차세대 원자력 첨단 모빌리티 첨단 로봇 제조 사이버 보안 양자 우주 항공 해양 수소다 반도체와 이차전지 통신은 우리 기술이 세계 시장을 선도한다는 평가를 받지만 나머지 분야는 선진국과 격차가 크다 과기부가 지난 6월 내놓은 국가 R D 전략지도 에 따르면 우리나라 AI 기술 수준은 세계 4 6위 첨단 바이오는 7 11위다 양자는 12위로 더 낮다 이들 12가지 기술에 지난 1년간 5조 원가량을 투자한 정부는 앞으로 4년간 25조 원 이상을 더 투입할 예정이다 특히 AI 반도체 첨단 바이오 양자 기술을 3개 게임체인저 분야로 보고 예산을 올해 2조8 000만 원에서 3조4 000만 원 수준으로 24 가량 대폭 증액한다 중소 벤처기업 대상 R D 신규 과제도 절반 이상을 전략기술로 지원할 계획이다 과학기술정보통신부가 26일 발표한 제1차 국가전략기술 육성 기본계획의 주요 내용 과기정통부 제공 국가전략기술을 연구 또는 사업화하는 기관과 기업에 대한 혜택도 키운다 기술 보유를 확인받은 기업은 상장특례에 이어 정책금융 공공조달 세제혜택 등을 지원한다 또 특화연구소 특화교육기관 지역기술혁신허브 등으로 구성된 혁신거점을 세운다 첫 번째 특화연구소는 의료용 데이터 활용 연구를 진행 중인 서울대병원이다 전략기술에서 성과를 내기 위해 R D 체제도 임무 중심으로 혁신해 나간다 초격차 기술 선점이나 경쟁력 유지와 직결된 핵심 사업은 전략연구사업 에도 다양한 가능성이 있기 때문에 최소 3개 정도 이상은 추가로 선도적 위치를 차지하겠다는 비전을 밝힌 것 이라고 설명했다 ,1
 AI TV는 인공지능 가전의 지휘 본부 홈 허브 역할 할 것 ,용석우 삼성전자 영상디스플레이사업부장 사장이 3월 언박스 디스커버 2024 행사에서 인공지능 타이젠 이 TV에 AI 기술을 접목하는 역할을 할 것이라고 강조했다 그는 제품이나 서비스 플랫폼의 경계 없이 다양한 AI 기기와 연결을 통해 사용자 취향과 라이프스타일에 맞춘 더 새롭고 강력한 서비스를 제공하고 디바이스 플랫폼 혁신 시대를 열어갈 것 이라고 밝혔다 한편 삼성전자는 이날 AI TV와 모니터 냉장고 세탁기 에어컨을 포함한 AI 가전의 누적 판매량이 7월 말 기준 150만 대를 돌파했다고 밝혔다 9월 초 독일 베를린에서 열리는 유럽 최대 가전 전시회 IFA 2024 에도 AI 가전을 대거 선보일 예정이다 삼성전자 관계자는 일상에 새로운 가치를 제공하는 AI 기능을 탑재하고 여름철에도 부담 없는 에너지 관리가 가능한 AI 가전 수요가 크게 늘고 있다 고 밝혔다 ,1
 경남도 인공지능 활용 복지사각지대 발굴 시스템 도입 ,게티이미지뱅크 OOO님 안녕하세요 저는 경남도 OO시군 OO읍면동 인공지능 돌봄시스템 고독사 반려로봇 등 인공지능을 활용한 다양한 복지사업을 지속 추진할 계획이다 신종우 경남도 복지여성국장은 이번 시스템 도입으로 위기가구 발굴업무에 큰 도움이 될 것으로 기대된다 며 앞으로 다양한 스마트기술을 복지현장에 도입해 어려운 이웃을 더욱 촘촘하고 신속하게 지원하겠다 고 말했다 ,1
울산시 인공지능과 공간정보 융합 검색서비스 구축 11월부터 서비스, 울산에서는 인공지능 위치 기반 공공정보 검색서비스가 오는 11월부터 실시된다 울산시는 30일 울산시청 본관 7층 상황실에서 인공지능 을 울산시와 5개 구 군 대표 누리집을 통해 시민들에게 제공한다 10월 한 달간 시범운영을 거쳐 11월부터 본격적인 서비스될 예정이다 울산시 관계자는 이번 서비스는 행정의 효율성을 높이고 시민들에게 일상생활에서 직접 체험할 수 있는 편리한 행정서비스를 제공하기 위해 추진됐다 라며 시범운영 기간 동안 다양한 시민의 목소리를 수렴해 보다 유용하고 정확한 정보를 3차원 공간정보로 제공할 수 있도록 최선을 다하겠다 라고 말했다 ,1
표준협회 인공지능경영시스템 인증기관으로 공식 인정, 한국표준협회는 27일 산업통상자원부 국가기술표준원 산하 한국인정지원센터 은 조직이 책임감 있게 AI 시스템을 개발하고 운영할 수 있도록 설계된 국제 표준이다 이를 통해 AI 리스크를 효과적으로 식별하고 관리하는 체계를 구축해 AI의 윤리적 사용과 시스템의 투명성을 높이는 데 중점을 둔다 강명수 한국표준협회 회장은 이번 ISO IEC 42001 공식 인정 획득은 그간의 노력에 대한 결실 이라며 우리 기업의 AI 규제 대응 능력 향상으로 환류될 수 있도록 최선을 다하겠다 고 말했다 ,1
울산시 인공지능산업 발전계획 중간보고회 개최, 울산시는 27일 오후 2시 본관 7층 상황실에서 울산형 인공지능산업 발전계획 중간보고회를 개최했다 안효대 경제부시장을 비롯해 울산정보산업진흥원 한국전자통신연구원 한국생산기술연구원 재연구원 울산과학기술원 울산대학교 기업체 등 관계자 30여명이 참석했다 이번 보고회에서는 지난 착수보고회 때 제안된 의견들을 반영한 인공지능산업 발전계획 의 분야별 추진 과제 등을 중점 논의했으며 특히 울산시 실태조사 및 수준 진단을 통해 분석한 인공지능산업 현황과 산학연 융복합 과제 발굴을 통한 산업별 수요 동향을 파악했다 또 울산 인공지능산업 육성을 위한 4대 전략 으로 울산형 인공지능산업 생태계 기반 조성 산 학 연 협력 기술 및 서비스 개발 인공지능 기술 확산 및 기업지원 체계 구축 산업 맞춤형 인재양성 및 정착 지원 전략을 공유할 예정이다 울산시는 이번 보고회에서 논의된 의견을 바탕으로 인공지능산업 발전계획 을 보완하고 정부 정책 추진 방향에 맞춘 세부 추진 과제를 발굴하는 등 연말까지 울산형 인공지능산업 발전 기본 계획을 수립한다 안효대 경제부시장은 인공지능산업을 울산시의 신성장동력인 주력산업으로 육성하기 위해서는 시장의 현장 속도를 반영한 실효성 있는 발전계획 수립은 무엇보다 중요하다 라며 앞으로 전문가 자문회의 기업 간담회 최종 보고회를 밀도 있게 진행해 울산이 인공지능에 기반한 자율제조 선도 도시로 도약할 수 있도록 노력하겠다 라고 말했다 ,1
 인간과 로봇 AI 공존하는 미래상 탐구 서울로봇인공지능과학관 개관, 서울 동북권을 대표하는 과학문화시설이자 로봇 AI 산업과 인간이 공존하는 미래상을 탐구하는 서울로봇인공지능과학관 이 20일 도봉구 창동에 문을 열었다 서울로봇인공지능과학관은 건축 면적 14만3129 연면적 7308 지하 2층 지상 4층 규모로 조성됐다 외관은 모난 곳 없는 타원의 모양을 띠고 있다 과학관 전시에는 폭스바겐 인튜이티브서지컬코리아 HD 현대로보틱스 로보티즈 AI 시스템즈 KT 등 11개의 기술기업과 대학 등이 참여해 자율주행자동차 견마형 로봇 2족 보행 로봇 등 최신 로봇 AI 기술을 선보인다 특히 폭스바겐 KT 인튜이티브서지컬 코리아 등은 자율주행 로봇팔 수술로봇 등 콘텐츠를 제공해 청소년들의 보다 깊이 있는 체험이 가능하도록 했다 전문 해설사와 함께하는 가이드 투어도 진행한다 해설사들은 로봇 인공지능 기술에 대한 단순한 소개를 넘어 기술이 가져올 사회변화 및 인간과 로봇 관계에 대해서도 관람객들에게 다양한 지적 호기심을 불러일으킬 예정이다 과학관의 모든 프로그램은 서울공공서비스예약시스템 누리집에서 사전 예약한 뒤 참여할 수 있다 입장료는 영유아 청소년 7 19세 은 무료이며 성인 20 64세 은 2000원이다 운영시간은 화 일요일 오전 9시 30분부터 오후 5시 30분까지다 이날 진행된 개관식에는 오세훈 서울시장을 비롯해 지역 국회 및 시 구의회관계자 국내외 기업 관계자 예술작가 등이 참석했다 오 시장은 일일 도우미로 나선 4족 보행 로봇으로부터 감사장을 전달받아 전시 및 프로그램 마련에 협력한 국내외 기업 11곳에 감사장을 수여했다 이어 아이스크림로봇 에스컬레이터 미디어파사드 축구로봇 수술로봇 등 과학관 1층 로비부터 상실전시실 기업협업 다목적실 등 곳곳에 마련된 전시물을 체험했다 오 시장은 오늘날 우리 삶 곳곳에 스며들어 새로운 가능성을 만들어 내는 로봇과 AI 같은 혁신 기술들의 변화에 어떻게 준비하고 대응하느냐에 따라 우리 앞에 놓인 미래는 크게 달라질 수 있다 며 시민들과 로봇 AI 기술 사이에서 접점이 되어줄 공간으로 그러한 변화에 올바르게 대비할 수 있도록 조성된 서울로봇인공진으과학관이 지역사회를 활성화하는 선도모델이 됨과 동시에 서울을 넘어 우리나라를 대표하는 테마과학관으로 성장해 나가길 바란다 고 말했다 ,1
경기도 인공지능로봇 활용 어르신 건강관리 사업 시작, 경기도가 65세 이상 도민의 건강 관리를 돕는 인공지능 로봇 활용 어르신 건강관리 사업 을 도내 14개 보건소에서 시작했다 19일 경기도에 따르면 이번 사업은 생성형 인공지능인 챗 지피티 응급상황 보호자 알림서비스 및 필요시 응급관제센터를 통한 119 연계 24시간 모니터링 등을 제공하는 내용이다 앞서 도는 보건소를 대상으로 사업 참여 신청을 받아 고양시 일산동구 화성시 서부 화성시 동탄 화성시 동부 안산시 상록수 파주시 광주시 하남시 광명시 안성시 포천시 양평군 여주시 연천군 등 14개 보건소에서 사업을 진행하기로 했다 총 583대의 로봇을 확보했으며 지난 6월 말부터 준비된 보건소부터 각 가정에 순차 대여 중이다 지원 대상은 각 보건소에서 65세 이상 건강취약 독거노인을 발굴해 해당 가구가 동의하면 설치한다 오명숙 건강증진과장은 급격히 증가하는 노인인구를 고려해 맞춤형 건강관리와 24시간 안전관리를 위해 AI 건강관리 로봇을 도입했다 면서 건강취약계층의 사각지대 해소 및 고독사 예방 등이 기대된다 고 말했다 ,1
경남도 인공지능 활용 복지사각지대 집중 발굴, 저는 인공지능 초기상담시스템을 올 연말까지 전 시군으로 확대할 예정이며 고독사 반려로봇 등 인공지능을 활용한 다양한 복지사업을 지속 추진할 계획이다 신종우 도 복지여성국장은 위기발굴시스템이나 경남행복지킴이단 활동 등을 통해 복지사각지대를 발굴하여도 행정인력의 한계로 충분한 대응이 어려운 상황이었다 며 이번 시스템 도입으로 위기가구 발굴업무에 큰 도움이 될 것으로 기대되며 향후 다양한 스마트기술을 복지현장에 도입해 어려운 이웃을 더욱 촘촘하고 신속하게 지원하겠다 고 말했다 ,1
 인공지능 규제의 딜레마,디지털 플랫폼 경제를 넘어 인공지능 을 제정했다 인공지능법은 인공지능 시스템의 잠재적인 위험과 영향 수준에 따라 허용할 수 없는 위험 고위험 제한적 위험 최소한의 위험 등 위험도를 4단계로 나누어 차등적으로 규제한다 EU는 인공지능법이 혁신과 함께 인간의 기본권을 보호해 주는 역할을 할 것으로 보지만 인공지능 기술의 발전을 저해할 것이라는 우려도 있다 유엔 총회에서는 인권을 보호하고 개인 데이터를 보호하며 인공지능의 위험을 모니터링하도록 인공지능에 관한 결의안을 만장일치로 채택하였다 향후 미국 일본 중국 등도 인공지능에 대한 규제를 제도화할 것으로 보인다 글로벌 동향에 맞추어 한국에서도 인공지능 규제에 대한 논의가 본격화할 것으로 예상된다 사실 기술이란 태생적으로 가치 중립적 특성을 가지며 사회경제적 발전을 촉진하는 수단이다 따라서 기술 오용에 대한 우려로 인해 경직적인 법적 규제를 도입하면 기술 발전은 저해될 수밖에 없다 대부분의 규제는 선한 정책적 의도를 가지고 도입되지만 시장과 사회적 변화에 부합하지 못하면 실패한다 정책적 목표를 달성하지 못할 뿐만 아니라 부작용을 초래하는 규제의 역설 이 나타나는 것이다 급변하는 기술 혁신의 시대에 기술에 대한 직접적인 규제는 혁신을 저해하고 의도한 정책적 효과를 얻기도 어렵다 예를 들어 인공지능 활용에 대한 엄격한 규제를 입법화하더라도 가짜 뉴스는 없어지지 않으며 기술에 대한 접근성이 갈수록 높아지는 상황에서 개인의 기술 이용을 규제하기도 쉽지 않다 더욱이 인공지능 기술의 급격한 혁신으로 인해 새로운 산업이나 서비스 및 각종 비즈니스모델이 계속 등장하는 상황에서 기계적인 법적 규제는 시장 경쟁을 촉진하지도 못하고 규제 대상을 유연한 방식으로 확정하기도 어려울 수 있다 특히 한국의 인공지능 기술의 경쟁력은 미국 일본 중국 등에 비해 아직 낮은 수준이기 때문에 인공지능에 대한 새로운 규제의 섣부른 입법은 인공지능 산업과 기업의 성장을 저해하고 기술경쟁력을 약화시킬 수도 있다 따라서 현 단계에서는 인공지능에 대한 민간 주도의 자율규제가 필요하다 법적 규제가 기술 발전을 따라가지 못하는 경우 자율규제 또는 연성 규범을 활용하는 것이 적절하다 자율규제는 법적 규제보다 환경변화에 신속하게 대응하면서 각종 행정 비용을 내부화하여 규제 비용을 절감할 수 있다 정부는 정보의 비대칭성으로 인해 민간보다 상대적으로 정보 취득에 있어 뒤떨어질 가능성이 크며 법제화 및 법 개정에 장시간이 걸려 빠른 변화에 대한 적기 대응도 힘들다 특히 기술 혁신의 시대에 정부가 기술과 시장환경의 변화를 이해하는 것도 쉽지 않다 그러나 기술 혁신을 위해 과도한 사전적 규제는 최소화하더라도 정부의 사후적 규제와 예방조치는 필요하다 자기 이익의 극대화를 추구하는 이해당사자 간에 제대로 된 합의부터가 어렵기 때문이다 따라서 정부는 민간 주도의 자율규제라는 원칙을 견지하되 자율규제의 한계를 보완할 수 있는 방안을 모색해야 한다 기존 법규 및 규제에 기반하면서 정부는 인공지능 이용에 대한 종합적인 가이드라인을 제시하여 인공지능 시대에 맞는 규범을 투명하게 제안하고 사회적 합의를 유도할 수 있다 인공지능 관련 사업자나 단체들이 바람직한 자율규제를 만들 수 있도록 정부는 민간부문과 함께 기본 지침을 만들어 자율규제를 승인하고 이의 위반에 대해서는 엄격한 법적 제재를 적용하는 것도 필요하다 기본 지침은 인공지능의 안전성과 윤리성 보장을 위한 연구업계와 기업의 자발적 노력에 대한 인센티브 제공 인공지능으로 인한 피해 보상 범위 및 책임 소재 확정 개인 정보 보호 및 소비자 보호의 강화 등에 대한 내용도 포함할 수 있다 인공지능의 기술개발과 활용에 대한 감독과 감사 대상에는 민간부문뿐만 아니라 정부와 공공기관도 포함되어야 한다 전문가 시민단체 기업 공공부문 등이 참여하여 인공지능과 관련된 모든 쟁점을 점검하여 정책 방향을 도출하고 모든 정보를 투명하게 공개하는 협의체 구성도 필요하다 본란의 칼럼은 본지 견해와 다를 수 있습니다 김은경 경기연구원 선임연구위원,1
광주광역시 인공지능 바우처로 기업 성장 견인, 광주시가 지역기업의 다양한 인공지능 제품을 시민이 직접 체험하는 이용권 행동인식을 통해 보육교사 아동 보호자에게 필요한 아동 행동 발달 분석자료를 제공하는 세이프모션 키즈 어린이집 행동분석 솔루션 고고탁의 탁구 스윙분석 탁구라켓 러버소모량 측정 스크린탁구 등을 앱을 통해 이용할 수 있는 스마트 탁구라켓 초레이킹 밍글콘의 인공지능 기초 역량인 컴퓨팅 사고력과 국어 수학 등 교육과정을 융합해 놀이와 게임 콘텐츠로 개발한 인공지능 기초 융합 프로그램 등 다양한 서비스를 제공하고 있다 김용승 인공지능산업실장은 이 사업을 통해 시민이 편리하고 효율적인 인공지능 서비스를 일상에서 경험하고 기업은 판로 확대의 기회를 얻게 될 것 이라며 인공지능기업들의 많은 관심과 참여를 바란다 고 말했다 ,1
 양날의 검 초인공지능 의도와 달리 위험 행동할 수도 , 초인공지능이 도래할 시점에 대한 의견은 분분하지만 머지않아 초인공지능이 탄생할 것이라는 예상이 지배적이다 전문가들은 초인공지능이 인류에게 많은 혜택을 가져다주겠지만 무기화되거나 의도하지 않은 위험 행동을 할 가능성이 존재하므로 항상 경계해야 한다고 강조한다 지난 4일 AI 및 보안 전문 데이터 인텔리전스 기업 S2W는 SIS 2024 컨퍼런스를 개최했다 이날 이기민 카이스트 교수는 인류는 초인공지능을 맞이할 준비가 되었는가 를 주제로 발표를 진행했다 초인공지능은 인간의 지능을 뛰어넘어 모든 면에서 월등히 뛰어난 성능을 보이는 인공지능을 일컫는다 이기민 교수는 GPT 4의 다음 버전인 5가 박사 수준의 지식을 가진 언어 모델일 것이라는 루머도 있고 일론 머스크는 사람과 비슷한 수준의 지능 혹은 사람보다 똑똑한 AI가 2년 안에 나올 거라고 언급했다 고 설명했다 앞으로 개발될 AI는 크게 두 가지 특징을 가지게 된다 첫 번째 특징은 멀티모달 이 있다 이 교수는 많은 연구자들이 안전성 관련 벤치마크를 연구 중인데 AI의 능력을 파악하기 위해 패스워드 찾기 비트코인 월렛 만들기 등을 명령한 뒤 업무를 수행할 수 있는지 테스트하는 방식 이라며 이를 통해 모델이 스스로를 복제하고 발전시킬 수 있는 능력이 있는지 확인할 수 있다 고 말했다 이어 대부분 AI는 어떻게 동작하는지 내부를 들여다볼 수 없는 블랙박스 모델로 개발되기 때문에 AI 모델이 어떻게 동작하는지 분석하는 연구도 많이 이뤄지고 있다 며 특정 상황에서 어떻게 행동하고 좋은 행동을 보이는지 나쁜 행동을 보이는지 분석한다 고 덧붙였다 모니터링 후에는 정렬 단계가 필요한데 AI 모델의 문제점을 발견한 뒤 고치기 위해 재학습시키는 것이다 이 교수는 다양한 정렬 기법이 있지만 인간의 피드백 을 통해 강화 학습을 시켜 AI 모델을 미세 조정하는 방식이 주로 사용된다 며 AI 모델이 잘못된 결과물을 냈을 때 그 결과물은 좋지 않다는 피드백을 주고 강화 학습을 통해 AI 모델이 피드백을 학습하면 개선이 가능해진다 고 설명했다 이 교수는 마지막으로 초인공지능 시대가 머지않아 도래할 것으로 예상된다 인간이 얻는 혜택도 많지만 리스크에 대비하고 안전한 모델을 만들려는 노력이 중요하다 며 S2W와 같은 기업처럼 보안을 동시에 고려하며 안전한 AI를 만들어가야 한다 고 강조했다 ,1
대통령 직속 국가인공지능 위원회 내달 출범, 대통령 직속 국가인공지능 위원회가 다음 달 출범한다 대통령실 고위 관계자는 19일 아시아투데이에 윤석열 대통령이 위원장을 맡는 국가AI위원회가 다음 달 출범할 예정 이라고 말했다 국가AI위원회는 대통령 직속 자문회의로 정부 민관위원 등이 참여해 AI 반도체 분야 민관 협력을 지원한다 다만 이 관계자는 부위원장은 미확정 이라고 밝혔다 이날 일부 언론 보도에 따르면 비상근직인 부위원장에 염재호 태재대 총장 등이 거론되는 것으로 전해진다 아직 위원회의 규모를 밝히긴 어려운 단계지만 본과위원을 운영하는 등 어느 정도 규모를 갖춘다는 계획이다 회의 정례화 등 개최 횟수는 아직 정해지지 않았다고 이 관계자는 전했다 앞서 윤 대통령은 지난 4월 반도체 현안 점검 회의에서 대통령 주재 국가AI위원회를 신설해 AI 반도체 분야 민관 협력을 추진한다는 구상을 밝힌 바 있다 ,1
 알테르모 육군 인공지능 공모전서 최우수상 , 사진 제공 알테르모 주식회사 알테르모 등 다양한 프로젝트를 수행하고 있다 특히 AI 개발과 보안 분야에서 탁월한 성과를 보이며 기업과 공공기관에 맞춤형 솔루션을 제공하고 있다 ,1
 오픈 소스 코리아 , 김병필 KAIST 기술경영학부 교수 인공지능 기술은 비약적으로 발전해 왔다 그 비결은 무엇일까 전문가들은 공개의 문화 덕분이라 입을 모은다 뛰어난 AI 모델 중 상당수가 누구나 자유롭게 내려받아 활용할 수 있게 공개되어 있다 AI 모델을 공유하는 세계적 플랫폼으로 허깅페이스 가 대표적이다 지난 9월 허깅페이스는 자사 플랫폼에 등록된 공개 AI 모델 수가 백만 건이 넘었다고 발표했다 놀라운 일이다 이처럼 공개된 수많은 AI 덕분에 전 세계 많은 이들이 연구를 수행하고 새로운 분야에 응용할 수 있게 되었다 성장 산업 분야는 기술 독점보다 기술 공개가 장기적으로 중요 한국형 AI 생태계 성장을 위해 AI위원회는 오픈 소스 장려해야 최근 들어 일부 변화의 조짐이 나타나고 있기도 하다 오픈AI는 과거와 달리 더 이상 챗GPT의 내부 구조 학습 방법 학습 데이터에 관한 세부 사항을 공개하지 않는다 유료 AI 서비스의 경쟁력 확보를 위해 불가피한 것일 수도 있다 하지만 모든 AI 기업이 이러한 변화에 따르는 것은 아니다 여전히 구글 메타 등 빅테크 기업이나 여러 AI 스타트업은 우수한 성능을 갖춘 대규모 AI 모델을 선뜻 무료로 공개하고 있다 AI 기업들이 막대한 자금을 들여 개발한 성과를 누구나 쓸 수 있게 공개하다니 의아한 일이다 심지어 경쟁사들까지도 마음껏 활용할 수 있다 왜 이런 일이 일어나는 것일까 여러 이유가 있겠지만 장기적으로 실보다 득이 크다고 판단하기 때문일 것이다 자사 기술을 내부에 꼭꼭 숨겨놓고 유료 서비스로 제공하면 지금 당장 돈을 더 벌 수 있을 것이다 하지만 기술을 공개해서 더 많은 이들이 참여해 기술을 발전시키면 시장 전체가 성장한다 AI 생태계가 자라나면 새 사업 모델을 만들어 더 큰 수익을 얻을 기회가 생겨난다 그래서 AI 시장 생태계를 키우려 애쓰는 것이다 이와 같은 생태계 확장을 잘 보여주는 사례로 웹서비스 기술을 들 수 있다 우리가 접속하는 대다수 웹사이트는 리눅스 운영체제에서 실행되는 웹서버를 통해 구동된다 그런데 그 운영체제나 실행 소프트웨어는 소스 코드가 공개되어 있고 누구나 무료로 자유롭게 사용할 수 있는 것이 대부분이다 현재와 같은 거대한 온라인 서비스 산업 생태계 근저에는 오픈 소스 소프트웨어가 자리 잡고 있다 이렇게 빠르게 발전하는 산업 분야에서는 기술 독점화가 아니라 기술 공개를 통해 시장의 파이를 키우는 전략이 더 유효할 수 있다 또 다른 예로 테슬라 사례가 있다 테슬라는 2014년 오픈 소스 특허 전략을 발표했다 테슬라의 전기차 관련 특허를 누구나 사용할 수 있도록 풀어 준 것이다 장기적인 시장 성장을 우선시한 전략이다 지금 AI 기술을 선뜻 공개하는 기업들도 비슷한 미래를 상상할 것이다 앞으로 AI 생태계가 확장되어 간다면 그 중심에는 오픈 소스 AI가 자리 잡고 있을 개연성이 크다 기반이 되는 AI 기술 자체는 무료로 사용할 수 있게 하되 이를 응용하는 부가적 서비스는 유료로 제공되는 사례가 많아질 것이다 국내에서도 AI 모델을 오픈 소스로 공개하는 사례가 늘어나고 있다 대학이나 연구기관이 아니라 대기업도 나서기 시작했다 지난 8월 LG AI연구원은 자사의 대규모 언어모델을 오픈 소스로 공개했다 거시적 안목을 갖춘 시도로 칭찬할 만하다 오픈 소스 AI의 개발과 확산에 있어 정부의 역할도 중요하다 본래 정부의 역할은 공공재로 기능하는 인프라를 잘 구축하는 일이다 AI 시대의 핵심 인프라는 바로 범용 AI 모델이다 그러니 정부는 한국어를 더욱 잘 이해하고 한국 환경에 더욱 적합한 범용 AI 모델이 널리 공개되어 국내 산업 인프라로 기능할 수 있도록 애써야 한다 이러한 사업은 지난달 출범한 국가인공지능위원회가 추진해야 할 중요 임무다 우수한 범용 AI 모델이 오픈 소스로 공개되면 AI 산업 생태계에서 고속도로 역할을 할 수 있다 잘 구축된 고속도로가 지역 곳곳에 활력을 불어넣는 것처럼 공개된 범용 AI는 여러 산업 분야에 걸쳐 AI 활용의 숨통을 틔울 것이다 이때 국내 AI 기술이 AI 생태계의 기반이 되도록 해야 한다 고속도로를 지나갈 때마다 외국 기업에 통행료를 내는 일이 없어야 하는 것처럼 AI를 활용할 때마다 외국 빅테크 기업에 대가를 치를 필요가 없는 환경이 조성되어야 한다 이렇듯 범용 AI 기반이 잘 구축되어 있으면 구체적 응용 분야는 여러 기업이 자발적으로 발전시키면 된다 그러면 굳이 정부가 나서서 응용 사례에 대한 실증 사업을 벌일 필요성은 크지 않다 오히려 정부 사업으로 인해 시장이 왜곡되지 않도록 유의할 일이다 또한 국가 연구개발 예산으로 개발된 AI 모델은 공개를 원칙으로 삼아야 한다 공개를 통한 검증이 가능해야 우수한 연구 성과가 도출될 수 있다 국가인공지능위원회가 앞장서서 AI 분야에서 오프 소스 코리아 를 향해 나아가기를 기대해 본다 김병필 KAIST 기술경영학부 교수 ,1
 ESG 인공지능 등 트렌드 반영한 학습 프로그램 강화 , 2025학년도 전기 신입생 모집하는 주요 대학의 MBA 과정 소개 학생선택권 위해 주말 수업 등 개설 연 2회의 글로벌 학습세미나 제공 해외 대학과 복수학위제도 운영도 4차 산업혁명으로 사회 트렌드가 바뀌고 경영환경이 변화함에 따라 MBA 과정은 새로운 프로그램을 마련하는 등 혁신을 거듭하며 새로운 교육 수요에 부응하고 있다 사진은 이화여대 경영전문대학원 MBA 과정 수업 모습 4차 산업혁명이 진행되며 나타나는 경영환경과 사회 트렌드 변화가 MBA 교육 현장에도 영향을 미치고 있다 변화를 이해하고 대응하기 위한 교육 수요가 커지고 있다 이에 부응해 MBA 과정도 변화를 꾀하고 있다 ESG 인공지능 빅데이터 핀테크 등 최근 트렌드와 이에 대응하는 경영전략을 학습할 수 있는 프로그램을 강화하고 있다 온라인 강의와 주말 수업을 확대함으로써 학생의 선택폭을 확대하기도 한다 2025학년도 전기 신입생을 모집하는 주요 대학의 MBA 과정을 소개한다 서강대학교 경영전문대학원 4대 전략 가치인 GLEE 와 협약을 맺고 KAIST MBA 과정의 비즈니스 애널리틱스 분야 를 글로벌 비즈니스 애널리틱스 분야 로 확대 개편해 AI 기반 비즈니스 응용에 집중한 해외 교육과 글로벌 기업 데이터를 바탕으로 현장감 있는 캡스톤 프로젝트를 제공한다 KAIST MBA Impact MBA 금융 MBA 금융공학프로그램 등 4개의 풀타임 과정과 이그제큐티브MBA 프로페셔널 MBA 정보경영프로그램 디지털금융 MBA 등 4개의 파트타임 과정을 운영하고 있다 김승수 중앙일보M P ,1
 AI허브 통해 인공지능 학습용 데이터 구축하고 개방해 혁신 이끌어 , 한국지능정보원 품질검증 거친 833종 데이터 구축 340만명 방문 이용 건수 58만 건 삼성 등 빅테크도 적극 활용 주목 한국지능정보원이 운영하는 국내 최대 AI 학습용 데이터 제공 플랫폼 AI허브 의 연도별 데이터 활용현황 데이터를 구축하는 일에 매진하고 있다 특히 주목할 만한 점은 재난 의료 등 데이터 확보가 어려운 분야에서 8종의 합성데이터를 공공부문 최초로 개방했다는 것이다 또한 과기정통부와 NIA는 버티컬 AI를 위해 전문 분야별 특화 데이터 구축 계획을 마련하고 있으며 기존 구축된 멀티미디어 데이터를 멀티모달 데이터로 개선하고 원본 데이터 활용 가능 체계로 고도화할 예정이다 이는 AI 개발을 촉진하고 한국 기업의 경쟁력을 높이는 데 기여할 것으로 기대된다 NIA는 데이터 제공뿐만 아니라 AI 모델 성능 개선에도 힘쓰고 있다 LLM 전문기업 업스테이지와 협력해 국내 최대 개방형 한국어 LLM 평가 체계인 Open Ko LLM 리더보드 를 운영하고 있으며 1700개 이상의 LLM 모델이 참가했다 이를 통해 AI 기술 발전을 가속하고 국내 AI 기업들의 글로벌 경쟁력을 강화할 것으로 기대된다 NIA 황종성 원장은 NIA는 데이터 인공지능 전문기관으로서 과기정통부와 함께 인공지능 발전에 필요한 데이터 및 데이터 유통 활용 인프라를 지속해서 발전시켜 나가겠다 며 특히 AI허브가 한국의 AI 기술 혁신을 이끄는 핵심 동력이 될 것임을 확신하며 AI 기술 발전과 경쟁력 강화의 중추적 역할을 할 것으로 기대한다 고 말했다 김재학 중앙일보M P ,1
 인공지능 데이터 기반 플랫폼 아폴로 스마트K2C 세계 최초로 개발 , 한국과학기술정보연구원 아폴로 사업화 유망성 분석 탐색 스마트K2C 기업 기술사업화 도와 국가전략기술 사업화 등 성과 기대 KISTI가 국가전략기술의 사업화를 지원하기 위해 인공지능 공공기관 등으로 기술이전 및 기업의 스케일업을 통한 매출 증대 생산성 향상 투자유치 수출 등의 성과를 인정받았다 여기서 그치지 않고 스마트K2C 활동으로 생산된 경험 실증데이터를 다시 분석 데이터에 포함시켜 더욱 효과적인 서비스를 제공할 수 있도록 연구개발 중이다 아폴로는 현재 검증 과정을 거치고 있으며 내년 초에는 서비스 기능 및 편의성 향상에 더욱 집중할 계획이다 이에 맞춰 스마트K2C 또한 내년 초 차세대 지능형 서비스 제공을 목표로 개발에 박차를 가하고 있다 KISTI 관계자는 아폴로와 스마트K2C가 다양한 기관들과 협업해 국가전략기술의 사업화 지원을 위한 대표 플랫폼으로 자리 잡아 성과를 창출하길 기대한다 고 말했다 박지원 중앙일보M P ,1
 세종사이버대학교 한국어학과 한글날 기념 인공지능 을 활용한 한국어 수업 지도안 공모 , 세종사이버대학교 등의 전문 자격 과정을 운영하고 있다 또 세종사이버대학교 한국어학과는 세종학당재단 및 재외동포재단과의 협약을 통해 해외 세종학당과 한글학교 교사의 재교육을 지원하고 있으며 부설 한국어교육원 운영 국내외 다양한 기관과의 협약을 통해 국어기본법 에 근거한 오프라인 현장 실습 강화에 힘쓰고 있다 온라인 중앙일보 ,1
 경희대학교 강성준 교수 연구팀 인공지능 이제 사람처럼 본다 , 경희대학교 에 표지 논문으로 게재됐다 인공지능은 자율주행 스마트 로봇 의료 진단 등 다양한 산업에 접목되며 빠르게 발전하고 있다 하지만 인공지능의 시각정보 처리는 그 발전 속도에 미치지 못해 산업 발전에 어려움을 겪고 있다 기존 컴퓨팅 구조로는 시각정보를 효율적으로 처리하기 어렵기 때문이다 이에 반해 뉴로모픽 컴퓨팅은 인간의 신경망을 모사해 데이터를 처리한다 메모리와 프로세서가 통합돼 데이터 처리 속도와 효율성을 크게 높였다 뉴로모픽 기술은 인공지능이 인간과 가까운 방식으로 정보를 처리하도록 유도해 자율주행 자동차 로봇 AI 시스템 등 다양한 분야에서 빠르고 정확한 판단을 내린다 연구팀은 뉴로모픽 컴퓨팅 기술을 활용해 세계 최초로 적외선 가시광선 자외선 등 다섯 가지 파장을 처리하는 광 뉴로모픽 소자를 개발했다 광 시냅스 소자는 512개 이상의 전도 상태를 구현해 다양한 파장의 광신호를 처리할 수 있다 이를 통해 인간의 시각 범위를 뛰어넘는 영역의 파장을 단일 소자 내에서 처리할 뿐만 아니라 빠르고 정확해 차세대 인공지능 기반 시각정보 처리 기술의 핵심으로 활용될 전망이다 강성준 교수는 이번 연구 성과는 차세대 인공지능 기술의 핵심을 이루는 중요한 발판이 될 것 이라며 자율주행 자동차 AI 기반 시각정보 처리 시스템 등 다양한 응용 분야에서 혁신적인 발전을 가져올 것 이라고 말했다 연구팀은 앞으로 이 기술을 실제 데이터 처리에 적용하고 머신러닝 기법과 결합해 더욱 발전된 시각정보 처리 시스템을 개발할 계획이다 온라인 중앙일보 ,1
 경희대 용인시 청소년 대상 인공지능 소프트웨어 교육 제공 , 경희대가 경기도용인교육지원청과 함께 용인 미르아이 공유학교 를 운영한다 사진은 지난 용인 미르아이 공유학교 교육 모습 경희대학교 까지 7번에 걸쳐 진행한다 이 프로그램은 청소년들이 인공지능 소프트웨어와 같은 미래 기술의 기초 지식을 갖춰 미래 인재의 경쟁력을 높이기 위해 추진됐다 이번 교육 프로그램은 초등 중등 고등 교육과정별 공교육을 분석하고 이와 연결된 미래 디지털 소양을 갖추도록 인공지능 소프트웨어 프로그램을 개발했다 또한 단순한 이론 교육을 넘어 학생들이 직접 기술을 체험하고 이를 다른 분야에 활용할 수 있도록 체험 실습 프로젝트로 구성됐다 이를 통해 청소년이 첨단 기술을 쉽고 재밌게 학습하도록 만들었다 교육은 용인시 소재 초등 중학교 학생이면 수강할 수 있고 경희대학교 국제캠퍼스 전자정보대학관과 학생회관 오픈랩에서 진행된다 초등학생은 블록코딩으로 배우는 인공지능 알고리즘 중학생은 로봇을 활용한 인공지능 프로그래밍 을 이수하며 자기 주도적 팀별 프로젝트를 수행한다 경희대 SW중심사업단 이성원 교수의 특강도 이뤄진다 이성원 교수는 인공지능의 시대 세상이 소프트웨어에 스며들다 라는 주제로 청소년을 대상으로 강연을 진행한다 조진성 SW중심사업단장은 청소년을 대상으로 체험형 디지털 교육을 진행하고 이를 통해 미래 융합 인재양성과 과학기술 대중화에 기여할 기회 라고 말했다 이번 사업을 기획한 경희대 미래혁신원 최현진 단장은 용인시와 협력해 학생 맞춤형 교육을 제공하며 진로 고민이 많은 학생을 위해 경희대만의 재밌는 교육 프로그램을 마련했다 며 지역사회와의 연계 협력을 통해 대학의 사회적 책임을 다할 수 있도록 노력할 것 이라고 밝혔다 온라인 중앙일보 ,1
 KT MS와 한국형 AI 개발에 2 4조 투자 , KT가 마이크로소프트 를 사용할 수 없었다 다만 김병환 금융위원장이 금융분야 생성 AI 활용을 제고하기 위해 망분리 규제를 단계적으로 합리화하겠다 고 밝히는 등 규제 환경이 바뀌는 추세다 현재 주요 대기업 2 3개 금융권 1 2개 기업이 도입을 논의 중이다 KT는 2029년까지 AI전환 관련 누적 매출이 4조5000억원에 이를 것으로 전망했다 KT와 MS는 GPT 4o 기반 한국어 특화 모델도 만든다 이 모델은 한국 교과서와 백과사전 신문기사 문학 신조어 등을 추가로 학습했다 ,1
 노벨문학상 수상 쾌거 이젠 과학 분야로 이어지길 , 13일 오후 경기도 고양시 장항동의 한영문화사에서 한강 작가의 작별하지 않는다 를 제본 중인 모습 이 책의 초판 1쇄를 찍어냈던 한영문화사는 작가의 노벨상 수상 직후 15만부 주문을 받아 주말에도 24시간 동안 공장을 가동했다 노벨 과학상은 일본 25명 중국 3명에 한국은 전무 기초과학 연구의 투자 규제 혁파 전방위 지원 필요 한국인으로 첫 노벨문학상 수상자가 된 소설가 한강 신드롬이 거세다 그의 작품이 서점에서 불티나게 팔리면서 인쇄소는 주말 내내 24시간 가동하고 있다 한국문학에 대한 자부심을 고양하는 한편 한국 문화의 국제적 위상을 제고해 준 쾌거다 2000년 고 에 이은 세계 2위지만 연구 성과는 8위에 불과하다 즉 연구의 가성비가 떨어진다는 얘기다 노벨 과학상에 한국이 명함을 내밀지 못한 건 척박한 연구 환경과 풍토에 기인한 바 크다 한국연구재단에 따르면 핵심 연구를 시작해 노벨상 수상까지 소요되는 기간은 평균 31 4년이다 이를 뒷받침하기에 우리 현실은 너무나 동떨어져 있다 기초과학보다는 상용화에 필요한 응용 연구에 집중하는 데다 이른바 돈이 되지 않는 장기 연구를 홀대해 와 단기 성과에 집중할 수밖에 없다 이 때문에 수준 높은 연구를 오랫동안 진행하며 깊이를 쌓아야 하는 축적의 시간 이 부족했다 이공계 기피와 의대 선호로 인한 우수 인력의 이탈 과학기술 예산 부족 등도 문제로 지적된다 가장 시급한 과제는 기초과학 분야에서 창의적 연구를 이어갈 분위기와 여건을 조성하는 것이다 정부는 기초과학에 대한 지속적인 투자와 함께 세제 등의 전방위 지원과 규제 혁파에 나서야 한다 이를 통해 기업과 대학 연구소 등이 연구에만 매진하고 혁신을 통해 경쟁력을 강화할 수 있도록 해야 한다 연구자 처우 개선을 위한 방안도 모색해야 한다 이런 모든 노력이 하나로 모일 때 과학 분야 노벨상 수상이라는 성과로 이어질 수 있다 노벨 과학상 역시 이룰 수 있는 꿈이다 ,1
 직원 절반이 급여 3억 이상 받았다 이 회사 구내식당 가보니 , 지난달 26일 를 기록하며 코스피 전체 시총의 두 배를 넘어섰다 실리콘밸리 ,1
 엔비디아 블랙웰 1년 치 완판 AI 사이클은 이제 시작 , 리사 수 AMD 최고경영자 은 이제 시작 이라는 낙관론이 다시 고개를 드는 모양새다 모건스탠리의 조셉 무어 애널리스트는 모든 징후로 볼 때 우리는 여전히 AI 투자 주기의 초기 단계에 있다 라고 말했다 ,1
 인류 재앙 어쩌면 좋나 올해 노벨상 탄 AI 대부의 경고 , 추천 더중플 노벨상 또 다른 주인공 AI 올해 노벨상은 파격의 연속이었습니다 과학 부문에선 예상을 깨고 인공지능 로 인해 편견이 확산될 위험성이 더 커졌다 윤 이사장과 AI 윤리 분야 석학들이 지금 AI 윤리를 말해야한다고 강조하는 이유는 킬러 로봇 더 큰 위협 있다 카이스트 천재 윤송이 경고 https www joongang co kr article 25260922 ,1
 현대차 싱가포르와 수소 AI 로보틱스 전방위 협력 , 현대자동차그룹이 싱가포르와 신에너지와 혁신제조 분야의 공동연구를 진행하고 인재 협력도 강화한다 인공지능 는 공동 연구개발의 거점이 된다 3자 기업 연구소에 현지 정부 기관이 참여하면서 향후 성과에 따라 싱가포르 국가 연구펀드의 투자도 받을 수 있게 됐다고 현대차그룹은 밝혔다 ,1
 아이폰16 17 혁신적 신기능 부족 AI도 제한적 보고서 분석 , 애플이 지난달 출시한 아이폰16 시리즈 로이터 연합뉴스 애플의 최신 스마트폰에 대한 투자자들의 기대가 매우 높지만 신제품이 이런 기대에는 미치지 못할 것이라는 평가가 나왔다 미국 투자은행 제프리스는 7일 시장이 예상하는 5 10 의 판매 증가는 어려울 것 이라고 전망했다 아이폰16은 지난달 출시에 들어간 최신 아이폰으로 이달 중 아이폰 운영체제 iOS 업그레이드를 통해 AI 기능이 탑재될 것으로 기대를 모으고 있다 하지만 전문가들은 아이폰16에서는 AI 기능이 일부 구현되고 내년에야 대부분의 AI 기능이 탑재될 것으로 보고 있다 하지만 제프리스는 내년에 나올 아이폰17에서도 AI 기능이 온전히 구현되지 못할 것으로 관측한 것이다 제프리스의 에디슨 리 분석가는 애플은 독점 데이터를 활용해 저렴하고 맞춤형 AI 서비스를 제공할 수 있는 유일한 하드웨어 소프트웨어 통합 플레이어 라며 장기적으로 애플의 AI 잠재력을 인정했다 다만 그는 현재 주가는 높다 며 단기적으로 AI는 애플의 주요 성장 동력이 되지 않을 것 이라고 언급했다 애플은 지난 4월 다른 빅테크에 비해 AI가 뒤처져 있다는 평가 속에 주가는 164달러선까지 하락했다 이후 AI 기능이 소비자들의 기기 업그레이드를 촉진해 매출 증가를 가속할 것이라는 낙관론으로 주가가 30 이상 뛰었다 리 분석가는 강력한 AI 기능을 구현하기 위해서는 스마트폰 하드웨어가 개선될 필요가 있다 면서 이런 개선은 2026 2027년쯤 이뤄져 2026년 출시될 것으로 예상되는 아이폰18 이후에나 가능할 것으로 내다봤다 이런 평가 속에 미 동부 시간 이날 오후 2시 11분 에 거래됐다 ,1
 허리케인에 강아지 안고 울던 소녀 울린 이 사진 가짜였다 , SNS 상에서 허리케인 헐린 의 피해 사진이라고 공유된 사진이 인공지능으로 생성된 사진으로 드러났다 사진 엑스 캡처 미국 남동부를 강타한 초대형 허리케인 헐린 의 여파로 수백명이 숨진 가운데 SNS상에서 공유된 피해 사진이 인공지능 은 헐린 과 관련된 가짜 정보가 온라인상에서 무분별하게 확산하자 웹사이트에 루머 대응 페이지를 개설했다 FEMA는 거짓 정보에 주의하고 신뢰할 수 있는 출처의 공식 정보를 공유해 자신과 가족 지역사회의 안전을 지켜달라 고 당부했다 ,1
 SK AI 서밋 내달 4일 개막 전세계 석학 참가 , 국내 외 저명한 인공지능 분야 인사들이 참석하는 행사가 서울에서 열린다 SK텔레콤은 다음달 4 5일에 서울 강남구 코엑스에서 SK AI 서밋 2024 를 연다고 7일 밝혔다 생성 AI 시대 대표주자인 오픈AI의 그레그 브로크먼 회장 겸 사장이 참석한다 브로크먼 사장은 직접 무대에 올라 AI의 미래 비전 이라는 주제로 좌담에 참여할 예정이다 라니 보카르 마이크로소프트 총괄 부사장 리 카이푸 시노베이션 벤처스 및 라임즈AI 회장 등도 참석한다 ,1
 커피 좀 사다줘 AI 비서가 알아서 척척 중국 응용 발전 어디까지 , 인공지능 은 향후 AI 응용의 발전 방향 중 AI 비서를 가장 높이 평가했다 가까운 미래에 스마트폰에 설치된 AI 비서가 각종 데이터를 취합해 이용자의 유비쿼터스 수요를 충족해 주고 기업의 AI 프로그래머 로서 개발자를 보조해 복잡한 업무를 수행하거나 데이터 분석자 로서 기업 데이터를 자동 수집 분석하고 데이터 가치 를 발굴할 것이라는 전망이다 이와 동시에 AI 비서의 기술 리스크 윤리 프라이버시 등 문제와 관련한 지적도 나온다 이에 대해 저우 CEO는 다각적인 측면에서 안전 보호벽을 세우고 연구개발 단계에서 안전성을 핵심 설계 원칙으로 설정해야 한다고 말했다 그러면서 사용 단계에선 기술 응용 경계 리스크에 대한 대중의 인식을 높이고 피드백 루트를 늘려야 한다고 덧붙였다 출처 신화통신 정리 차이나랩 ,1
 법무법인 세종 성균관대학교 인공지능신뢰성센터와 MOU 체결 , 세종 성균관대 인공지능신뢰성센터 업무협약식 시대에 필요한 새로운 윤리 기준을 확립하기 위해 중장기적으로 국내외 협력 플랫폼을 구축하고 공동연구 인력 교류 등을 확대함으로써 고객에게 보다 깊이 있고 전문적인 AI와 관련된 컨설팅을 제공할 예정이다 세종의 AI센터를 이끌고 있는 센터장 장준영 변호사는 사회경제의 지속성장을 지원하는 AI가 제대로 활용되기 위해서는 AI 거버넌스를 구축하여 기업 맞춤형 AI 위험 통제 모델 체계와 상시적 데이터 매니지먼트 체계를 활성화하는 것이 필요하다 면서도 개별 기업 차원에서 잠재적 AI 리스크를 제거하는 것은 사실상 불가능하므로 국제적으로 통용되는 보편적인 윤리 기준을 정립하는 과정도 매우 중요하다 고 강조했다 덧붙여 윤종인 세종 AI 데이터 정책연구소장은 오늘의 이 자리는 로펌과 대학이 국내 인공지능 윤리 및 거버넌스 정립을 위한 공동연구와 상호 협력을 약속하는 특별한 자리 라며 AI의 신뢰 체계 및 윤리 정립을 위한 다양한 연구를 주도해 나가며 산업별 맞춤형 AI 윤리 정책 마련에 크게 기여할 것 이라고 말했다 온라인 중앙일보 ,1
 동행명령 엄포 놓고 때린 직무정지 이진숙 일하고 싶다 , 국회 과학기술정보방송통신위원회의 7일 방송통신위원회 국정감사는 탄핵소추로 직무가 정지된 이진숙 방송통신위원장의 청문회를 방불케 했다 당초 이날 오전 과방위의 방통위 국감에 이진숙 위원장은 출석하지 않았다 탄핵 소추안 가결로 직무정지라 불출석하겠다는 사유서를 냈지만 민주당 소속 최민희 과방위원장이 불출석 시 동행명령장 발부를 예고하면서 이날 오후 3시께 이 위원장은 모습을 드러냈다 이 위원장이 국회에 출석한 것은 지난 8월 14일 과방위의 방송장악 관련 2차 청문회 이후 두 달 만이다 7일 국회 과학기술정보방송통신위원회에서 열린 방송통신위원회 방송통신사무소 시청자미디어재단 한국방송광고진흥공사 국정감사에서 최민희 위원장이 윤원일 대검찰청 형사 3과 과장 강필구 방송통신위원회 혁신기획담당관 증인 추가 출석 요구의 건을 상정하고 있다 뉴스1 더불어민주당 등 야권은 지난 청문회 때부터 제기한 법인 카드 유용 의혹 등을 꺼내 들며 이 위원장에 대한 질의를 이어갔다 이해민 조국혁신당 의원이 세금으로 월급 따박따박 받아가고 있는데 강제를 놓고 집중 질의할 예정이었다 애플은 네이버보다 더 큰 이익을 거뒀음에도 국내에서 법인세를 네이버의 3 수준만 내고 있다 2020년 한국은 구글 애플의 인앱 결제 를 강제하는 법안을 도입했었다 최수진 국민의힘 의원은 우리나라는 인앱결제 강제 금지법을 세계 최초로 만들었는데 현재까지 아무런 의결이 되지 않은 상태 라며 이것은 방통위가 정상적으로 운영되지 않았다는 단정적인 증거 라고 꼬집었다 이에 김태규 방통위 직무대행은 헌법재판소가 이진숙 위원장에 대한 탄핵 심판 결정을 빨리해줘야 한다 며 내부적으로 구글 애플에 대한 조사가 완료된 만큼 방통위 업무가 정상화되면 이들의 반독점 행위에 대해 신속 대처할 것 이라 했다 방통위는 인앱결제 강제금지법을 통해 특정 결제 방식 강제 행위를 금지했음에도 구글 애플이 규정을 회피하는 데 대해 지난해 10월 애플에 205억원 구글에 475억원의 과징금 부과를 의결했다 하지만 현재 김 직무대행 1인 체제로 실제 부과는 이뤄지지 않고 있다 이진숙 방송통신위원회 위원장이 7일 오후 국회 과학기술정보방송통신위원회에서 열린 방송통신위원회 방송통신사무소 시청자미디어재단 한국방송광고진흥공사 국정감사에 자리하고 있다 뉴스1 이날 국감에 증인 출석한 빅테크 기업 중 가장 많은 질문을 받은 기업은 구글이었지만 형식적 해명만 반복하거나 본사 권한으로 책임을 돌렸다 박충권 국민의힘 의원이 우리나라만 유독 유튜브 요금제가 급격하게 인상되고 있는 것으로 보인다 고 지적하자 김경훈 구글코리아 사장은 유튜브 본사에서 가격을 결정하고 있는데 경제 소득이나 국가별 인상률 등 여러 요소를 고려하고 있다 고 답했다 ,1
 애플도 이용자 데이터 못 본다 프라이버시 앞세운 애플의 AI , 팀 쿡 애플 최고경영자 는 애플이 오픈AI와 통합한다면 우리 회사에서 애플 기기는 금지할 것 이라며 개인정보 유출 위험에 대해 강한 우려를 표하기도 했다 애플은 비공개 클라우드 컴퓨팅 기술로 이런 우려를 불식시킨다는 구상이다 나아가 사용자가 직접 데이터 활용 현황을 인지할 수 있도록 투명성 관리 기능도 강화했다 이용자는 오픈AI로 질문 문서 등 요청사항을 보내기 전에 내용을 확인한 후 전송 여부를 선택할 수 있고 공유할 데이터를 조정할 수도 있다 답변을 얻는 과정에서 이용자가 보낸 데이터는 오픈AI와 사전 협의를 거쳐 챗GPT 학습에 사용되지 않도록 했다 ,1
 6만전자 불안한 당신 지금 당장 돈 벌려면 이 종목 보라 , 추천 더중플 힘 못쓰는 반도체 투자 어떻게 할까 반도체 업황을 둘러싸고 여기저기서 엇갈린 신호들이 나오고 있습니다 유명한 외국계 증권사가 겨울이 닥친다 며 비관론을 냈지만 반도체 기업인 마이크론의 최근 실적과 향후 전망치는 훌륭했습니다 한국의 9월 반도체 수출도 사상 최대치를 기록했는데 정작 삼성전자 주가는 6만원대가 위태롭습니다 인공지능 불안이 다시 퍼졌습니다 셋째 AI 고점론 우려도 완전히 사라진 건 아닙니다 그렇다면 주식 비중을 줄이거나 정리해버리는 게 나을까요 만약 모든 투자금이 주식에 몰려 있다면 낮출 필요가 있을 겁니다 하지만 장 지점장은 현재 주식투자 비중이 50 이하라면 오히려 주식 비중을 늘리는 게 좋다 고 말합니다 더 자세한 기사 내용은 더중앙플러스 구독 후 보실 수 있습니다 링크를 복사해 주소창에 붙여넣으세요 빅컷 당장 돈 벌려면 바이오 단 1년 묵힐 거면 이걸 사라 https www joongang co kr article 25279360 머니랩과 살펴보는 AI 반도체 전망차세대 메모리로 수요가 이어지고 있는 HBM 일러스트 김지윤 반도체 겨울 오지 않는다 모건스탠리 때린 투자 고수 https www joongang co kr article 25279989 1000만원은 여기 1억은 저기 대선이 불려줄 황금 종목 https www joongang co kr article 25281389 빅컷 그런 건 잔물결에 불과 ETF 아버지의 투자 1원칙 https www joongang co kr article 25279092 AI주 거품 경고 쏟아지는데 빅테크는 309조 더 지른 이유 https www joongang co kr article 25277238 ,1
 경기도 킨텍스서 5070 일자리 박람회 31개 시 군 순회 개최 , 경기도는 오는 12월까지 도내 31개 모든 시 군에서 노인과 중장년에게 맞춤형 일자리를 연결하는 채용박람회를 연다고 4일 밝혔다 경기도 5070 일자리 박람회 포스터 사진 경기도 고양시를 시작으로 수원시에서 막을 내릴 예정인 이번 일자리 박람회는 노인이나 중장년이 개인별로 능력이나 경력에 맞는 다양한 직종에 취업할 수 있도록 마련된다 도는 박람회를 통해 도내 우수 중견 중소기업의 노인 중장년 종사자 비율을 높이고 단순직종에 집중됐던 노인 일자리를 다양한 양질의 일자리까지 확대할 계획이다 개막 행사로 7 8일 이틀간 고양 킨텍스에서 경기도 5070 일자리 박람회 를 개최한다 북부 광역박람회인 이 자리에서는 기술직 생산직 사무직 등 노인 및 중장년 채용을 희망하는 150여 개 기업이 맞춤형 일자리 제공을 위해 참여한다 이력서 자기소개 직종별 맞춤 컨설팅 등으로 구성된 취업 컨설팅관을 통해 효율적으로 구직자를 지원하고 재무설계 컨설팅 퍼스널 컬러 진단 이력서 사진촬영 인생네컷 마음상담소 취업타로 등 부대 행사도 진행한다 채용관과 부대 행사도 운영한다 7일에는 구직자들의 노후설계를 위한 미래설계특강과 토크콘서트를 진행한다 8일에는 돌봄 테크 를 주제로 하는 5070 커리어 콘퍼런스를 열어 고령화 시대의 인공지능 로봇 활용에 대한 토론을 진행한다 경기도청 청사 전경 사진 경기도 구직자는 박람회 누리집을 통해 사전 입사 지원을 할 수 있으며 박람회 현장에서 참여기업에 직접 입사 지원을 할 수 있다 구직을 원하는 노인 중장년은 이력서 사진촬영부터 이력서 작성 취업컨설팅까지 모두 도움을 받을 수 있어 신분증만 소지하고 행사장을 방문하면 된다 이후 시 군을 순회하며 지역별 박람회가 12월 초까지 이어진다 지역별 박람회는 각 시 군 단독 또는 인근 시 군과 합동으로 진행할 예정이다 마지막으로 열리는 남부권 광역 채용박람회는 12월 10 11일 수원 메쎄에서 진행될 예정이다 오후석 경기도 행정2부지사는 노인과 중장년의 인구가 매년 증가해 구직수요 또한 늘어나고 있으나 양질의 일자리를 찾기가 어려운 현실 이라며 박람회를 통해 구직자들의 능력 경력에 맞는 양질의 일자리가 제공될 것으로 기대하고 있다 노인과 중장년의 일자리 창출과 복지향상을 위해 지속해서 노력하겠다 고 말했다 ,1
 LG그룹 AI 프로젝트 핵심 7조 대어 LG CNS 상장 시동 , 코스피 상장 예비 심사 신청 LG그룹의 정보기술 등을 지표로 삼는데 대표적인 동종 기업인 삼성SDS 주가가 최근 내린 점은 불리하게 작용할 가능성도 있다 고 말했다 ,1
