제목,기자,날자,내용
"게임 업계의 일곱 번째 노조 생겼다...넷마블 노조 ""보이지 않는 구조조정 중""", 인현우 ,2024.05.07,"국내 주요 게임사 가운데 하나인 넷마블에 민주노총 산하 노조가 만들어졌다. 이미 노조가 존재하는 넥슨·스마일게이트·엑스엘게임즈·웹젠·엔씨소프트·NHN에 이어 일곱 번째 게임사 노조다.민주노총 산하 전국화학석유식품산업노동조합은 산하 넷마블그룹노조(넷마블지회)가 공식 출범했다고 7일 밝혔다. 화섬노조에 따르면 지회는 △인센티브 정책·연봉 인상률·수익 등의 투명한 공개와 결정 △고용 안정 △노동자의 인권과 존엄에 대한 존중 등을 요구할 계획이다.노조는 창립선언문을 통해 ""회사는 경영 위기를 주장하며 그 대가를 직원들에게 떠넘겨 왔다""고 주장했다. 최근 계약직의 계약 해지와 팀 해체, 연봉 동결 등을 거론했다. 넷마블에프엔씨가 자회사 '메타버스월드'를 올해 초 청산하는 과정에서 70명에 권고사직을 통보하고 위로금 1개월 치를 지급한 것을 지적하면서 ""보이지 않는 구조조정 중""이란 표현도 썼다.넷마블 관계자는 노조 설립에 대해 ""법으로 보장된 근로자의 당연한 권리로 직원들의 자유 의사를 존중한다""며 ""적극적인 의견 청취와 소통을 통해 행복한 일터를 조성할 수 있도록 함께 힘써 나갈 예정""이라 밝혔다.게임업계를 포함한 정보기술(IT) 기업을 무대로 신규 노조가 속속 등장하는 것은 업계에 종사하는 노동자들이 고용 불안을 체감하고 있기 때문이다. 신종 코로나바이러스 감염증(코로나19)으로 인한 '비대면 경제'의 규모가 줄어들고 경쟁이 치열해지자 게임사들이 실적 부진에 시달렸고 이에 경영진이 긴축 경영에 나서면서 국내외를 막론하고 게임업계에선 대량 해고와 사업 정리 등이 이어졌다.지난해 엔씨소프트와 NHN에서 민주노총 화섬노조 산하로, 구글코리아에선 사무금융노조 산하로 지회가 출범했다. 올해 초에도 야놀자·인터파크 노조가 조직을 알렸다. 화섬노조 산하 IT 계열 7개 기업 노조는 지난해 말 모여 올해 임금 협상을 연대한다는 방침을 발표하는 등 협상력을 강화하고 있다."
"""중국 국영매체, 테무 등 IT기업 동원해 외국인 개인정보 수집"" 주장 제기", 조영빈 ,2024.05.02,"중국 선전 매체들이 '테무' 등 자국 기업을 통해 외국인 개인 정보를 수집 중이라는 주장이 제기됐다.미국 워싱턴포스트(WP)는 1일(현지시간) 호주 싱크탱크 호주전략정책연구소(ASPI)의 보고서를 인용, ""중국 정부가 통제하는 국영 매체들이 쇼핑·게임 앱 등을 운영하는 자국 정보기술(IT) 기업들의 개인정보 수집 행동과 광범위하게 연계돼 있다""고 보도했다.이 보고서는 1,000여 개의 중국 정부 기관과 중국 기업 간 관계를 파악했는데, 여기엔 온라인 쇼핑몰 테무와 인민일보 간 정보 공유 가능성이 나타났다. 테무의 모회사 격인 핀둬둬가 중국공산당 기관지 인민일보 계열의 데이터 관리회사인 인민데이터베이스(인민DB)와 정보 공유 파트너십을 맺고 있다는 것이다. 테무는 미국과 한국 등 전 세계적으로 사용자가 급속하게 늘고 있는 초저가 쇼핑몰이다.이번 연구를 이끈 사만다 호프먼 ASPI 수석 연구원은 ""그들(중국)은 선전·선동을 강화하기 위해 이 같은 회사를 활용해 중국 내부뿐만 아니라 세계를 대상으로 전략적 가치가 있는 데이터를 수집·사용한다""고 주장했다. 실제 인민DB 홈페이지에는 핀둬둬가 자사의 기업 파트너라고 소개되어 있다.중국 최대 차량 공유 업체인 디디추싱과 중국 국영 항공사 중국국제항공(에어차이나)도 인민DB와 파트너십을 맺고 있는 것으로 나타났다. 보고서는 ""중국의 국가 선전당국이 중국 게임업체와 인공지능(AI)·메타버스 기업과의 연계도 확대하고 있다""고 지적했다.중국 업체들은 이 같은 주장을 강하게 부인했다. 테무는 ""인민DB와 우리는 아무런 관계가 없다""며 ""미국 사용자 데이터는 미국 마이크로소프트(MS)의 애저 클라우드 서비스에 저장하고 있다""고 해명했다. 핀둬둬도 ""우리는 인민DB와 데이터 공유 계약을 맺지 않았다""며 ""보도자료 등 콘텐츠 배포 등에 대한 협력만 진행하고 있다""고 설명했다.WP는 ""중국 선전부대와 중국 기술 업체 간 연계가 커지고 있지만, 데이터가 어떻게 공유되는지를 보여주는 직접적인 증거는 많지 않아 보인다""고 짚었다. 반면 호프먼 연구원은 ""중국의 선전 시스템이 이 같은 노력(기업을 통한 정보 수집)에 엄청난 투자를 하고 있는 점만큼은 중요하게 여길 만하다""고 강조했다."
"한성대, IEEE SA 3079와 업무협약 체결",내용없음,2024.05.02,"한성대학교(총장 이창원)는 지난달 25일 교내 상상관 9층 대회의실에서 미국 전기전자공학자 표준협회(IEEE SA)의 워킹그룹으로 몰입형 콘텐츠 표준화를 추진하는 워킹그룹인 IEEE SA 3079(의장 이범렬)와 국제표준화 협력 및 표준 전문 인재 양성을 위한 업무협약을 체결했다고 밝혔다.이번 협약은 인공지능, 메타버스, 디지털휴먼 등 디지털콘텐츠 분야의 국제표준 개발 및 교육 협력 등 국제표준의 확산을 위해 협력할 것을 목적으로 하고 있다.한성대학교는 ICT분야의 표준 포럼 운영과 메타버스 환경에서 개인정보보호 표준 개발(과제 책임 신현덕 교수)등 국제표준 활동에 적극적으로 참여해 왔으며, 지난달 25~26일 한성대에서 IEEE 3079 국제표준 회의를 개최하면서 양 기관의 업무협약(MOU)을 체결하게 되었다.이번 업무협약 체결로 대학의 교육 및 연구 기반을 활용하여 국제표준 활동에 참여하고 표준 전문인력의 육성을 위한 협력을 확대하여 학생들에게 국제표준에 대한 인식 제고 및 확산에 기여할 것으로 보인다.이범렬 IEEE 3079 의장은“국제표준화는 단순히 기술적 약속을 넘어 국가 간의 경제적, 기술적 협력을 강화하고 소통과 협력을 증진하는 중요한 분야이며, 미래산업의 경쟁력 확보와 미래세대의 글로벌 역량 강화를 위해 매우 중요한 분야”며“한성대학교의 적극적인 지원과 관심에 감사드리고 양 기관이 협력을 강화하여 표준개발 및 인식 확산, 미래인재 양성을 위해 함께 하기를 희망한다”고 밝혔다.이창원 한성대 총장은 “미래산업의 주도권을 확보하기 위해 국가나 기업 간 무한 경쟁의 시대에 도래하였고, 이러한 환경에서 국제표준은 기술의 글로벌 호환성과 신뢰성을 확보함으로써 세계시장에서 경쟁력을 확보하는 중요한 분야이다”며, “이번 업무 체결을 통해 대학의 교육 및 연구기반을 활용하여 표준개발에 적극 참여하고 미래지향의 글로벌 인재 양성을 위해 함께 협력하는 출발점이 되기를 희망한다”고 말했다."
"LG전자 로봇·메타버스 핵심 기술, 세계 최고 AI 학회서 논문에 뽑혀", 인현우 ,2024.04.30,"LG전자가 세계 최고 권위 인공지능(AI) 학술대회에서 발표한 로봇과 메타버스 분야 핵심 기술을 다룬 논문이 최상위 논문으로 채택됐다고 밝혔다.30일 LG전자에 따르면, 5월 오스트리아 빈 전시 및 회의센터에서 열리는 표현학습국제학회(ICLR) 2024년 학술대회에서 LG전자의 '공간 인식률을 높인 AI 기술'과 '2D 이미지 기반 3D 공간 재현 기술'이 각각 최상위 논문으로 선정됐다.공간 인식률을 높인 AI 기술 논문은 제출 논문 중 1% 이내에 해당하는 최상위 평가를 받아 구두발표 기회를 얻었다. 두 이미지 비교를 통해 이미지 간 유사성과 차이점을 분석하고 이미지에 나타나는 물체의 위치와 형태를 파악·예측할 수 있는 기술을 알리고 있다. 이 기술을 로봇에 적용하면 외부 환경이 달라져도 로봇이 공간을 정확히 인식하고 움직일 수 있게 된다.'2D 이미지 기반 3D 공간 재현 기술'도 제출 논문 중 5% 이내 평가를 받았다. AI를 통해 2차원 이미지 속 벽·천장·기둥 등을 학습해 3차원으로 재현하는 기술이다. 디지털 세계에 현실을 그대로 복제하는 '디지털 트윈'과 메타버스를 구현하는 데 쓸모가 있을 것으로 보인다.ICLR은 구글 스칼라가 발표하는 학술지 영향력 지표에서 신경정보처리시스템학회(NeurIPS), 국제머신러닝학회(ICML)와 함께 AI 관련 세계 3대 학회로 꼽혔다. 주로 딥러닝 관련 핵심 기술에 관한 논문이 소개되며 채택률이 약 25%에 불과할 만큼 경쟁률이 높다.LG전자는 이번 연구 성과가 로봇, 메타버스 등에 실제 적용 가능한 AI 분야 선행 기술을 확보한 것이라고 의미를 부여했다. 김병훈 LG전자 최고기술책임자(CTO) 부사장은 ""LG전자의 AI 기술 역량을 제품과 서비스에 적용해 실생활부터 미래 가상 공간에 이르기까지 다양한 영역에서 고객의 삶을 더욱 편리하고 즐겁게 만들어 나갈 것""이라고 밝혔다."
"포스코DX, 제조 분야서 첫 풀필먼트센터 물류시스템 구축", 김지현 ,2024.04.29,"포스코DX는 포스코 광양제철소와 협력해 국내 제조업 최초로 풀필먼트센터(Fulfillment Center)를 구축했다고 29일 밝혔다.풀필먼트센터는 물류의 주문, 보관, 포장, 배송, 회수 및 반품 처리까지 통합 서비스를 제공하는 곳이다. 정보기술(IT)·자동화기술(OT)·로봇을 융합한 물류 시스템이다. 주로 물류 기업들이 소비자들에게 신속하고 정확한 배송을 위해 활용하는데 포스코는 제철소에 필요한 자재 조달을 위해 풀필먼트 개념을 도입했다. 포스코 광양제철소가 8일 광양 국가산업단지에 준공한 포스코 풀필먼트센터는 연면적 5만㎡로 축구장 7개와 비슷한 규모다. 3만4,000개 이상의 셀(Cell)에 여러 규격의 자재를 저장할 수 있는 능력을 갖췄다.포스코DX는 1년 동안 500여 가구가 사용할 수 있는 전력량인 1.4메가와트(MW)급 태양광 발전 설비를 풀필먼트센터 지붕에 설치해 친환경 저탄소 물류센터로 운영될 수 있도록 했다. 또한 데이터 기반으로 자재 수요를 예측하고 재고를 관리하는 창고관리시스템(WMS)을 구축해 자재 보관과 배송 관리의 효율성을 높였다. 또 사용자가 포스코 풀필먼트센터를 방문하지 않고도 3D 메타버스 환경에서 자재 이미지와 위치를 확인해 주문할 수 있으며 자재 배송 현황도 실시간으로 조회가 가능하다.포스코DX는 국내 물류자동화 시장을 더욱 활발하게 공략해 나갈 계획이다. 포스코DX는 ""이번 프로젝트를 통해 IT시스템 구축부터 설비 자동화, 로봇 엔지니어링까지 회사의 주요 디지털 전환(DX) 기술들을 융합한 대표적인 레퍼런스(참고자료)를 확보했다""고 강조했다."
"스마트팩토리, 산업용 로봇 탄력 받았다...포스코DX, 영업이익 전년 대비 17.5% 상승", 김지현 ,2024.04.25,"포스코DX는 1분기(1~3월) 매출 4,401억 원, 영업이익 352억 원을 기록했다고 25일 공시했다. 전년 동기 대비 매출과 영업이익이 각각 8.3%, 17.5%가 증가한 것이다. 같은 기간 포스코DX의 당기순이익은 257억3,500만 원으로 0.3% 증가한 것으로 잠정 집계됐다.포스코DX는 ""이차전지를 비롯해 포스코 그룹에서 추진하고 있는 철강, 친환경 미래소재 등 주력사업에 대한 스마트팩토리, 공장자동화, 산업용 로봇 등 사업 기회가 증가한 결과""라고 설명했다.포스코DX는 IT(Information Technology)와 OT(Operation Technology)를 융합해 제철소, 이차전지 등 다양한 분야에서 스마트팩토리를 선도적으로 구축해왔다. 올해부터는 산업용 AI와 로봇을 융합한 '인텔리전트 팩토리’로 한 단계 발전시켜 나가며 생산성을 더욱 높여 나갈 계획이다.포스코DX는 기존 AI 조직을 확대 개편한 AI 기술센터를 발족해 산업 현장에 필요한 핵심 기술 개발과 상용화, 현장 확산을 빠르게 실행할 수 있는 체계를 구축하고 있다. 로봇 자동화를 전담하는 로봇자동화센터를 신설해 고위험 산업 현장에 로봇을 적용하기 위한 컨설팅, 설계, 시스템 구축 등 역량을 강화하고 제철소와 물류센터를 비롯한 다양한 산업 현장에 이를 적용해 나가고 있다.포스코DX 관계자는 ""산업용 로봇자동화, AI, 메타버스, 디지털트윈 등의 기술을 바탕으로 하는 신사업 발굴과 육성을 통해 견고한 성장 기반을 마련해 나갈 계획""이라고 설명했다."
"경북 국제AI·메타버스영화제, 6월 구미서 개막", 정광진 ,2024.04.23,"‘2024년 경북도 국제 AIㆍ메타버스 영화제(GAMFF, Gyeongsangbuk-do international AI․Metaverse Film Festival)’가 6월 15, 16일 경북 구미지역 상영관에서 처음으로 열린다.영화제를 앞두고 지난 18일 마감한 공모전에는 미국 중국 인도 등 국내외 43개국에서 527편이 응모, 관심이 집중되고 있다. 영화연출 감독, AIㆍ메타버스 전문가에서 일반인, 학생까지 폭넓은 참여로, 6월 영화제 성공 전망을 밝게하고 있다.이번 공모전은 영화 부문과 영상 부문으로 나누어 진행됐으며, 총 21개 작품에 총상금은 3,500만 원이다.수상작은 유명 영화감독인 이장호 감독 등 전문가로 구성된 심사위원회가 평가를 해 내달 27일 영화제 출품작을 선정하게 된다.한편 공모기간에 교육 오리엔테이션으로 진행된 ‘갬프 원데이 클래스’에는 50명 모집에 전국에서 200여 명의 참가자가 몰려 이번 영화제에 대한 높은 관심을 보였다.GAMFF조직위는 ‘국제영화제’라는 대중예술에 ‘AI와 메타버스를 활용한 영상ㆍ영화 공모’라는 독특한 아이디어를 접목하고, 각계각층의 구체적인 타깃을 설정해 적극적으로 홍보한 점이 해외를 포함한 흥행몰이에 주효했다는 평가다.임영하 영화제조직위원장은 “처음으로 열리는 영화제라 작품공모에 150여 편을 목표로 했으나, 마감 결과 527편이라는 놀라운 성과와 폭발적인 관심에 다소 놀랐다”며 “성원에 힘입어 6월에 개최하는 영화제 준비에도 빈틈없이 준비하겠다”고 밝혔다.조직위는 6월 15일 구미시 금오산도립공원 특별무대에서 열린 영화제 개막식에 앞서 영화제 온라인플랫폼을 구축, 출품작을 감상할 수 있도록 할 방침이다. 또 16일까지 구미지역 영화관에서 공모 수상작과 국내외 초청작을 일반에 공개한다.이철우 경북지사는 “AIㆍ메타버스 영화제는 기술과 예술의 융합을 통한 새로운 창작의 장인 동시에, 국제적인 교류를 통해 경북이 메타버스 시대를 선도하는 기회의 장이 될 것”이라며 “영화제 준비에 참여한 감독들과 조직위원들의 노고에 감사드리고, 공모전 성공을 초석으로 해 다가오는 영화제 준비에 최선을 다해달라”고 당부했다."
"경북도, 과기부 제조업AI융합기반조성사업 공모 선정", 정광진 ,2024.04.22,"경북도가 대구 부산 울산 경남 영남권 5개 광역지자체와 공동으로 과학기술정보통신부 주관 ’제조업 AI융합 기반 조성 사업‘ 공모에 선정돼 국비 300억 원을 확보했다.이 사업은 2026년까지 총사업비 450억 원(국비 300억, 지방비 150억)을 들여 생산설비의 노후화, 인력난, 산업재해 등으로 어려움을 겪는 제조업계의 현안해결을 위한 인공지능(AI) 솔루션을 개발하고 이를 제조현장에 실증, 확산하는 것이다.지역별 제조업 주력산업에 따라 경북은 철강, 부산 기계, 대구 지능형기계, 울산 화학, 경남 자동차부품을 대상으로 혁신적 제조 기술을 개발해 실증한다. 이어 지역간에 교차실증한 다음 효율성이 확인되면 다른 지역으로 확산하게 된다.경북도는 철강도시 포항을 중심으로 총 90억 원을 들여 기업수요 맞춤형 AI기술을 개발키로 했다.이를 위해 경북소프트웨어진흥본부(포항테크노파크)에 지역 제조데이터 분석ᆞ가공 및 AI솔루션 개발을 위한 인공지능전환(AX)랩을 구축하고 5월중 공모를 통해 AI 기업과 실증을 원하는 제조기업을 선정할 계획이다.이번 사업을 통해 지역 기업들의 생산성 향상, 불량률 감소, 산업재해 방지 등 제조업 경쟁력 강화는 물론 지역의 AI 역량 강화 및 활용확산을 통한 AI 생태계 활성화에 기여할 것으로 기대된다.이정우 경북도 메타버스과학국장은 “이번 사업을 통해 생산설비 노후, 인력난, 산업재해 등 다양한 제조분야 위기 극복과 돌파구 확보 방안이 마련될 것으로 기대한다”며 “앞으로도 지역 디지털 확산을 위한 인공지능 융합ᆞ확산 과제를 지속해서 발굴해 경북이 디지털 대전환 선도 지역으로 도약할 수 있도록 노력하겠다”고 밝혔다."
"""K팝으로 돈 벌기, 늦지 않았어""...엔터·음악 모르는 기업들 줄줄이 진출", 고경석 ,2024.04.17,"지난달 27일 데뷔한 걸그룹 유니스는 의류 패션 기업 F&F의 자회사 F&F엔터테인먼트 소속이다. 지난해 기획사 설립 후 내놓은 첫 번째 콘텐츠가 유니스다. 삼성출판사 김봉규 창업주의 차남 김창수 회장이 설립한 F&F는 1990년대 베네통, 시슬리, 엘르 등 해외 브랜드를 들여오고 MLB, 디스커버리 등 패션과 무관한 분야의 상품권을 따와 패션 브랜드로 성공시켰다.패션 기업이 K팝 기획사를 만들어 제작에 뛰어든 것은 이례적인 일이다. F&F엔터테인먼트는 카카오엔터테인먼트 출신인 최재우씨를 대표로 영입한 뒤 SBS 걸그룹 오디션 프로그램 ‘유니버스 티켓’을 제작하는 방식으로 회사 설립 1년여 만에 K팝 그룹을 배출했다.비슷한 시기에 데뷔한 하이브의 아일릿, YG엔터테인먼트의 베이비몬스터에 다소 가려져 있지만, 유니스는 데뷔 앨범이 발매 일주일 만에 5만 장 넘게 팔리는 등 비교적 순조롭게 출발했다. F&F는 설립 2년 차에 자본잠식 상태가 된 F&F엔터테인먼트에 지난달 30억 원을 추가 출자하는 등 신사업 투자에 적극적이다. 올 하반기엔 ‘유니버스 리그’라는 이름의 보이그룹 오디션 프로그램을 제작해 내년 초 보이그룹을 데뷔시킬 예정이다.K팝 산업이 세계적으로 크게 확장하면서 자본이 몰리고 있다. 최근 들어선 가요·연예 기획사가 아닌 다른 분야의 업체까지 K팝에 뛰어들었다. 전속계약 기간이 끝나 홀로서기에 나선 유명 K팝 그룹 가수들이 쏟아지면서 이들과 손잡고 기업 가치를 끌어올리려는 시도도 있다.최근 가상 아이돌 그룹 플레이브로 가요계에 돌풍을 일으킨 블래스트는 MBC 사내 벤처가 독립해 만든 회사다. MBC에서 시각특수효과(VFX)를 담당하던 이성구 대표가 2022년 초 설립한 벤처기업으로, 캡콤코리아 출신 윤창희 부대표를 비롯해 VFX와 게임업계 베테랑들이 회사의 핵심 인력이다.실물 가수가 가상 캐릭터 뒤에서 활동하는 플레이브와 달리, 인공지능(AI) 딥러닝 기술을 활용해 제작된 가상 걸그룹 메이브는 게임회사 넷마블의 계열사인 넷마블에프엔씨의 자회사인 메타버스엔터테인먼트가 카카오엔터테인먼트와 손잡고 지난해 초 데뷔시켰다.시장 진입 초기 단계인 이 업체들은 대부분 가요 기획사와 협업하거나 업계 베테랑을 영입하는 방식으로 K팝 콘텐츠 사업을 펼친다. 넷마블 관계자는 “엔터테인먼트 관련 업무는 주로 카카오엔터테인먼트에서 하고 메타버스엔터테인먼트는 기술적인 부분에 집중한다”고 설명했다.K팝 가수들이 아시아권을 넘어 세계적인 스타로 성장하면서 신생 업체와 손을 잡는 일도 눈에 띄게 늘었다. 그룹 빅뱅의 지드래곤은 지난해 YG엔터테인먼트를 떠나 2019년 설립된 회사인 갤럭시코퍼레이션과 계약했다. ‘슈퍼 IP 기반 메타버스 기업’이라는 모호한 정체성을 지닌 이 회사는 지식재산(IP) 개발과 라이선스 사업으로 시작했다. 2022년부터는 ‘스트릿 우먼 파이터’ ‘피지컬 100’ ‘뭉쳐야 찬다’ 등의 제작에 참여한 스튜디오 3곳을 인수하면서 몸집을 급격히 키웠다. 소속 가수는 지드래곤 한 명뿐인데, 올해 들어 기업공개(IPO) 준비 작업에 힘을 쏟고 있다고 한다.이에 따라 가요계 베테랑 인사들과 K팝 스타들의 자리 이동이 늘어날 전망이다. 중견 K팝 기획사 관계자는 “K팝 시장이 세계적으로 커지고 플랫폼도 다양해지면서 연예계와 무관한 업체들이 사업 영역 확장이나 외부 투자 유치를 위해 K팝 제작에 뛰어든다”면서 “K팝은 제조업과 달리 ‘재능’과 ‘사람’을 어떻게 관리하느냐에 따라 성패가 좌우되는 만큼 오랜 노하우를 갖춘 인력과 인기 가수들이 새 회사로 이탈하는 현상이 가속화할 것”이라고 말했다."
"""메타버스로 쉽고 재미있게 선거 체험하세요""", 이동렬 ,2024.03.20,경남도교육청은 4월 10일 치러지는 제22대 국회의원 선거를 앞두고 학생들이 선거를 재미있게 배우고 직접 체험해 볼 수 있도록 오는 22일부터 ‘선거 교육 메타버스’ 서비스를 시작한다고 20일 밝혔다.메타버스는 경남도선거관리위원회와 업무 협약을 통해 개발한 영상 자료와 연극 자료를 기반으로 제작됐다.특히 일인칭 역할 연기(롤플레잉) 게임 ‘선거 참여 대작전’은 학생들이 선거 관련 문제를 해결하고 보상을 받는 게임화(gamification) 기법을 적용해 학습 효과를 높였다.이와 함께 경남교육청은 메타버스를 처음 경험해 본 교원과 학생들을 위해 접속과 체험을 돕는 안내‧교육 자료도 함께 제공한다.메타버스를 경험해 보고 싶은 학생들은 메타버스 플랫폼 젭(ZEP)에 접속해 기존 아이톡톡 계정으로 들어가면 된다.배경환 경남교육청 민주시민교육과장은 “자기 의사를 명확하게 표현하고 주권을 행사하는 경험을 통해 학생들이 바람직한 민주 시민으로서 성장할 수 있도록 통합적으로 지원하겠다”라고 말했다.
"일본 국회의원 90여명, A급 전범 합사 야스쿠니 신사 집단 참배", 류호 ,2024.04.23,"일본 여야 국회의원 90여 명이 23일 태평양전쟁 A급 전범이 합사된 야스쿠니 신사를 찾아 집단 참배했다.일본 지지통신과 교도통신 등 현지 언론에 따르면 초당파 의원 모임인 '다함께 야스쿠니 신사를 참배하는 국회의원 모임' 소속 의원 94명은 야스쿠니 신사 춘계 예대제(봄 제사)를 맞아 이날 오전 집단으로 야스쿠니 신사를 참배했다. 이 모임 의원들은 집권 자민당과 보수 성향 야당 일본유신회 등 소속으로, 매년 춘계·추계 예대제와 패전일(8월 15일) 등 주요 행사 때마다 야스쿠니 신사를 찾고 있다.이 모임 부회장인 아이사와 이치로 자민당 중의원(하원) 의원은 참배 후 취재진에 ""대다수 일본 국민이 전후에 태어난 새로운 시대가 됐다""며 ""전쟁의 비참함과 평화의 소중함을 가슴에 새기며 후세에 전해야 한다는 중요성을 염두에 두고 참배했다""고 말했다. 자민당에서는 모리야마 히로시 총무회장과 가지야마 히로시 간사장 대행 등이 참배했다.현직 각료 중 다카이치 사나에 경제안보담당장관은 이날 정오를 넘어 참배했다. 다카이치 장관은 ""국책(國策)에 순직한 분들의 영혼에 숭배의 마음을 갖고 참배했다""고 말했다. 이로써 이번 예대제 때 야스쿠니 신사를 직접 참배한 각료는 지난 21일 신도 요시타카 경제재생담당장관에 이어 2명으로 늘었다.춘계 예대제 첫날이었던 지난 21일에는 기시다 후미오 일본 총리가 '내각총리대신 기시다 후미오' 명의로 '마사카키'로 불리는 공물을 봉납했다. 마사카키는 신사 제단에 바치는 비쭈기나무 화분이다. 같은 날 일한의원연맹 회장을 지낸 누카가 후쿠시로 중의원(하원) 의장과 오쓰지 히데히사 참의원(상원) 의장도 공물을 봉납했다.야스쿠니 신사는 메이지 유신 이후 일본에서 벌어진 내전과 일제가 일으킨 수많은 전쟁에서 숨진 246만6,000여 명의 영령을 추모하는 시설이다. 그중 90%가 태평양전쟁과 연관돼 있다. 극동 국제군사재판(도쿄재판)에 따라 처형된 도조 히데키 전 총리 등 태평양전쟁의 A급 전범 14명도 합사돼 있다."
국회 연구비 빼돌린 혐의... 이은재 전 의원 1심 무죄, 김태연 ,2024.04.18,"국회의 정책 연구비를 빼돌린 혐의를 받아온 이은재(72) 전 국회의원이 1심에서 무죄를 선고 받았다. 18일 서울남부지법 형사10단독 손승우 판사는 사기 혐의로 기소된 이 전 국회의원에 대해 무죄를 선고했다.이 전 의원은 20대 의원 시절 정책 연구용역을 발주한 것처럼 허위 문서를 작성해 국회사무처에 신청하고, 1,200만 원 상당의 금액을 가로챈 혐의를 받는다. 당시 연구용역은 이 전 의원 보좌관의 지인이 수행했고, 국회사무처로부터 받은 용역비를 보좌관 계좌로 돌려준 것으로 전해진다. 이후 보좌관이 이를 인출해 이 전 의원에게 전달하는 방식으로 예산을 빼돌렸다는 것이 공소사실이다.재판부는 범행이 의심되는 대목이 있었음에도 '무죄추정의 원칙'을 우선했다. 손 판사는 ""정책개발비를 받을 때 보좌관과 공모하거나 지시했다는 의심 정황이 있다""면서도 ""그러나 무죄추정의 원칙에 따라 유죄 의심이 들더라도 피고인의 이익에서 판단해야 한다""고 설명했다. 검사가 제출한 증거만으로는 범죄 정황이 확연하게 드러나지 않는다는 것이다.손 판사는 ""돈을 전달했다는 출처와 전달 대상에 관한 진술의 번복이 있었다""며 ""돈을 전달했다는 행정 비서들이 돈을 전달 받은 적이 없거나 기억이 나지 않는다고 진술했다는 점을 고려했다""고 무죄 선고 이유를 밝혔다. 이어 ""국회에서 돈을 전달했다는 시점에 이 전 의원 명의의 카드 계좌가 국회가 아닌 다른 곳에서 결제된 내역이 있어, 당시 이 전 의원이 국회에 있었다고 보기도 어렵다""고 덧붙였다."
"민주당 의원 116명 ""채 상병 특검, 21대 국회서 반드시 처리""", 박세인 ,2024.04.15,"21대 국회 마지막 임시회 일정 협상을 앞두고 야권이 ‘채 상병 특검’ 관철에 주력하기 시작했다.더불어민주당 소속 의원 116명은 15일 기자회견을 열고 ""21대 국회가 50일가량 남았는데, 이 기간 동안 채 상병 특검법을 반드시 통과시켜야 한다""고 촉구했다. 이들은 ""국민들은 이번 총선으로 윤석열 정권과 국민의힘을 매섭게 심판했다. 심판 이유 중 하나가 바로 채 상병 사망사건""이라고 강조하면서 ""대한민국 장병의 억울한 죽음과 수사외압 의혹, 핵심 피의자 이종섭 전 장관의 호주대사 임명과 도피성 출국, 25일 만의 사퇴까지 대한민국의 상식이 무너지는 장면을 똑똑히 목도했다""고 말했다.민주당 의원들은 국민의힘을 향한 압박도 이어갔다. 이들은 ""21대 국회에서 채 상병 특검법을 여야 합의로 통과시키자""며 ""윤 정권과 국민의힘에 주어진 마지막 기회다. 이 기회를 차버린다면 총선 패배가 아니라 더 큰 국민의 심판을 받게 될 것""이라고 목소리를 높였다. 김진표 국회의장을 향해서도 ""훗날 이 기간(총선 후 50일)이 21대 국회의 전성기였다 생각할 수 있도록 본회의 안건으로 상정시켜 달라""고 요청했다.민주당은 채 상병 특검법을 통해 이 전 국방부 장관의 출국 과정을 따질 '이종섭 특검법' 내용까지 함께 다루는 방안을 검토 중이다. 박주민 민주당 원내수석부대표는 기자회견 후 ""수정안을 통해 (이종섭 특검) 내용을 포함시키는 방안을 고민하고 있다""며 ""대부분의 패스트트랙 지정 법안은 본회의 처리 전 필요하다면 수정안을 통해 내용을 바꾼다""고 설명했다.민주당은 기자회견에 앞서 열린 최고위원회의에서도 채 상병 특검법 처리 계획을 밝혔다. 홍익표 민주당 원내대표는 ""신속 처리 안건으로 지정된 채 상병 특검법이 지난 4일 본회의에 자동 부의된 만큼, 총선 후 열리는 본회의에서 처리하겠다는 약속을 꼭 지키겠다""고 강조했다."
"22대 국회의원 된 단 한 사람의 소상공인 '오세희'...""700만 소상공인 정책 해결사 되겠다""", 이상무 ,2024.04.11,"2020년 21대 국회의원을 뽑는 총선에서 소상공인·중소기업계 인물 다섯 명이 당선자 명단에 이름을 올렸지만 22대 국회에는 오세희 전 소상공인연합회장(더불어민주연합 비례대표)뿐이다. 오 당선자는 700만 소상공인의 정책 해결사를 자처하고 있다.오 당선자는 더불어민주당 비례 위성정당인 더불어민주연합에서 비례대표 후보 7번으로 국회 입성에 성공했다. 오 당선자는 1989년 뷰티전문기관인 수빈아카데미를 만들면서 소상공인으로 첫발을 내디뎠다. 2018년 소상공인연합회 부회장으로 최저임금위원회, 동반성장위원회, 경제사회노동위원 소상공인 대표로 참여했다. 이어 2021년부터 제4대 소상공인연합회 회장으로 활동했다.오 당선자는 비례대표 후보자로 나서면서 ""소상공인의 간절한 외침을 입법화하기 위해 출마했다""며 소상공인 정책 해결사를 자처했다. 오 당선자는 이어서 ""소상공인의 경영 안정화를 위해서는 임시 처방이 아닌 매출과 소득 수준을 고려했을 때 예측과 활용 가능하고 지속 가능한 정책을 만들어야 한다""며 ""그러기 위해서는 법적‧제도적 근거 마련이 선행돼야 하고 현장에서 체감하는 문제를 입법적으로 해결하는 역할이 필요하다""고 강조했다.22대 국회에서 오 당선자의 어깨는 무겁다. 이번 국회에서는 누구보다 먼저 700만 소상공인과 중소기업계의 목소리를 전달해야 하기 때문이다. 특히 21대 국회에서 활동한 5인(이영 전 중소벤처기업부 장관, 최승재 의원, 이동주 의원, 김경만 의원, 한무경 의원) 모두 22대 국회에서 활동을 이어가지 못한다. 소상공인 중소기업 관련 입법이 잘 안 될 경우 오롯이 혼자 감당해야 할 상황도 생길 수 있으니 말이다.한 소상공인업계 관계자는 ""소상공인업계에 워낙 다양한 업종이 모여 있어 대표 정책 하나로 업계를 대변할 수 있다는 착각부터 버려야 한다""며 ""오세희 당선자는 소상공인연합회장 활동을 하면서 이 점을 매우 잘 알고 있을 것이기 때문에 업계의 다양한 요구를 받아 정책 전문성을 입증해야 한다""고 말했다."
[부고] 서삼석(더불어민주당 국회의원)씨 모친상 외,내용없음,2024.04.08,▲안학기씨 별세·종국(애플 USA) 종필(에쓰오일 부사장) 부친상=8일 오후1시 청기와장례식장계양점 발인 11일 (032)546-4444▲정동례씨 별세·강인덕(구로기계공구상업단지 조합장)씨 아내상·강태욱(동아일보 AD본부 차장) 윤아씨 모친상·수민 혜민씨 조모상·현채유씨 외조모상·박현실씨 시모상·현세홍(미쓰이물산 팀장)씨 장모상=8일 오전6시45분 고대구로병원 발인 10일 오전9시30분 (070)4710-1824▲하정호씨 별세·김기순씨 남편상·성애 명숙 명애(대전대 기초교양학부 교수) 윤해(국민일보 정치부장)씨 부친상·이주현(한국능률협회컨설팅 시니어컨설턴트) 이주찬(삼정KPMG 컨설턴트)씨 외조부상·신영미씨 시부상·이동기(한화파워시스템 친환경GT개발팀 근무) 변호승(충북대 교육학과 교수)씨 장인상=8일 오전5시56분 여의도성모병원 발인 10일 오전9시 (02)3779-1918▲김재석씨 별세·이영희씨 남편상·성민(HMM 홍보팀 매니저) 성현씨 부친상=8일 오전8시17분 경희대의료원 발인 10일 오전9시 (02)958-9721▲정윤신(전 광주숭일고 교사)씨 별세·곽정진씨 남편상·은영 도영 진영 미영씨 부친상·윤강희씨 시부상·박상철(국회입법조사처장) 양성식 장승일씨 장인상=7일 오전9시 광주VIP장례타운 발인 10일 오전8시30분 (062)521-4444▲최순환씨 별세·고진주 진숭 진갑 진오 진주씨 모친상·석주 경주씨 조모상·서주택 심언기(뉴스1 기자)씨 외조모상·이정희 이점숙 이희경씨 시모상=7일 오전8시30분 단국대병원 발인 10일 오전8시30분 (041)550-7185▲모상예씨 별세·서삼석(더불어민주당 국회의원)씨 모친상=7일 오후9시5분 광주VIP장례타운 발인 10일 오전8시 (062)521-4444▲박숙자씨 별세·김주인씨 아내상·김명희 영종(전 교보생명 근무) 선종(한네트 대표) 현희씨 모친상·임수열 김도화씨 시모상·이재일(전 현대자동차 근무) 최권정(중부발전 부장)씨 장모상=7일 오후6시 대천역전장례식장 발인 10일 오전8시 (041)932-1414▲강성학씨 별세·명숙 중구 한구(교보리얼코 상임고문) 현구 원구(펜타곤인베스트먼트 대표)씨 부친상·병민(디어스치과 의사) 민주(한세실업 근무) 현준(삼성물산 근무) 태윤씨 조부상·송현탁(부산지검 동부지청 검사) 송민경씨 외조부상·황미중 손현주 정하진씨 시부상·송건수씨 장인상=7일 오후8시 계명대대구동산병원 발인 10일 오전7시30분 (053)250-8441▲박춘봉씨 별세·조원호(황해도민회 부회장) 경순 동림 경희 경애(위스콘신주립대 미대 교수) 순호씨 모친상·하대중(전 CJ 대표) 김태중 송정근(전 동아대 공대 교수)씨 장모상=7일 오전11시 삼성서울병원 발인 10일 오전7시 (02)3410-6919▲박노흥씨 별세·덕규(리드산업개발 본부장)씨 부친상=7일 오후6시40분 충북대병원 발인 10일 오전6시30분 (043)269-7211
"'일타 강사' 전한길 ""범죄자 국회의원 정계 은퇴해야… 나라 살리는 길""", 김소희 ,2024.04.07,"한국사 '일타(1등 스타) 강사' 전한길씨가 정치인들을 향해 ""범죄와 연관된 국회의원은 정계 은퇴를 선언하라""고 발언한 영상이 4·10 총선을 앞두고 뒤늦게 화제가 되고 있다.7일 유튜브에 따르면, 공무원 수험 전문 유튜브 채널 '난공TV'에 지난 2월 26일 올라온 짧은 영상이 조회수 130만 회를 기록했다. 영상을 보면 전한길씨는 강의 도중 ""과거 범법 행위를 했거나 범죄 행위를 했거나, 또는 지금도 법적으로 문제가 있는 사람들은 정계 은퇴를 선언하라""고 말했다. 그러면서 ""너희 때문에 국민이 실망하고 분열된다. 돼먹지 않은 국회의원 때려치우라""며 ""그렇게 해야만 우리나라가 살아난다""고 주장했다.전씨는 부도덕한 정치인들로 인해 청년 세대가 정치에 무관심해졌다고 지적했다. 그는 ""MZ세대(1980년대 초~2000년대 초 출생) 청년들이 지금 정치에 관심이 없다. 욕한다""면서 ""정치하는 지도자들이 전부 다 돼먹지 않은 사람들이 많아졌기 때문""이라고 비판했다. 이어 ""우리 아들, 딸 보고 '너도 앞으로 이런 사람 되어라' 하고 롤모델로 삼아야 하는 사람이 돼야 하는데 그런 사람들을 어떻게 롤모델로 삼겠느냐""고 반문했다.전씨는 ""진짜 제대로 국가와 국민을 위해 애쓸 사람이 국회의원이 되고, 지도자가 되어야 한다""며 ""그러면 국민이 하나로 뭉칠 수 있다""고 강조했다. 그는 ""나는 절대 (정치) 안 한다는 전제하에 이런 발언을 한다. 대부분의 국민들을 대신해 이야기한 것""이라고 덧붙였다.한편, 시민단체 경제정의실천시민연합(경실련)이 지난달 28일 제22대 총선 후보자 전과를 분석해 발표한 결과를 보면 총선 후보자 952명 중 전과 기록 보유자는 305명(32%)이었다. 이들에게는 총 587건의 전과가 있었다. 정당별로는 더불어민주당·더불어민주연합이 100명(36.2%), 국민의힘·국민의미래는 59명(20.4%), 개혁신당은 19명(35.8%) 등이었다."
제22대 국회의원선거 사전투표일 풍경 [포토],내용없음,2024.04.05,
"국회의원 후보님들, ‘진짜 동물복지 공약’ 내는 방법 알려드립니다",내용없음,2024.04.02,"최근 들어 정치인들이 반려견과 함께 찍은 사진이 소셜 미디어에 부쩍 많이 올라온다. 어떤 후보는 전직 대통령과 함께 유기견 보호소를 찾아가 함께 찍은 사진을 올리기도 했다. 4월 10일 치러지는 국회의원 선거가 코앞으로 다가왔다는 게 실감 나는 대목이다. 후보들이 소셜 미디어에 올린 글에는 ‘펫펨족’, ‘반려동물 공원’, ‘반려동물 진료비’와 같은 단어들이 약속이나 한 듯 똑같이 올라오고 있다.총선을 앞둔 정치권도 동물 관련 공약을 속속 내놓고 있다. 더불어민주당은 지난 2월, 동물의 지위를 물건과 구분하는 민법 개정과 동물복지기본법 제정, 동물학대범의 동물 소유권·사육권 제한, 동물원 동물복지 향상, 농장동물 복지 개선, 동물대체시험 활성화 등의 내용을 담은 동물복지 공약을 발표했다. 녹색정의당은 반려동물 유통·판매 금지, 동물학대 축제 폐지, 로드킬과 조류충돌 저감 등의 공약을 내걸었다. 국민의힘은 지난달 23일 ‘국제 강아지의 날’을 맞아 후보들이 일제히 반려동물 공약을 내놓기도 했다.정당 차원에서는 동물과 관련된 여러 사회적 문제들을 다루고, 근본적인 문제를 개선하려는 정책공약이 늘었지만, 여전히 지역구 후보들의 공약들은 반려동물 놀이터, 장례식장 등 반려동물 전용 시설 확충, 반려동물 의료제 개선 등 반려동물을 키우는 지역민의 표심을 겨냥한 내용이 주를 이뤘다. 다시 말해, 동물보다는 ‘동물을 키우는 사람’에게 공약의 초점이 맞춰졌다는 뜻이다.물론 네 가구 중 한 가구가 반려동물과 함께 사는 사회에서 시민들이 반려동물과 불편 없이 살아갈 환경을 갖추는 것은 중요한 정책이다. 그러나 ‘동물복지’라고 이름으로 앞세우는 공약이라면 무엇을 우선순위에 두어야 할지 고민이 필요하지만, 지역구 후보들은 이에 대한 고민이 부족한 듯해 아쉽다.복지의 수혜는 가장 힘든 처지에 놓인 동물부터 받아야 한다. 정책을 세울 때는 복지가 가장 취약한 곳은 어디인지, 동물복지에 위해를 미치는 문제는 무엇이며 영향을 받는 동물의 숫자와 고통은 어느 정도인지를 고려해야 한다. 동물복지 공약이 반려동물에만 초점이 맞춰지는 게 바람직하지는 않지만, 적어도 ‘반려동물 복지’를 위한 공약이라면 아플 때 보호자가 동물병원에 데려가 줄 수 있는 동물보다는 최소한의 수의학적 치료를 받을 기회조차 없는 동물이 먼저 복지정책의 고려대상이 돼야 한다.반려동물 공약을 내놓은 후보라면 자신의 선거구 내에서 발생한 유실·유기동물이 어떤 환경에서 보호받고 관리되고 있는지도 알아봤으면 좋겠다. 매년 10만 마리 이상 발생하는 유실·유기동물 중 40% 가까운 동물들이 보호소에서 폐사하거나 안락사된다. 정부가 발표한 2022년 통계에 따르면 지방자치단체 동물보호소는 총 239개소다. 이 중 지자체가 직접 운영하는 시설은 64개에 불과하고, 대부분은 민간 운영자의 입찰을 받아 위탁 운영하고 있다.민간이 위탁 운영하는 시설 중에는 농장을 방불케 할 정도로 열악한 시설도 많고, 도심에서 발생하는 유기동물은 멀리 떨어진 지역의 시설로 위탁해 ‘처분’하는 경우도 허다하다. 나름 최선을 다해 동물들을 보호하고 싶어도 부족한 자원과 인력으로 허덕이는 시설도 적지 않다. 이런 현실에도 불구하고 지역 내 동물보호소를 직영으로 전환해 관리 수준을 높이고, 이에 필요한 예산과 인력을 확보하겠다는 약속을 하는 후보는 아직 찾아볼 수 없다.각 지역을 대표하는 정치인이 지역사회 안에서 동물보호소 환경을 개선하고 입양을 활성화하는 방안을 지역민들과 함께 모색한다면 분명히 큰 변화가 생길 것이다. 버려지는 동물이 줄어들도록 반려동물의 무분별한 번식과 판매를 제한하고 동물 양육자의 책임을 강화하는 것도 ‘반려동물테마파크’, ‘반려동물 놀이터’를 짓는 일보다 더 시급한 문제다.우리 사회에 동물이 반려동물만 있는 것도 아니다. 숫자로 따지면 사람보다도 훨씬 많은 농장동물이 사육되고 도축된다. 농장동물의 복지는 동물뿐 아니라 국민 건강과도 직결됨에도 불구하고 충분한 사회적 관심을 받지 못하고 있다. 정부는 2012년부터 동물복지 축산농장 인증제를 실시하고 있지만 인증 농장은 전체 축종을 합해 500개도 되지 않는다.물론 동물복지 인증을 확산시키는 게 쉬운 일은 아니다. 농가는 투자비용과 수익 저하의 부담으로 인증을 주저하고 있다. 유럽 등 해외에서는 수십 년에 걸쳐 축종별, 사육단계별 동물복지 기준이 정립되었으나, 아직 우리나라에서 일반 농장의 동물복지 기준은 매우 미흡한 수준이다. 정부의 ‘2020~2024 동물복지 종합계획’은 ‘농장동물 복지 개선’을 6대 분야 중 하나로 선정하고 산란계 배터리 사육방식 전환을 위한 로드맵 마련 등 세부과제를 제시했지만 이렇다 할 성과를 보이지 않고 있다.이러한 현실에서 일반 농장의 축종별 동물복지 가이드라인을 마련하고 준수하는 농가에 인센티브를 제공하겠다는 정당 공약은 환영할 만하다. 다만, 농장동물 사육 농가가 대부분을 차지하는 지역 정치인들이 이 분야에 관심을 덜 기울이고 있는 듯해 아쉽다. 이들이 정당 소속 의원으로서 제대로 된 입법을 해야 정당의 공약이 실현될 수 있다.‘사람과 동물이 조화롭게 공존하는 사회’. 대선이든, 총선이든 선거철이면 빠지지 않고 등장하는 단골 공약 구호다. 후보자들이 내민 공약이 동물 입장에서도 ‘공존’인지, 동물 문제에 관심이 있는 유권자들이 꼼꼼히 챙겨 보면 좋겠다. ‘조화로운 공존’이 구호로 끝나지 않기 위해서는 구체적인 실행 방안과 충분한 예산이 뒷받침돼야 한다. 또한 정치권에서 내건 공약을 앞으로 얼마나 성실히 이행하는지 지속적으로 지켜보는 시민들이 늘어난다면, 공수표 공약, 복지와는 동떨어진 동물복지 공약이 선거 때마다 반복해 등장하는 현실도 바뀔 수 있을 것이다.▼더 많은 '동물복지 이야기' 만나보기▽"
소방관과 국회의원, 이진희 ,2024.03.25,"‘직업 위세(occupational prestige)'는 특정 직업이 가지고 있는 권위·중요성·가치·존경에 대한 인식이나 평가를 뜻한다. 한국직업능력연구원(직능연)이 지난해 5개 국가 취업자들을 상대로 ‘직업 위세’에 대해 물은 결과가 흥미롭다. 15개 직업을 제시한 뒤, 위세 점수(0~5점)를 매기도록 했다. 미국과 독일은 소방관을, 한국·일본·중국은 국회의원을 1위로 꼽았다. 하지만 순위보다 격차가 한국의 암울한 자화상을 보여줬다.□ 미국인들은 국회의원의 위세를 12위로 봤다. 중소기업 간부사원(7위), 은행 사무직원(9위)보다 낮다. 독일도 국회의원은 10위에 머물렀다. 독일과 중국은 중소기업 간부직원을 각각 5위, 4위로 높게 봤다. 한국은 중소기업 간부가 10위, 소방관은 11위에 불과해 가장 낮았다. 한국의 직업 위세 2~5위는 약사, 인공지능전문가, 소프트웨어개발자, 영화감독이었다. 의사는 15개 조사 직업에 포함되지 않았다.□ 순위보다 더 큰 문제는 격차이다. 한국인은 1위(국회의원/4.16점)와 15위(건설일용근로자/1.86점) 직업의 위세 차이를 가장 크게 바라봤다. 1위 직업의 위세가 4점을 넘은 국가는 한국과 중국뿐이며, 15위 직업의 점수가 2점에 못 미치는 국가는 한국이 유일했다. 미국은 1위 소방관(3.93)과 15위 음식점종업원(3.01)까지 3점대일 정도로 직업을 바라보는 시선이 평등했다. 15위 직종(건설일용직이나 음식점종업원)에 대한 시선은 한국인을 제외하곤 모두 2.5점 이상이었다.□ 직능연 보고서(직업의식 및 직업윤리의 국제비교 연구)를 보면, 직업 위세는 한 사회의 기회구조에 대해 사람들이 어떻게 인식하는가를 보여주며, 분배적 정의와 형평의식 파악에도 도움을 준다. 그런 면에서 이번 조사 결과는 서열, 경쟁, 승자독식, 직업의 귀천이 숨 막히게 작용하는 한국 사회의 풍경을 드러냈다고 하겠다. 다만 약간의 희망도 보인다. 2007년 조사(1위 국회의원 4.21/ 15위 건설일용노동자 1.56)보다 직업 간 위세가 줄었다는 데서 위안을 찾자."
"경실련 ""해외출장 국회의원 70%, 국회 회의 불출석""", 오세운 ,2024.03.21,"해외출장을 다녀온 제21대 국회의원 10명 중 7명꼴로 국회 본회의와 상임위원회 등에 불출석했다는 시민단체 분석이 나왔다. 국회가 아닌 곳에서 지원한 예산으로 출장을 다녀온 사례도 상당수인데, 지출 내역은 공개되지 않아 관리·감독을 강화할 필요가 있다는 지적이 나온다.경제정의실천시민연합(경실련)은 21일 기자회견을 열어 국회의원 해외출장 실태를 발표했다. 2020년 6월부터 2023년 9월까지 △국회사무처 예산 △국회상임위 예산 △기타 경비로 다녀온 21대 국회의원의 해외 출장 인원 수와 횟수, 경비 등을 분석 대상으로 삼았다.경실련에 따르면, 이 기간 257명이 총 995회, 6,330일을 해외출장에 썼다. 경비 출처별로는 국회 사무처 예산 243명(740회), 국회 상임위 예산 91명(123회), 기타 경비 81명(132회) 등이었다. 출장 경비는 비공개한 국회 예산 외(기타 경비)를 빼고 총 173억9,628만 원이 들었고, 출장을 이유로 181명(70.4%)이 본회의나 상임위에 불출석한 것으로 파악됐다.단체는 특히 국회 예산 외로 다니는 해외출장의 관리·감독을 강화해야 한다고 강조했다. 기타 경비 출장자 81명 중 절반이 넘는 42명(51.9%)이 회의에 출석하지 않았다. 경실련은 ""국회 예산 외 해외출장에는 신고 심사제도가 있지만 제대로 된 심사가 이뤄지고 있는지는 의문""이라고 지적했다.국회 예산 외 해외출장 경비도 공개하라고 요구했다. 단체는 62건의 관련 정보공개를 청구했으나, ""국회의원의 직무상 국외활동 경비 지출 상세 내역은 존재하지 않는 자료""라며 거부당했다. 2018년 김기식 전 더불어민주당 의원이 피감기관 지원으로 해외출장을 다녀온 사실이 알려져 이런 유형의 출장도 심사를 받도록 했지만 여전히 지원 내용은 '깜깜이 운영'이라는 것이다.경실련 관계자는 ""국회의장 직속 윤리심사자문위 등에서 해외출장 미신고 건을 전수조사해 국회 예산 외 해외출장 경비를 모두 공개해야 한다""고 말했다."
"""이젠 인공지능도 'K'의 시대""... AI 한국포럼, 각계 성원 속 개막", 이유진 ,2024.05.02,"우리 사회가 당면한 핵심 의제를 제시하고 최선의 해법을 모색하는 ‘한국포럼’의 올해 주제는 인공지능(AI)이었다. 2일 한국일보와 코리아타임스 주최로 열린 한국포럼에 참석한 주요 과학계 인사들은 “사회 모든 분야에 도입되고 있는 AI가 가져올 변혁, 이에 따른 대응 방안을 논의하는 이정표가 될 것“이라며 이번 포럼에 의미를 부여했다.올해로 열 번째를 맞은 한국포럼은 ‘K-AI 시대를 열다’라는 주제로 이날 서울 중구 대한상공회의소 국제회의장에서 개최됐다. AI가 경제, 문화, 일자리, 방위산업 등 우리 삶과 맞닿은 모든 분야에서 활용되는 상황을 감안해, 본보는 창간 70주년을 맞은 올해 한국포럼 주제를 AI로 정했다.오전 9시 개막한 포럼 행사장에는 200여 명의 참석자들이 좌석을 가득 채웠다. 정·관계에서는 한덕수 국무총리, 이주호 부총리 겸 교육부 장관 등이 참석해 자리를 빛냈다. 이광형 한국과학기술원(KAIST·카이스트) 총장, 한재준 삼성종합기술원 전문연구원, 하정우 네이버클라우드 AI 이노베이션 센터장 등 과학계와 관련 산업계 인사들이 다수 참석했다.이우일 대통령 직속 국가과학기술자문회의 부의장(서울대 명예교수)은 축사에서 “세계가 AI 대전환의 시대를 맞이한 만큼 주요 국가의 AI 주도권 싸움이 치열하다“며 “우리 기술이 당면한 과제를 살펴보고 미래를 조망하는 자리가 마련돼 감사하다”고 말했다. 이 부의장은 AI 기술 패권 경쟁에서 살아남기 위해 기술에 대한 투자와 AI 인재 확보가 중요함을 강조했다. 그는 “한국은 세계 최고 수준의 메모리 경쟁력과 탄탄한 제조업 기반을 갖췄고, 전 세계 세 번째로 거대언어모델(LLM)을 개발하고 독자적인 AI 생태계를 보유하고 있다”면서도 “AI가 다루는 범위가 넓고, 미국·중국처럼 자본과 인력을 뛰어넘는 투자는 현실적으로 쉽지 않아 세밀한 전략으로 기술 주도권을 가져올 분야를 선택해 틈새시장 공략에 집중 지원을 해야 한다”고 말했다. 나아가 AI 세상을 살아갈 미래세대가 기술을 두려워하지 않고 자유롭게 활용할 수 있도록 AI를 활용한 교육 또한 서둘러야 한다고 덧붙였다.의사이자 안랩 창업자인 안철수 국민의힘 의원은 AI가 발전하기 위해선 정보통신기술(ICT)에 못지않게 인문학도 중요하다는 점을 강조했다. 안 의원은 “인문학 기반 콘텐츠가 많아야 ’딥러닝’(데이터를 통한 기계 학습)을 시킬 수 있다”며 “조선시대에 이미 세계적인 수준의 기록 문화를 가지고 있었고, 방대하고 흥미로운 콘텐츠들이 번역이 되지 않은 채로 묻혀 있다”고 한국형 AI의 큰 잠재력을 평가했다.안 의원이 최근 복원된 승정원일기(조선시대 왕명 출납을 관장하던 승정원에서 매일 취급한 문서와 사건을 기록한 일기) 중 멸문 가문 여식과 여종의 복수극을 예로 들며 “이런 콘텐츠를 드라마 ‘더글로리’ 다음 시리즈를 만들 때 써볼 수 있겠다”고 하자 좌중에선 웃음이 터지기도 했다. 안 의원은 “인문학과 한국어 연구에 제대로 투자를 한다면, 외국과 차별화되는 경쟁력을 갖게 될 것”이라고 거듭 강조했다.'K방산'과 'K인공지능'의 연계 가능성을 모색하자는 언급도 있었다. 국회 국방위원회 소속 안규백 더불어민주당 의원도 “한국은 KF-21 보라매를 통해 세계 여덟 번째로 초음속 전투기를 개발했지만 그 과정은 험난했다”면서 “첨단 과학기술과 미래의 가치에 대한 투자는 성공 그 자체보다도 도전하는 과정과 이때 쌓이는 경험과 지식이 중요하다""고 말했다. 그는 “급변하는 시대에서 한국이 도약하기 위해선 그간의 ‘패스트 팔로어’ 전략에서 벗어나 ‘퍼스트 무버’ 및 '기술 선도국'으로 발돋움해야 한다”며 “국회도 한국포럼에서 나올 통찰에 기반해 새로운 미래의 밑그림을 그려 갈 것”이라 밝혔다."
인공지능(AI)과 친환경 지구의 ‘불편한 동거’,내용없음,2024.04.27,"“에너지 분야에서 획기적인 돌파구가 없다면 인공지능(AI) 시대를 실현할 방법은 없다.”대안 마련이 시급하단 얘기였다. 사실상 AI 시너지 극대화의 선결 과제를 에너지 효율성으로 단정하면서다. 지난 2022년 11월 말 출시, 생성형 AI 시대를 개막한 ‘챗GPT 아버지’ 샘 올트먼 오픈AI 최고경영자(CEO)가 단언한 경고성 메시지다. 그는 지난 1월 중순, 스위스 다보스 ‘세계경제포럼(WEF)’에 참석해 블룸버그통신과 가진 인터뷰에서 “(향후 생성형 AI 시대엔) 예상보다 훨씬 더 많은 전력이 소비될 것”이라며 우려한 현실적인 진단이다. 그는 이어 “핵융합이나 저렴한 태양열 발전, 저장시설들은 환경친화적인 측면에서 (생성형 AI 서비스에) 희망적이다”라며 “이 분야에 더 많은 투자가 이뤄져야 한다”고 덧붙였다. 이로부터 3개월여 만인 지난 22일(현지시간) 월스트리트저널(WSJ)에선 유명 벤처캐피털인 앤드리슨 호로비츠와 함께 재생에너지 스타트업 엑소와트에 2,000만 달러(한화 약 280억 원)를 투자한 올트먼 CEO의 소식이 전해졌다. 그의 이번 투자는 향후 AI 데이터센터 구동에 필요한 에너지 확보 차원으로 풀이된다. WSJ에 따르면 빅데이터 센터에 필요한 전력 수요 해결을 위해 설립된 엑소와트에선 저렴한 비용으로 24시간 에너지 저장이 가능한 모듈 개발에 성공했다. 올트먼 CEO는 앞선 2021년 당시 핵융합 발전으로 전기 에너지를 생산하는 스타트업 헬리온에 3억7,500만 달러(5,178억 원)를 투자한 바 있다.생성형 AI 열풍 이면에 드리운 친환경 이슈가 갈수록 뜨거운 감자로 부각되고 있다. 방대한 학습 훈련 기반의 생성형 AI 서비스엔 최첨단 데이터센터 운영이 필수적인데, 이 센터에 필요한 에너지 문제 해결 또한 간단치 않아서다. 특히 생성형 AI 서비스 업데이트 속도가 가파르게 진행될수록 데이터센터 운영 에너지에 대한 부담 역시 커지고 있다. 최근 공개된 국제에너지기구(IEA) 자료에 따르면 지난 2022년 당시 460테라와트시(TWh)로 집계됐던 전 세계 데이터센터 전력 소비량은 2026년엔 620~1,050TWh까지 급증할 전망이다.당장, ‘전기 먹는 하마’로 유명한 AI를 감당하기엔 전력 사정이 녹록치 않다. 지난 2월 말, IEA 자료를 인용한 블룸버그통신 보도에 따르면 세계 전력 소비에서 데이터센터와 전송망 비중은 많게는 각각 1.5%에 달했다. 이들의 전력 총합은 브라질의 연간 이산화탄소 배출량에 근접한 수준이다. 1개의 AI 모델 훈련에 필요한 전기의 경우엔 일반 가정 100가구 연간 사용량을 초과한다는 게 IEA의 추산이다. 생성형 AI 핵심인 거대언어모델(LLM)의 그래픽처리장치(GPU) 전력 사용량이 일반적인 디지털기기에 사용되는 중앙처리장치(CPU)보다 월등해서다.더 큰 문제는 글로벌 트렌드인 친환경과 배치된 부작용 차단에 있다. 무엇보다 생성형 AI의 기술 진화 속도가 워낙 빠르다 보니, 이 과정에서 파생된 역효과를 차단할 물리적인 시간이 부족한 형편이다. 생성형 AI의 최대 수혜주인 엔비디아의 젠슨 황 CEO는 최근 “가속 컴퓨팅과 생성형 AI가 임계점에 도달했다”며 “세계적으로 기업이나 산업, 국가 전반에 걸쳐 AI칩 수요가 급증하고 있다”고 전했다. 지난 1993년에 설립된 엔비디아는 생성형 AI 핵심인 GPU 전문 제조업체로, 세계시장에서 70% 안팎의 점유율을 차지하고 있다.이에 대해 “AI 컴퓨팅에 의해 광범위한 기후 위험이 초래될 것”이라며 “화석연료에서 청정에너지 기반의 전략으로 크게 바뀌지 않는다면 (기후) 상황은 더 악화될 것”이라고 전한 블룸버그통신의 우려에 힘이 실린 배경이다.실제 초대형 데이터센터를 소유한 구글이나 마이크로소프트(MS), 아마존 등이 탄소 저감을 포함한 기후 대응에 나섰지만 대세인 생성형 AI 열풍으로 여의치 않은 게 현실이다. 업계 관계자는 “생성형 AI와 직접적으로 연관된 글로벌 기업들이 이산화탄소 배출 감소를 위해 태양광이나 풍력까지 활용하면서 친환경에너지 사용에 적극적으로 나서고 있지만 생성형 AI 사용이 폭증한 현시점에 역부족인 것도 사실이다”라고 귀띔했다.생성형 AI의 태생적인 갈증 해소 또한 예삿일은 아니다. 생성형 AI 근간인 데이터센터의 원활한 운영을 위해선 센터 내부의 열을 식히는 냉각수가 필수적인데, 이 냉각수 물량이 만만치 않아서다. 생성형 AI 대중화에 따른 데이터센터의 급증세를 감안하면 환경 파괴의 요인으로 지목될 냉각수도 늘어날 게 뻔한 상황이어서 고민은 깊어질 수 밖에 없다.이와 관련, 미 캘리포니아주립대 리버사이드캠퍼스 연구진은 최근 유명 국제학술지인 네이처지에 발표한 논문을 통해 ""점점 심해지는 담수 부족 위기와 길어지는 가뭄, 빠르게 노후화되는 수자원 인프라 등과 관련해 AI 모델의 비밀스러운 '물 발자국'을 알아내고 대응할 중요한 시기다""라고 지적했다. 오픈AI의 생성형 AI인 챗GPT-3 버전에서 10∼50개 질문에 답변하려면 500밀리리터(㎖) 가량의 물이 사용되고, 이 보다 더 개선된 성능의 챗GPT-4에선 더 많은 물이 필요할 것이란 자명한 예측을 염두에 둔 염려였다.상황이 이렇다 보니 일각에선 AI 데이터센터 냉각용 수요로 지구상에서 사라지는 물의 양이 2027년까지 42억∼66억 세제곱미터(㎥)에 달할 것이란 관측까지 나온다. 이 규모는 연간 영국 물 소비량의 절반 수준이다. 고사양 AI용 데이터센터 확충에 나선 주요 기업들의 2022년 기준, 물 사용량도 MS는 전년대비 34%, 구글은 22%, 메타(옛 페이스북)는 3%씩 늘었다.급기야 생성형 AI에서 비롯된 물 문제는 법정 공방으로도 이어지고 있다. 미국 아이오와주와 웨스트니모인 지역 주민들은 최근 오픈AI를 상대로 진행한 소송에서 챗GPT-4 버전 테스트 마감 1개월 전, 해당 지역의 전체 물 사용량의 6%가 사라졌다고 주장했다.이와 관련, 오픈AI 측은 ""생성형 AI의 최신 버전 테스트에 물이 많이 드는 것을 인정하고 효율성 개선 노력도 하고 있다""며 ""(생성형 AI의) 거대언어모델(LLM)이 해법을 찾는 데 도움을 줄 수 있을 것으로 믿는다""고 전했다."
전남에 인공지능 융합 지능형 농업생태계 구축, 김영헌 ,2024.04.21,"전남‧북도, 광주광역시 등 호남권 광역 3개 지방자치단체가 인공지능(AI)를 활용한 융합형 농업생태계 구축에 손을 잡았다.전남도는 과학기술정보통신부의 AI융합 지능형 농업생태계 구축 공모사업에 호남권 광역 3개 지자체가 공동으로 선정돼 총사업비 426억 원(국비 284억·지방비 142억)을 확보했다고 21일 밝혔다.이 사업은 AI 기술을 산업 전반에 적용해 수도권과 지역 간 AI 격차 해소를 통해 지역경제 재도약을 견인하기 위해 초광역 협업으로 추진된다.이에 전남도는 2028년까지 5년 간 광주시, 전북도, 전남정보문화산업진흥원, 전남도농업기술원, 전남테크노파크 등 9개 기관과 함께 지능형농업 실증과 고도화, 지능형농업 생태계를 구축할 계획이다. 농기계 스마트화(원격자율작업), 최적 생육과 환경 관리(노지 정밀농업), 지능형 농업 데이터 수집과 제어(관제네트워크)를 통해 농업 환경에 최적화된 솔루션을 개발하고 공급함으로써 농산업 경쟁력 고도화가 기대된다.주요 추진 사업은 △AI 자율작업 관제체계 실증 △AI 솔루션 서비스 플랫폼 구축 △AI 기술고도화와 사업화 지원 등이다. 특히 나주에 조성 중인 첨단 무인자동화 농업생산 시범단지 조성사업의 후속사업으로, 이미 구축된 노지 실증 테스트베드를 통해 △노지작물 생육에 최적화된 AI 솔로션 개발과 실증 △AI 융합 농업서비스 플랫폼 구축 △AI 솔루션의 기술고도화와 사업화 지원 등을 추진할 예정이다.김영록 전남지사는 “이번 사업은 전남의 주력산업인 농산업과 AI 기술 융합을 통한 무인화, 지능화로 농가 인구 감소·고령화에 따른 성장한계를 극복할 뿐만 아니라 농산업 혁신에eh 기여할 것”이라고 말했다."
인공지능과 환경문제,내용없음,2024.04.18,오늘날 인공지능(AI)은 전기의 발견에 비유될 정도로 세대적 전환이라고 평가되면서 기업들의 생존과 번영을 좌우할 기술로 기대되고 있다. 데이터는 AI 시스템의 학습과 의사결정에 필수 역할을 하기 때문에 데이터 처리에 대한 수요도 기하급수적으로 증가할 전망이다. AI가 방대한 데이터를 제대로 활용하려면 고성능 컴퓨터가 필요하기 때문에 데이터센터 성능 또한 매우 중요하다.더불어 AI라는 신기술을 도입하면서 해결해야 할 과제도 존재한다. 현재 주요 과제 중 하나는 AI 활용에 필요한 전력과 데이터센터에 투입되는 막대한 자원 등 AI의 환경 비용이다. 데이터센터의 전력 사용량은 디지털 혁신과 네트워크 트래픽 증가에도 불구하고 지난 10년간 안정적으로 유지돼 왔다. 그러나 점점 더 많은 기업과 정부기관들이 AI를 도입하고 있는 만큼 전력 사용량이 크게 늘어날 것으로 예상된다. 이제 데이터센터의 전력 사용과 탄소 배출은 업계가 해결해야 할 중요한 문제로 부상했다.얼핏 보면 기술과 환경은 양립 불가한 것으로 보인다. 그러나 첨단 기술을 활용한 AI 인프라 개발은 지속 가능한 운영의 해법이 될 수 있다. AI가 환경에 미치는 영향을 상쇄하기 위해 데이터센터의 전력 소비를 효율적으로 제어하는 방안은 크게 세 가지다.첫 번째는 AI를 구동하고 데이터 저장서버와 저장장치를 에너지 효율성이 높은 최신 장비와 친환경 냉각방식을 도입해 AI의 탄소 발자국을 최소화하는 것이다. 데이터센터 전력 공급에 재생 에너지를 사용하면 더 효과적이다. 세계적 정보기술(IT)업체 델 테크놀로지스는 100% 재생 가능한 에너지로 구동되는 데이터센터를 활용하고 있다.두 번째로 AI 작업환경과 데이터센터를 적절한 규모로 운용하는 것이다. 일부는 대규모언어모델(LLM)을 활용하고 있으나 대부분 기업들은 이보다 규모가 작은 AI를 활용해도 된다. 여기 맞춰 컴퓨팅 요구사항과 인프라 규모를 적절히 조정하면 데이터센터 효율성을 높일 수 있다. 또 사용량에 맞춰 비용을 지불하는 '페이고(Pay-as-you-go) 방식'을 활용하면 AI 구동에 필요한 데이터센터 비용을 낮출 수 있다.비효율적 구형 기기를 교체할 때 친환경적으로 폐기하는 것이 중요하다. 소재와 부품들을 적절히 재활용하고 전자 폐기물을 최소화해야 한다.효율적인 데이터센터는 AI 진화에 필수 요소다. 델이 AI를 이용하면서 환경에 미치는 영향을 상쇄할 수 있도록 혁신 기술을 개발하는 이유다. 앞으로 기업들은 AI 기반의 디지털 혁신을 추진하면서 환경·사회·지배구조(ESG)를 동시에 고려하는 전략 수립이 필요하다.
30만 명 찾을 세계 최대 디자인 박람회...친환경·인공지능이 열쇳말, 이윤주 ,2024.04.15,"세계 최대 규모의 디자인 행사 밀라노 디자인 위크가 16~21일 이탈리아 밀라노에서 열린다. 본전시로 꼽히는 밀라노가구박람회(살로네 델 모빌레 밀라노·Salone del Mobile Milano)는 16~21일 펼쳐지고 15일부터 밀라노 전역에서 기업과 디자이너들의 장외 전시(푸오리살로네·Fuorisalone)도 진행된다.본전시회 이름처럼 가구에서 시작한 밀라노 디자인 위크는 조명, 욕실, 사무용품, 가전제품 등으로 분야를 늘리면서 세계 최대 가전·정보기술(IT) 전시회인 CES처럼 디자인 분야에서 '궁극의 행사'가 됐다. 이 때문에 삼성전자, LG전자를 비롯한 우리 기업들도 이 행사에 공을 들이고 있다. 현대차는 14년째 푸오리살로네의 공식 스폰서로 활약 중이다.밀라노 디자인 위크는 두 가지 행사로 나뉜다. ①대형 전시장에서 참가 기업의 신제품을 볼 수 있는 밀라노가구박람회와 ②밀라노 시내 전역에서 기업들이 각자의 전시장을 만드는 푸오리살로네다.15일 밀라노가구박람회 측에 따르면 올해 가구박람회는 밀라노 외곽의 대형 전시장 피에라 밀라노에서 펼쳐진다. '디자인은 어디로 진화하는가?'를 주제로 △가구·액세서리 △인테리어 △조명(Euroluce) 등 크게 7개 분야로 나눠 약 2,000개 브랜드의 신제품을 선보인다. 전시장 크기만 서울 코엑스몰의 약 4.7배인 17만2,500㎡(약 52만 평)에 달하는데 특히 사람들의 무의식적 반응을 분석해 전시회 동선을 구성했다. 물 절약 등 친환경을 주제로 한 욕실 전시회, 35세 이하 신진 디자이너를 소개하는 '샬로네사텔리테'도 관심을 모으고 있다.올해는 주방 디자인과 기술 트렌드를 선보이는 '유로쿠치나, FTK(Technology For the Kitchen)' 전시가 눈길을 끈다. 가구 박람회에서 2년에 한 번씩 열리는 행사로 국내 기업으로는 삼성전자와 LG전자가 최신 디자인, 기술을 집약한 주방 가전 제품을 선보인다.역시 전시를 관통하는 키워드는 인공지능(AI)이 될 것 같다. 삼성전자는 유로쿠치나에 약 964㎡(약 292평) 부스를 마련해 '비스포크(BESPOKE) AI' 가전 라인업과 유럽 시장을 겨냥한 빌트인 패키지를 전시한다. AI 비전 인식 기술을 적용해 식재료를 스스로 파악하는 '비스포크 AI 패밀리허브 냉장고', AI홈 기술을 넣어 음식 레시피를 척척 알아듣는 '애니플레이스(Anyplace) 인덕션'을 선보인다.이무형 삼성전자 DA사업부 부사장은 ""이번 유로쿠치나는 삼성만의 독보적 AI가 스크린과 만나 더 강화된 가전 연결 경험을 유럽 소비자들에게 알리는 자리""라면서 ""비스포크 AI 가전, 신제품 빌트인 키친 패키지와 함께 유럽 시장을 적극 공략할 것""이라고 말했다.LG전자는 483㎡(약 146평)에 '식(食)문화 라이프스타일 매거진'을 주제로 유럽 디자이너들과 협업한 가전 제품을 선보인다. '초(超)프리미엄'과 볼륨존(중저가 시장) 제품을 함께 선보이는 '투 트랙'(Two-Track) 전략으로 유럽 빌트인 주방가전 시장을 공략한다. 전시관은 다양한 라이프스타일을 스토리텔링과 함께 경험하는 '식(食)문화 라이프스타일 매거진'을 콘셉트로 꾸며졌다. 공간 디자인에는 이탈리아·덴마크 출신 디자이너 듀오 감프라테시와 한국의 디지털 아티스트 폴씨(Paul씨)가 협업해 만든 디자인 스튜디오 감프라테시앤피가 참여했다.LG전자의 전시 공간은 시그니처 키친 스위트의 브랜드 철학을 담은 메인 키친존과 서브 키친존, 와인셀러존 등으로 구성된다.  AI 카메라가 식재료를 알아차려 조리에 안성맞춤인 온도·시간 등의 설정을 제안하는 오븐 등을 소개하고 스타 셰프 파브리치오 페라리의 쿠킹쇼를 연다.류재철 LG전자 H&A사업본부장(사장)은 “시그니처 키친 스위트를 통한 초프리미엄 제품군 뿐 아니라 지난해 진출을 본격화한 매스 프리미엄 제품군까지 다양한 고객의 취향을 저격하며 유럽 지역에서 영향력을 확대해 나갈 것”이라고 말했다.기업들의 디자인 경쟁은 박람회장 밖에서 더 치열할 것으로 보인다. 올해 장외 전시(푸오리살로네)에 참가하는 브랜드가 무려 1,066개에 달한다. 1980년대 초반 밀라노 가구, 디자인 기업들이 자발적으로 시작한 푸오리살로네는 패션, IT, 전자, 자동차 등 글로벌 브랜드의 치열한 경연장이 됐다.현대차는 14년째 푸오리살로네의 메인 스폰서를 맡고 있고 한국공예디자인문화진흥원(KCDF)도 이 기간 밀라노에서 한국 공예전을 연다. 삼성전자는 밀라노 레오나르도 다빈치 국립 과학기술 박물관에서 디자인 전시 '공존의 미래'를 통해 최신 전자 제품을 대거 선보인다. LG전자는 밀라노 시내에 운영 중인 시그니처 키친 스위트 쇼룸에서 밀라노 건축디자인 그룹 M2아틀리에, 세계적인 가구 디자이너 파트리시아 우르퀴올라와 협업한 와인 캐빈, 모듈형 냉장고를 공개한다."
"경남도, 세계 최초 제조특화 초거대 인공지능 개발 착수", 이동렬 ,2024.04.14,"경남도는 산업통상자원부가 주관하는 '제조산업 특화 초거대 제조AI 서비스 개발 및 실증사업' 공모에 선정돼 국비 150억 원을 확보했다고 14일 밝혔다.이 사업은 2026년까지 3년간 총 227억 원(국비 150억원·경남도 20억원·창원시 45억원 민간 12억원)을 투입해, 제조에 특화된 초거대 인공지능(AI) 모델과 품질관리 및 생산공정 등 응용서비스 2종을 세계 최초로 개발하고, 도내 기업인 KG모빌리티와 신성델타테크에 적용한다.경남테크노파크(사업수행 주관)와 카이스트(KAIST), 경남대 등 총 15개 기관과 디지털 공급업체가 참여한다.’초거대(생성형) AI’는 수요기업(KG모빌리티, 신성델타테크)의 제조 데이터를 사람처럼 스스로 학습하고 추론해 품질관리와 생산공정의 최적 상태를 찾고 문제를 해결하는 모델을 만들어 수요기업에 적용한다. 이는 카이스트를 주축으로 지난해 12월 경남대에 개소한 ‘초거대 제조AI 글로벌 공동 연구센터(KAIST-메가존클라우드-경남대-경남TP)’가 중요한 역할을 수행할 예정이다.이 사업을 통해 제조특화 초거대 AI 모델과 응용서비스를 성공적으로 개발하고 적용하면, 공정처리 시간 65% 단축, 설비점검 시간 80% 단축, 자재관리 비용 10% 절감 등의 효과와 함께 제조업에 초거대 AI가 적용된 모델을 세계 최초로 개발적용하여 이 분야의 글로벌 시장을 선점할 수 있을 것으로 기대된다.류명현 경남도 산업국장은 ""이번 사업은 창원국가산단이 초거대 AI를 제조업에 세계 최초로 적용하는 선도 모델이 될 것""이라며 ""지역 제조업의 혁신성장과 글로벌 경쟁력을 강화하는 동시에 도내 디지털 공급기업이 성장할 수 있는 기회를 제공할 것""이라고 밝혔다."
인간과 기술의 공존을 돕는 '인공지능 윤리학자',내용없음,2024.04.09,"편리한 기술, 윤리로부터 자유로울 수 없어한시도 손에서 스마트폰을 놓지 않는 사람들을 주변에서 쉽게 볼 수 있다. 내가 원하는 것을 나보다 훨씬 더 꿰뚫고서 내 취향의 영상을 추천하기도 하고, 탑재된 인공지능(AI)으로 친구처럼 대화가 가능한 지도 오래다. 이 질문에 대한 답은 시간이 지날수록 구체적이고 고도화된다. 대화형 AI, 생성형 AI… 생소하고도 친숙한 AI가 우리 일상 곳곳에 스며든 지금, 어느덧 우리는 기술의 지배를 받고 있는 것은 아닐까 하는 착각이 들 때도 있다.다양한 기능의 제품과 콘텐츠가 쏟아지면서 더 나은 기능 탑재를 통해 시장을 점유하려는 경쟁 역시 치열해지고 있고 편리함과 정확함을 안겨주는 것과 함께 AI가 가져야 할 '윤리'에 대한 관심도 높아지고 있다.기술은 기술일 뿐, 웬 윤리가 필요할까도 싶지만, 고도의 기술은 인간의 가치와 존엄을 훼손하거나 부정적이거나 당초 의도치 않은 결과를 낳기도 하고 있어 결국 인간이 만들어내는 AI의 알고리즘이 인간을 돕기도, 해하기도 한다.그 무엇보다 인간의 존엄과 가치가 우선기술이 직면한 윤리문제를 언급할 때 흔히 트롤리의 딜레마(Trolley Dilemma)를 예로 들게 된다. 트롤리 전차가 멈출 수 없는 속도로 질주하고 있으나 브레이크가 고장 나 멈출 수 없을 때 선로에는 다섯 명이 작업을 하고 있고 이들과 충돌을 피하고자 옆 선로로 진입한다면 또 다른 한 명의 희생자를 낼 수밖에 없는 상황이라면 기관사는 어떤 선택을 해야 할까. 소수의 생명이라고 가벼이 여길 수 없는 윤리적인 고민, 책임의 무게가 정당화될 수 있을지에 대한 물음을 안긴다.이는 자율주행자동차가 일상화될 무렵 나온 윤리문제이기도 한데 똑같은 위험에 처했다면 운전자와 보행자 중 누구를 더 보호해야 할 것인가라는 질문을 남긴다. 또 이제 우리 일상 깊숙이 사소한 것에까지 침투한 AI는 인종, 젠더 등에 대한 편견이 반영된 알고리즘으로 마치 그 편견이 정답인 것처럼 제시되기도 한다.흑인은 백인보다 재범률이 높을 것이라는 편견, 딥페이크로 만든 합성물로 퍼지는 가짜 뉴스, 마치 사람의 아이디어와 창작물인 것처럼 속인 예술작품, 법조인이 AI를 활용해 만든 법조문 등 AI 윤리(AI Ethics)가 다뤄야 할 문제는 무궁무진하다.엔지니어, 철학자 등이 인공지능 윤리학자가 될 수도세계 각국의 정부와 기업, 연구기관에서는 이러한 AI 윤리에 대한 가이드라인을 정하고 있는데 국내에서도 2020년에 과학기술정보통신부에서 Al 윤리기준을 마련했다. 이 기준은 AI 개발 및 활용과정에서 '인간성(Humanity)'을 위해 준수해야 하는 '인간의 존엄성', '사회의 공공선', '기술의 합목적성' 등의 3대 원칙을 포함하고 있다.AI 윤리학자는 이러한 정책이나 규정을 만들어 AI가 양산하는 윤리적 문제를 해결하기 위해 공정성, 투명성, 책임성을 강조하는 것뿐만 아니라 제품 개발에 AI 윤리를 반영하도록 하고 알고리즘에 대한 정기검사와 모니터링을 하기도 하며 AI 윤리에 대한 국제협력을 하기도 한다. 따라서 이들은 특정 영역에만 한정되는 것이 아닌 제품 개발을 위한 엔지니어, 인간의 존엄과 가치를 연구하고 기술과 공존하기 위한 방안을 체계화하는 철학자, 그리고 법률전문가나 디자이너에 이르기까지 다양한 전문가들이 함께 AI 시스템이 인간을 향하고 있는지를 준비하고 고민하고 해결한다. 아직 AI 윤리학자는 눈에 쉽게 띄는 직업은 아니나 기술에 대한 안전성, 공정성, 투명성의 요구도 커지는 만큼 앞으로의 활약이 기대된다."
적국의 인공지능 사이버 공격과 4월 총선,내용없음,2024.04.09,"한국이 총선을 앞둔 시점에서, 미국의 마이크로소프트(MS)는 올해 선거를 치르는 국가들이 한국을 포함하여 인공지능(AI)으로 만들어진 정교한 사이버 공격에 취약하다는 보고서를 발표했다. 국내 정치에 매몰된 한국에서는 이러한 뉴스가 그 중요성에 걸맞은 주목을 받지 못하는 것 같다. 아마도 아직 심각한 피해를 경험하지 않았기 때문일 수 있다.그러나 MS가 발표하는 정보는 주목할 가치가 있다. 한 국가가 다른 국가를 대상으로 시도하는 고난도 사이버 공격이 발생할 때, 사이버 보안업체와 더불어 MS 대응 팀이 출동한다. 다국적 협력 경험을 바탕으로 대응에 나선 누적된 노하우를 가지고 있다. 한국에 대한 사이버 공격이 이미 진행되었을 수도 있으며, 주요 문제들은 이미 해결되었을 수도 있다. 사이버 공격은 종종 공개적으로 알려지지 않고 조용히 해결되는 경우가 많다. 하지만 모든 경우가 그런 것은 아니다.2022년, 동유럽권 국가인 알바니아 정부는 심각한 사이버 공격을 받고 정부 전산망을 아예 3일 동안 차단했다. 피해 규모가 너무 커서 감당할 수 없어 더 퍼지는 것을 막기 위한 고육책이었다. 민간 피해도 컸다. 개인이 은행에 얼마를 예금해 놓았는지 등 민감한 개인 정보가 인터넷에 떠돌아다녔다.필자는 여기에 참여했던 인사로부터 우연히 자초지종을 들을 기회가 있었는데, 이 중에는 미용실에서 머리 손질을 하다가 전화 받고 공항으로 간 사람도 있을 정도였다. 알바니아에 도착하니 MS 유럽 팀은 이미 도착해 있고, 알바니아 정부의 도움 요청을 받은 미국 정보기관도 합류했다. 이 밖에 영국, 에스토니아, 우크라이나 등에서도 사이버 보안 최고 전문가들이 합류했다. 마치 알바니아를 구하러 온 '어벤져스'처럼 말이다.실제로 그들은 함께 일하면서 스스로를 농담으로 '어벤져스'라 부르기도 했다고 한다. 조사 과정에서 그들은 이번 공격이 개인이나 개별 단체의 행위가 아닌 '국가의 공격'으로 주도되었으며, 이 국가가 바로 이란이라는 것을 밝혀냈다.공격은 주도면밀했다. 먼저 피해자의 컴퓨터를 바이러스로 감염시킨 후 몸값을 요구하는 랜섬웨어로 위장하여 알바니아 당국의 관심을 분산시킨 다음, 4개의 팀이 군사작전 하듯 정부의 전산망을 하나하나 잠식해 나갔다. 속수무책으로 당하던 알바니아 정부는 이 긴박한 순간에 매우 중요한 결정을 한다. 그것은 바로 미국 등 서방 국가에 도움의 손길을 요청한 것이다. 국가 기밀이 담긴 컴퓨터 전산망에 외국 정부가 접근하게 허용한 것인데, '적에게 정보를 넘기느니 차라리 아군에게 넘기는 것이 낫다'라는 논리로 내부의 반대자를 설득했다.추가 조사 후 알바니아는 이란을 공격 배후로 지목하고, 국교 단절을 선언한다. 이는 사이버 공격을 둘러싸고 국교를 단절한 첫 사례로 주목을 받았다. 국가안보 정보가 컴퓨터에 저장되고, 국가 인프라 시설인 댐, 지하철망, 공항, 도시가스, 병원, 은행 등이 요즘 모두 컴퓨터로 연결 및 제어되는 시대에서 사이버 안보의 중요성은 특히 '디지털 행정'이 발전한 한국과 같은 국가가 더욱 관심을 가져야 할 사항이다. 특히 총선을 앞두고 있는 만큼, 사이버 안보에 대한 경각심을 갖고 대비책을 마련해야 한다. 또한 우방국과의 협력을 강화하여 공동 대응 능력을 높이는 것도 중요할 것이다."
"AI 가전도 원조 논쟁? LG전자 ""업 가전이 최초의 인공지능 가전제품""", 김지현 ,2024.04.03,"LG전자가 3일 글로벌 인공지능(AI) 가전 시장을 자체 개발한 가전 전용 온디바이스 AI 칩으로 이끌겠다고 밝혔다. 라이벌 삼성전자가 신제품을 내놓은 날 차별화된 무기로 '공감지능(Affectionate Intelligence)을 구현한 AI 가전'을 제시하면서다.LG전자는 이날 보도 참고 자료를 통해 공감지능 구현을 위한 가전 전용 온디바이스 AI칩 'DQ-C'를 자체 개발해 주요 제품에 적용을 확대하고 있다고 공개했다. 삼성전자가 같은 날 '비스포크 AI' 라인업을 공개하는 미디어 행사를 열자 맞불 성격의 자료를 낸 것이다.LG전자가 강조한 공감지능은 조주완 대표가 올해 초 세계 최대 가전·정보통신(IT) 전시회 'CES 2024'에서 AI를 재정의한 개념이다. AI가 고객의 필요와 불편에 공감하고 해결해주는 역할을 해야 한다는 뜻이다. 조 대표는 공감지능의 차별적 특징으로 △실시간 생활 지능 △조율·지휘 지능 △책임 지능을 꼽았다.LG전자는 공감지능의 특징을 적용한 제품군을 에어컨과 세탁기, 냉장고, 오븐, 로봇청소기 등 10개 넘는 가전으로 확대하고 있다. 2024년형 휘센 오브제컬렉션 타워에어컨에 공감지능이 적용됐는데 'AI 스마트케어'로 실시간으로 사용자 위치를 파악해 바람의 방향과 세기, 온도를 알아서 조절해 쾌적함을 주는 식이다.LG전자는 2011년 업계 최초로 가전에 와이파이(Wi-Fi, 무선인터넷) 모듈을 탑재해 원격으로 제품을 모니터링하고 제어할 수 있는 스마트 가전 시대를 열었다. 2017년 AI브랜드 '씽큐'를 선보였다. 2022년 고객이 원할 때마다 새 기능을 업그레이드로 추가하는 '업 가전'을 선보이며 본격 AI 가전 시대를 열었다. 또 3년 이상의 연구개발 끝에 지난해 7월 온디바이스 AI칩 'DQ-C'와 가전 운영체제(OS)를 선보였다. 차세대 가전 전용 AI 칩도 개발 중이다.LG전자는 참고자료에서 이를 일일이 거론하며 ""계속해서 글로벌 AI 가전의 '최초' 역사를 쓰고 있다""고 강조했다. 최근 삼성전자가 비스포크 AI 개발에 속도를 내며 'AI 가전=삼성' 공식을 내세우자 공개적으로 견제한 것. 앞서 조 대표도 지난달 26일 주주총회가 끝난 뒤 기자들과 만나 ""AI 가전의 시초는 LG전자가 만들어 낸 업 가전""이라고 못 박기도 했다.삼성전자와 LG전자가 일체형 세탁건조기, 올레드(OLED·유기발광다이오드) TV 시장 점유율을 놓고 벌였던 신경전의 범위가 앞으로 AI 가전으로 넓어질 것으로 보인다. LG전자는 ""공감지능을 생성형 AI를 바탕으로 한 스마트홈 서비스로 발전시키는 한편 그 범위를 홈을 넘어 모빌리티·온라인 공간 등으로 넓혀 차별화된 고객 경험을 제공할 계획""이라고 강조했다."
이젠 수산·양식(養殖)도 인공지능으로 SMART하게..., 윤형권 ,2024.03.30,"충남도가 인공지능(AI)과 정보통신기술(ICT)을 접목한 스마트 수산양식단지 조성과 수산식품 클러스터 구축으로 '수산양식혁명'을 꾀하고 있다고 밝혔다.장진원 충남도 해양수산국장은 28일 도 프레스센터에서 기자회견을 열고, 당진 석문산업단지에 조성하려는 수산식품 클러스터 구축사업이 해양수산부의 예타사업 대상에 선정되면 △스마트 가공처리센터 △블루푸드 벤처혁신센터 △LNG활용 설비 구축 및 물류센터 등 클러스터 구축에 국비와 지방비 1,900억 원을 투입해 2028년 완공시킬 것이라고 밝혔다. 석문간척농지 9만 1,406㎡ 면적 규모다.도는 수산식품 클러스터와 연계한 당진시 석문간척지에 ICT·AI 등 첨단기술을 접목한 양식단지를 조성해 청년 창업인에게 임대하는 친환경·저탄소형 스마트 수산양식단지를 구축하고 있다고 밝혔다. 스마트 수산양식단지는 2026년까지 국비 100억 원이 투입된다. 그동안 간척지는 농토로만 이용됐으나, 충남형 수산양식단지는 '벼농사 대신 기르는 어업'을 실현시키는 발상의 대전환이라는 것이다.장진원 국장은 “수산식품 클러스터를 통한 생산유발 효과는 1799억 원, 부가가치 유발 효과는 733억 원, 고용유발효과는 1,062명에 달한다""며 ""LNG 냉열 활용에 따라 연간 8억 3,000만 원의 에너지 비용 절감과 940톤의 온실가스 저감 효과도 올릴 수 있을 것”이라고 설명했다.수산양식단지는 수산식품클러스터와 연계해 생산방식, 유통방법을 체계적으로 관리해 새우, 김, 연어 등 미래 전략 수산양식 품종을 육성해 기업을 끌어들이고, 청년 어업인의 소득향상에 기여한다는 계획이다. 충남형 스마트 수산양식단지가 가동되면 연어 1,050톤(약 200억 원). 흰다리새우 150톤(50억 원)의 매출로 809억 원의 생산유발효과와 320억 원의 부가가치, 426명의 고용유발효과가 기대된다고 도가 밝혔다. 또한 최첨단 수산물 유통 시설 구축으로 수산물 수출을 확대한다는 계획도 밝혔다. 지난해 충남 수산물 수출액이 2억 달러로 2022년 수출액 1억 7,000만 달러보다 18.9%가 늘어난 것이다.충남형 스마트 양식단지는 석문 간척지 일원 14만 5000㎡의 부지에 2027년까지 4년 동안 400억 원을 투입해 조성 중이다. 간척지를 수산양식산업으로 활용하는 사례는 충남도가 처음이다."
천안함 사건 때보다 심각... 北 우방국 5개 공관 테러 경보 왜 올렸나, 김형준 ,2024.05.03,"정부가 재외공관 5곳에 대한 테러 경보를 한꺼번에 두 단계 격상하면서 그 배경에 관심이 쏠리고 있다. 2010년 3월 천안함 피격사건 때도 테러 경보는 한 단계 높이는 데 그쳤다. 당시 전쟁에 준하는 상황으로 치달았던 것과 비교해 해외에서 우리 국민을 노리는 북한의 움직임이 더 위험해졌다는 의미다.이에 우리 재외공관원에 대한 구체적인 테러 징후를 정보당국이 포착한 것 아니냐는 관측이 나온다. 전문가들은 북한 해외공작요원들이 엘리트층 탈북으로 골머리를 앓자 책임을 우리 정부 탓으로 돌리고 면피용 성과를 내기 위해 무리수를 둘 가능성이 큰 것으로 판단하고 있다. 특히 △북한의 우방국 △북한 주민 상주 인구가 많은 지역 △탈북 루트와 연관된 곳에서 행동에 나설 가능성이 높을 것으로 예상했다.정부는 2일 캄보디아, 베트남, 라오스, 블라디보스토크(러시아), 선양(중국) 주재 우리 대사관(총영사관)에 대한 테러 경보를 관심에서 경계로 일제히 올렸다. 테러 경보는 위협 정도에 따라 관심-주의-경계-심각의 4단계로 구분되는데, ①특정 재외공관을 콕 집어 테러 경보를 격상한 점부터 전례를 찾기 어렵고 ②주의 단계를 건너뛰고 단숨에 두 단계를 높인 점 ③국정원이 격상 배경을 보다 상세히 밝힌 점 등이 전례를 찾기 어렵다는 게 전문가들의 설명이다. 재외공관을 대상으로 테러 경보를 높인 건 2010년 천안함 사건 때가 가장 최근인데, 당시 한 단계(관심→주의) 격상에 그쳤다.이번에 정부가 발령한 테러 경보 '경계'는 ‘테러 발생 가능성이 농후한 상태’를 지칭한다. 구체적으로 △테러조직이 우리나라를 직접 지목해 위협하거나 △국제 테러조직의 국내 잠입 활동을 포착했을 때 △대규모 테러이용수단을 적발했을 때를 말한다. 사실상 테러 임박 상태이거나, 각 지역에서 구체적인 움직임이 시작됐을 거라는 관측에 무게가 실리는 이유다. 국가정보원은 테러 경보 단계를 높인 배경으로 “북한이 중국과 동남아, 중동 등 여러 국가에서 우리 공관원이나 국민을 대상으로 테러를 준비 중인 징후가 다수 포착됐다”고 밝혔다.이들 5곳 재외공관은 △사회주의 체제이거나 △과거 북한의 우방국이었거나 △현재 전형적인 탈북 루트로 애용되는 곳이다. 북한과 지리적으로 멀지 않고, 무기와 인력 교류가 활발하다. 김용현 동국대 북한학과 교수는 3일 “5곳 모두 남북 관계의 미묘함과 긴장감이 다른 지역과 차원이 다른 곳”이라며 “특히 블라디보스토크는 북러 무기 거래가 이뤄지고, 선양은 북한 노동자들이 상당히 많이 집결된 지역”이라고 설명했다. 블라디보스토크와 선양은 정치적으로 민감해 외교부가 아닌 국정원이 주도하는 공관이기도 하다.박원곤 이화여대 북한학과 교수는 북한이 '김정은 체제' 결속을 강조하면서 이른바 ‘책임제’가 더 뚜렷해진 데 따른 긴장감이라고 해석했다. 박 교수는 “탈북이 이어지면 관련자들은 책임을 져야 하는데, 이런 책임을 남측에 떠넘긴 뒤 우리 요원들을 납치하거나 살해하면 관련자들은 ‘할 일을 다했다’고 볼 수 있다”면서 “다만 이런 조짐이 과거와 같은 수준이 아니라, 감청이나 지시문 확보 등을 통해 북한이 (우리 공관원에 대한) 테러나 납치를 감행하기 위한 요원을 파견한 근거를 확보했을 가능성이 높다”고 봤다. 1996년 10월 블라디보스토크에서 순직한 국정원 출신 최덕근 영사 사례를 언급한 박 교수는 “북한의 실질적 위협이 있었기에 우리 정부가 움직였을 가능성도 있다”고 내다봤다."
中 견제 동맹 '오커스'에 한국 참여 타진... 호주와 2+2회의, 문재연 ,2024.05.01,"미국·영국·호주의 군사동맹인 '오커스'(AUKUS)'에 한국의 참여 가능성을 본격적으로 타진하기 시작했다. 1일 열린 한국과 호주의 외교·국방장관(2+2)회의에서다. 군사기술 공동개발 프로그램인 오커스 '필러 2'에 한국이 기여할 수 있는지가 핵심이다. 오커스는 중국을 군사적으로 견제하기 위해 앵글로색슨 3개국이 2021년 9월 발족한 기구다. 미국이 호주에 핵잠수함 기술을 지원하기로 결정하면서 출범 때부터 상당한 주목을 받았다.호주 멜버른을 찾은 조태열 외교부 장관과 신원식 국방부 장관은 이날 제6차 한·호주 2+2회의를 갖고 상호 인도·태평양(인태) 전략을 추진하는 데 양자·소다자·다자 차원의 협력을 강화해나가기로 했다. 양국 장관들은 공동성명에서 ""인태 지역의 안정과 안보를 위한 오커스의 기여를 평가하고 한국이 필러 2 추가 협력국으로 고려되고 있는 사실을 환영했다""고 적시했다. 한국의 오커스 필러 2 참여 가능성에 무게가 실리는 대목이다.신 장관은 공동기자회견에서 ""오커스 필러 2 협력 가능성에 대해 논의했다""며 한국의 국방과학기술 역량이 오커스 필러 2의 발전과 지역 평화에 기여할 것으로 기대한다""고 말했다. 리처드 말스 호주 부총리 겸 국방장관은 ""어제와 오늘 (한국과) 오커스 필러 2에 대해 논의했다""면서 ""한국은 매우 인상적인 기술을 갖고 있고 가치를 공유하며 전략적으로 협력하는 국가""라고 밝혔다.오커스 '필러 1'은 영국과 미국이 호주에 원자력 추진 잠수함을 제공하는 프로그램이다. '필러 2'는 인공지능(AI)·양자컴퓨팅·사이버 안보·해저기술·극초음속 미사일 등 8개 분야 첨단 군사역량 공동개발 프로그램을 지칭한다. 앞서 오커스 3개 회원국은 필러 2로 협력국을 확대하면서 첫 대상으로 일본을 지목했다.우리 정부는 오커스 필러 2를 통해 가치공유국과 첨단기술·방산협력을 강화할 수 있다는 점에서 참여를 긍정적으로 검토해왔다. 필러 1보다는 군사적 성격이 덜하지만, 오커스 자체가 중국을 옥죄기 위해 만든 협의체인 만큼 실제 참여할 경우 중국의 반발은 불 보듯 뻔하다.차두현 아산정책연구원 수석연구위원은 ""필러 2에 참여하면 함정 건조나 인공지능(AI ) 관련 방산 협력과 시장을 확대하고 미국 주도 소다자 동맹에 복합적으로 참여해 입지를 강화하는 효과가 있을 것""이라고 평가했다. 조상근 카이스트(KAIST) 국가미래전략기술 정책연구소 연구교수는 ""오커스 필러 2를 통해 참가 국가들과의 상호 운용성이 높아질 것""이라며 ""중국과 러시아의 관계를 고려해야 하는 우리 입장에서는 여러 변수들을 종합적으로 고려해 접근해야 한다""고 말했다.아울러 양국은 ""인태 지역의 평화와 안정을 위해 양자뿐만 아니라 미국과 일본 등 유사국가들과 군사훈련 및 안보 협력을 적극적 추진한다""고 밝혔다. 이에 따라 우리 군은 미국과 호주, 일본이 실시하는 연합훈련에 참가한다. 신 장관은 ""상호 운용성을 높이고 역내 평화와 안정의 여건을 조성할 것""이라고 강조했다. 이와 함께 북한의 지속적인 도발을 규탄하고 대북제재를 무력화하는 러시아의 행동을 규탄하면서 북러 간 불법적 무기거래를 저지하는 데 협력하기로 했다.또한 한국, 호주, 일본의 3자 대화도 추진할 방침이다. 공동성명에 ""1.5(반민반관) 인태 (전략) 대화를 검토하는 데 동의했다""고 명시했다. 한국이 장관급 2+2회의를 정례적으로 여는 국가는 동맹국 미국을 제외하면 호주가 유일하다. 이번 회의는 3년 만에 열렸다."
"""두 달 중국 정박했던 '북러 무기 보급선' 신호 끄고 잠적""", 조영빈 ,2024.04.30,"지난 2월 11일 중국 저장성 동부에 위치한 저우산 신야 조선소. 북한이 러시아로 보낼 무기 보급선으로 의심받아온 러시아 선박 앙가라(Angara)호가 이 조선소에 정박해 있는 모습이 민간 인공위성업체 플래닛랩스 위성에 포착됐다.이미 지난해 5월 미국 국무부와 재무부의 제재 목록에 오른 이 선박엔 수천 개의 컨테이너가 실려 있었다. 북한 나진항에서 선적한 북한산 군수품을 싣고 러시아를 오가던 중 연료 주입·수리를 위해 중국 항구에 기항한 것으로 추정됐다. 중국이 북러 간 무기 거래를 위한 '공간'을 제공하고 있다는 핵심적인 정황이 드러난 것이다.미국 등 국제사회가 주시하던 앙가라호가 최근 중국을 떠난 것으로 29일(현지시간) 확인됐다. 미국의소리(VOA) 방송은 이날 ""앙가라호가 신야 조선소에서 포착된 지 두 달여 만에 중국을 떠났다""고 선박 위치 정보 웹사이트인 마린트래픽을 인용해 보도했다.마린트래픽 자료에 따르면 이 선박은 지난 27일 오후 중국 닝보 해역을 벗어나 동중국해 방향으로 6시간가량 항해하다 자취를 감췄다. 항해 도중 이동 정보를 숨기기 위해 위치 정보 발신 장치인 자동식별장치(AIS)를 껐다는 뜻으로, 무기 무역을 위해 북한이나 러시아 항구로 향한 것인지 주목된다고 VOA는 전했다.미국은 강한 우려를 표명했다. 베단트 파텔 미 국무부 부대변인은 29일 북러 간 무기 운송 선박이 중국 항구를 이용하고 있는 정황과 관련, ""우리는 이를 심각하게 받아들이고 있다""고 밝혔다. 이어 ""중러는 방위산업 분야에서 더욱 긴밀해지고 있고, 이는 우크라이나에 대한 직접적인 모욕""이라며 ""우리는 관련 당사국의 책임을 묻기 위해 적절한 조치를 지속적으로 취할 것""이라고 강조했다.아울러 미국은 중국이 민간과 군사 목적으로 모두 이용할 수 있는 '이중 용도 품목' 수출을 통해 사실상 러시아에 대한 군사적 지원을 거듭하고 있다며 중국을 압박했다. 토니 블링컨 미 국무부 장관은 이날 사우디아라비아 리야드에서 열린 세계경제포럼(WEF)에 참석해 ""러시아는 지난 1년간 어느 때보다 빠르게 미사일, 장갑차 등을 생산했다""며 이는 중국이 초소형 전자기기, 광학 부품 등 이중 용도 품목을 대량으로 러시아에 제공한 덕이라고 지적했다. 앞서 26일 중국을 방문 중이던 블링컨 장관은 기자회견을 열고 중국이 이중 용도 품목 수출을 지속할 경우 대규모 제재를 할 가능성도 열어뒀다.중국은 미국의 주장이 '허위'라고 맞섰다. 린젠 중국 외교부 대변인은 29일 정례브리핑에서 ""중국은 우크라이나 위기를 조장한 주체도, 당사자도 아니며 불에 기름을 붓거나 기회를 틈타 어부지리를 취하는 일을 하지 않았다""고 주장했다. 이어 ""우크라이나에 무기와 탄약을 계속 공급하는 미국이 중러 간 정상적인 무역을 비난하고 있다""면서 우크라이나 전쟁 격화의 책임을 미국에 돌렸다."
北 대표단 이란 깜짝 방문...러시아 정점 '3각 군사 공조' 우려, 문재연 ,2024.04.24,"북한이 '대외경제상 대표단'을 이란에 파견했다. 표면적으론 경제 교류지만 실상은 석유 등 자원 공급처 다변화로 대북제재를 무력화하겠단 의도로 보인다. 더불어 북한과 이란 모두 러시아와 긴밀한 관계라는 점에서 러시아를 축으로 한 북한-이란 간 군사 밀착 관계 심화를 우려하는 목소리가 나온다.조선중앙통신과 노동신문은 24일 ""대외경제상 윤정호 동지를 단장으로 하는 대표단이 이란을 방문하기 위해 전날 비행기로 평양을 출발하였다""고 보도했다. 북한 고위급이 이란을 방문하는 것은 2019년 이후 5년 만이다. 당시엔 박철민 북한 최고인민회의 부의장이 이란 의회 의장 등을 만나고 양측 협력 방안을 논의했다. 통신과 신문은 이번 대표단의 규모나 일정 등을 구체적으로 언급하지는 않았다.이번 방문은 이란과 이스라엘 간 무력충돌 발생 직후라는 점에서 눈길을 끈다. 북한과 이란은 1980년대부터 반미·친러 성향의 우방관계를 유지해왔다. 특히 미사일 기술거래를 물밑에서 추진하는 등을 군사협력을 심화해왔다. 우리 국가정보원은 이미 이란의 이스라엘 본토 폭격에 북한 미사일 기술이 사용됐는지 여부를 두고 촉각을 곤두세우고 있다.러시아를 정점으로 한 3각 공조 여부에도 관심이 쏠린다. 공교롭게 이번 대표단을 이끄는 윤 대외경제상은 지난해 11월 '북러 경제공동위원회' 북측 위원장으로 제10차 회의를 진행했다. 지난 3월 26일에도 러시아를 방문하는 등 대러 경제협력의 주요 창구였다.우리 군 당국도 지난해 8월부터 올해 2월까지 포탄 등 군수물자가 북한에서 러시아로 넘어간 정황을 포착했다. 북한은 포탄을, 이란은 무인공격기 샤헤드-136과 탄도미사일을 주로 공급하는 것으로 알려졌다. 이들 무기 기술이 러시아를 축으로 양측에 전해질 우려가 제기되는 이유다.'반미연대' 결속을 다지고 과시하기 위한 움직임일 가능성도 있다. 북한은 최근 들어 러시아·중국·베트남 등에 대표단을 파견하는 등 우방국과의 결속을 다지는 모습을 보였다. 한국을 압박하고 미국을 흔들기 위한 메시지로, 한미일 공조의 틈을 벌리겠다는 의도인 셈이다. 북한은 이날도 김여정 노동당 부부장과 외무성 대외보도실장, 임천일 외무성 부상 등 3개 담화를 한꺼번에 쏟아냈다. 모두 한미연합훈련을 비난하고 러시아를 옹호하는 내용이다. 또한 북-이란 군사 협력 강화는 곧 한-이란 관계에 악재일 수밖에 없다.홍민 통일연구원 선임연구위원은 ""북한과 이란은 전통적인 군사협력 대상이기 때문에 이를 굳이 대외경제성 대표단이 협의할 이유가 없다""며 ""이란은 러시아가 제재 회피방법을 배울 정도로 제재 무력화 능력이 뛰어난데, 이와 관련한 논의 가능성이 더 높다""고 말했다."
"""러우 전쟁, 영토 분쟁 넘어 유럽과 세계 안보 질서와 연결돼""", 정진황 ,2024.04.24,"2022년 2월 발발 이후 2년을 넘긴 러시아·우크라이나 전쟁의 끝은 여전히 보이지 않는다. 보다 세밀해진 작전과 군비가 강화한 러시아와 달리 서방의 지원 지연으로 우크라이나는 수세에 몰리는 양상이다. 이런 가운데 도널드 트럼프 공화당 후보가 부상하고 있는 올 11월 미국의 대통령 선거 결과는 전쟁 양상에 큰 영향을 미칠 전망이다. 한편으로 러시아는 서방 측에 속한 한국을 비우호국으로 분류하고 대북제재 무력화 등 다각적 압박을 가하며 충돌을 빚는 모양새다. 러시아와 군사, 경제적 연관을 갖고 있는 우리의 외교 전략도 정교한 접근이 필요해졌다. 주러시아와 주우크라이나 한국대사를 지낸 박노벽 전 대사를 만나 전쟁 전망 등 전반적 현안에 대한 견해를 들어봤다. 박 전 대사는 “러·우 전쟁은 단순히 영토분쟁을 넘어 유럽과 세계의 안보 질서와 연결된 문제”라면서 “현재로선 해결 전망이 보이지 않는다”고 말했다. 다음은 일문일답.–전황은 어떻습니까.“러시아는 사상자 30여 만 명의 병력과 많은 장비 손실에도 우크라이나 영토 18% 이상 통제하에 두게 됐습니다. 미국 측 평가에 따르면 러시아는 전쟁 전보다 15% 강화된 전력으로 주도권을 쥐고 있는 것으로 보입니다. 반면에 우크라이나는 탄약 등 군비 부족으로 수세적 국면이지만 608억 달러 지원 법안이 미 의회를 통과해 방어전이 가능해졌다고 볼 수 있습니다.”-푸틴 대통령은 종전 협상을 언급하고 있는데 협상 가능성은 어떻습니까.“러시아는 종전 조건 수위가 높아진 반면 우크라이나는 크름반도를 포함한 모든 영토의 반환과 러시아 군대 철수가 평화 조건이라 상호 타협 가능성은 없어 보입니다. 러시아는 워싱턴이 종전 협상 대상이라 생각하지만, 우크라이나 입장이 우선이라는 게 미국의 방침이죠. 스위스 정부가 6월 볼로디미르 젤렌스키 우크라이나 대통령의 평화 제안을 기초로 수십 개국이 참여하는 평화회의를 개최할 예정이나 블라디미르 푸틴 러시아 대통령은 초청되지 않았습니다. 전쟁 당사국 간 협상은 요원해 보입니다.”-전쟁이 장기화하는데 러시아의 전략적 목표는 달라진 게 있습니까.“우크라이나의 중립화와 정권교체, 동남부 지역 영토화, 나토가 확장되기 전인 1997년 이전의 유럽 안보 질서 회복이라는 개전 목적에서 변한 게 없습니다. 탈냉전 초기 단계로 가겠다는 게 러시아 전략이지만 상황은 180도 다르게 전개되고 있습니다. 서방의 지원 하에 우크라이나 정부와 국민은 항전하며 유럽과 통합되길 원합니다. 나토 회원국은 올 2월 스웨덴, 핀란드 가입으로 32개국으로 확대됐고, 러시아와의 국경선이 1,300km로 늘어났습니다. 러시아로선 아픈 상황이 된 거죠.”-러시아 위협에 대응한 나토의 역할이 커졌는데 내부적으로는 어떤가요.“나토 회원국 중 올해 GDP 2% 이상 국방비 책정을 달성한 국가는 20개국 정도 입니다. 독일, 프랑스도 군비 부족을 해소하지 못하고 있습니다. 나토가 직면한 도전은 외부의 위협에 대응해 충분한 국방력을 투입할 태세가 돼 있느냐, 내부의 정치적 단합과 실행력이 있느냐는 게 문제로 남습니다. 경제력은 물론 국방비 총액도 지난해 러시아의 10배 수준이지만, 러시아 인접국과 그렇지 않은 나라의 이해나 안보의식이 다릅니다. 복지 등에 써온 예산을 국방비로 전환하는 데 따른 정치적 부담이 있는 것이죠. 만약 러시아가 승기를 잡게 된다면 향후 5~10년 내 발트 3국이나 핀란드에 대해 도발적인 테스트를 하지 않을까 하는 우려가 나오고 있습니다. 젤렌스키 대통령은 '우크라이나의 미래가 유럽의 미래'라는 말로 서방의 지원을 호소합니다.”-러시아의 핵 사용 위협에 대해 어떻게 보십니까. 엄포용인가요.“푸틴 대통령은 지난 3월 러시아 국내 방송과의 인터뷰에서 핵 사용에 관한 질문을 받고서 핵무기는 사용하기 위해서 있는 것이라는 식으로 답했죠. 러시아 존립에 대한 위협, 러시아의 주권과 독립을 해치는 경우, 전선에서 러시아 군대가 어려울 경우를 포함해 핵 사용 태세가 돼 있다고 했습니다. 이를 두고 서방에선 푸틴이 선제 사용의 조건 확대 우려가 나왔습니다. 러시아 일부 전문가들은 전술 핵 사용 조건, 즉 문턱을 낮추자는 견해도 내놓고 있습니다. 푸틴의 발언은 미국이나 나토동맹국들의 첨단 무기 지원 등에선 일정한 선을 긋고 자제하는 모습을 보면 엄포용으로도 먹히는 양상입니다.”-전황에 따라 나토의 참전 가능성은 있습니까.“에마뉘엘 마크롱 프랑스 대통령은 지난 2월 우크라이나 지원 정상회의 전후에 나토동맹국의 군대 파병을 포함한 서방의 모든 군사적 방안을 사용할 수 있다고 언급했지만 미국, 독일을 포함한 다수의 동맹국 지도자들은 파병 의사가 없다고 선언했습니다. 마크롱 대통령의 파병 발언 의도는 러시아가 선을 넘지 말라는 취지로 보이는데 동맹국 분열을 노출하는 결과로 나타났습니다.”-서방의 우크라이나 지원은 어느 선까지 가능할까요.“금년까지 제공했거나 약속한 우크라이나 지원 규모로 보면 유럽은 1,530억 달러 수준입니다. 미국은 지난 2년간 750억 달러를 지원했고, 이번에 608억 달러 지원안이 의회를 통과해 1,358억 달러나 됩니다. 유럽보다 적지만 정치적 영향력 면에서 미국의 지원은 결정적 요소로 볼 수 있습니다. 미국이 적극적으로 나서지 않으면 유럽이 영향을 받습니다. 내부적으로 조율하기가 쉽지 않고 시간도 많이 걸립니다.”-트럼프 미 공화당 후보는 재임 시절 ‘푸틴의 꼭두각시’라는 말을 들을 정도였는데 트럼프 당선 시 어떤 영향을 미치겠습니까.“트럼프 후보가 돈바스와 크름반도 등 영토 일부를 포기하도록 우크라이나 정부를 압박해 전쟁을 끝내는 출구전략을 내부적으로 언급했다는 미 언론 보도가 있었습니다. 전쟁의 조기종식을 통해 중국과 러시아의 연대를 막고 중국의 위협 대처에 주력하는 게 미국의 이익에도 맞다는 것이죠. 그러나 트럼프나 그의 안보팀은 단순히 영토분쟁으로 보는 듯한데 전쟁 성격상 유럽과 세계 질서에 미칠 영향을 고려하지 않는 문제가 됩니다. 그런 방안을 실행할 경우 우크라이나는 물론이고 유럽 동맹국들이 크게 저항할 겁니다. 더욱이 우크라이나에 대한 안전 보장을 제공하지 않는 상황에선 러시아의 적대행위는 언제든 일어날 수 있다는 우려가 있습니다.”-전쟁 장기화에 따른 러시아와 우크라이나 내부 분위기는 어떻습니까. 강한 제재를 받고 있는 러시아 경제는 문제가 없습니까.“지난 3월 대선을 통해 푸틴은 5기 집권에 성공했죠. 러시아 국민 다수는 우크라이나 전쟁이 서방과의 대결이며, 러시아를 고립시키려는 서방의 위협에 대한 정당한 대응이라는 정부 논리를 따랐다고 볼 수 있습니다. 푸틴 직무수행에 대해서도 80% 상당의 지지를 보내고 있습니다. 이는 심정적으로 푸틴이 강대국의 위상을 회복했다고 보기 때문이고, 참전 군인과 그 가족에 대한 파격적인 보상으로 전쟁 장기화의 불만을 무마하는 상황입니다. 러시아는 서방의 경제제재를 우회하고 있지만 인플레와 방산 집중 등으로 정상적인 국내경제 운영에 어려움을 겪고 있고, 30만 사상자와 군 동원으로 인해 노동력 부족이란 시한폭탄을 안고 있는 셈이죠. 우크라이나의 경우 지난해 대반격 실패 이후에도 영토 양보에 대한 반대 의견은 압도적입니다. 전선에서 병력과 무기 부족에 대비해 징집 연령을 27세에서 25세로 낮추는 법을 채택했습니다.”-중러관계에 대해선 어떻게 보십니까. 중국은 우크라이나 전쟁에 대해 소극적 자세였는데요.“중국은 전쟁 초기 거리를 두기도 했습니다. 미국, 유럽과의 경제, 무역관계가 규모 면에서 러시아보다 크고 중요하기 때문에 직접 무기 지원 등을 자제해 왔습니다. 하지만 ‘자유 진영 대 권위주의 진영 간 대립’이라는 프레임이 강조되고 올 들어 러시아가 전장 주도권을 가지면서 러시아에 대한 지원 범위와 분야를 확대하는 양상입니다. 중국은 지난 2년간 유럽의 에너지 수입처를 대체해 러시아산 가스와 원유를 대량 구입해 주고, 서방이 철수한 상황에 소비재 수출로 러시아 경제를 상당 부분 지탱해주고 있습니다. 최근엔 전쟁에 소요되는 반도체 칩, 탱크용 공작기계, 미사일용 추진제, 위성정보까지 제공하고 있다고 합니다. 왕이 중국 외교부장은 이달 초 세르게이 라브로프 러시아 외교장관에게 ”이중 봉쇄에 대한 이중 대응방안“을 제안하기까지 했습니다. 러중 간 거래에 대한 미국과 유럽의 제재를 피하고 공급망을 유지하기 위한 협력 제안으로 추정됩니다. 이런 상황이라 미국은 최근 중국의 러시아 지원에 강하게 견제하는 상황입니다. 유럽안보를 위태롭게 하는 경우 금융제재를 부과할 수 있다고 경고하고 있습니다. 또 다른 미중 갈등이 야기되고 있는 셈이죠. 푸틴 대통령과 시진핑 주석 사이엔 개인적 유대가 있고, 내달엔 중러정상회담이 예정돼 어떤 합의가 있을지 지켜봐야겠죠. 중국은 전쟁의 승패가 자국에 유리한지 여부를 계산했겠죠.""–우크라이나는 우리 정부에 포탄 등 군사 무기 직접 지원을 원하고 있습니다. 러시아의 대북제재 무력화 등 우리 안보 위협에 적극 대응해야 한다는 주장도 있는데요.“러시아를 좀 아프게 해야 한다는 것인데 한반도 안보에 미칠 영향을 고려해 신중히 다뤄 나가야겠습니다. 유럽의 안보 질서에 관한 도전인 동시에 나토의 신뢰도와 직결된 사안입니다. 미국과 유럽이 우선적으로 탄약 등 무기 지원을 적극적으로 해 나갈 일입니다. 이미 유럽연합은 포탄 확보 계획을 수립해 20억 유로 규모를 구입하고 2025년 말까지 연간 200만 발 생산을 위한 투자와 회사를 지정했습니다. 우리로선 재건 지원과 인도적 지원에 우선 순위를 두고 국제적 노력에 동참하는 게 당장은 중요해 보입니다.”–북한과 러시아의 밀착이 어디까지 갈까요.“북러 관계 확대는 전쟁 수행의 필요성만이 아니라 반미 공동 노선과 한미일 안보협력 강화에 대응한다는 명분입니다. 현재로선 러시아가 무기거래를 하면서 북한에는 식량과 원유 지원, 노동자 송출을 수용하는 단계로 보입니다. 북러 관계가 더 깊어진다면 한반도와 동북아 안보상황이 더 복잡해지겠죠. 우리로선 미국 등 관련국과 함께 효과적인 대응방안을 마련해 나가야 할 것입니다. ”-한러 관계는 험악해지고 있습니다. 극한 대립은 피하는 모양으로 보입니다만 어떻게 대응해야 할까요.“우크라이나 전쟁이 지속되는 상황에선 정상적인 관계를 유지하기가 쉽지 않습니다. 그럼에도 불구하고 영사보호 수준은 넘어서야 하고 양국 상황이 악화하지 않도록 우리의 외교 역량을 발휘해야겠죠. 여러 도전 양상에 비추어 고차 방정식에 비유할 수 있을 정도로 어려운 일입니다."""
"한미일 재무장관 “원화·엔화 절하 급격, 긴밀히 협의”… 첫 3자 회의", 권경성 ,2024.04.18,"한미일 재무장관이 최근 달러 대비 원화와 엔화 가치의 급락에 따른 한일의 우려를 공유했다.최상목 부총리 겸 기획재정부 장관, 재닛 옐런 미 재무장관, 스즈키 슌이치 일본 재무장관은 17일(현지시간) 미국 워싱턴에서 3국 재무장관 회의를 열고 이런 내용이 담긴 공동선언문을 채택했다.이들은 선언문에서 “최근 엔화와 원화의 급격한 평가절하에 대한 일본과 한국의 심각한 우려를 인지했다”며 “우리는 주요 20개국(G20)의 약속에 따라 외환시장 진전 상황에 대해 긴밀히 협의할 것”이라고 밝혔다. 또 “지속 가능한 경제 성장 및 금융 안정, 질서 있고 잘 작동하는 금융 시장을 촉진하기 위해 계속 협력할 것”이라고 강조했다.미국 금리 인하 시점이 지연될 것이란 전망과 중동 정세 불안에 따른 위험 회피 심리 등으로 한일 양국 통화는 최근 계속 약세를 보이고 있다. 원·달러 환율이 16일 역대 네 번째로 1,400원을 웃돌기도 했다. 최 부총리와 스즈키 장관이 16일 한일 재무장관 회담을 갖고 외환 시장 급변에 따른 조치 가능성을 시사한 배경이다.최 부총리는 회의 모두발언에서도 “최근 몇 년간 복잡화·일상화한 지정학적 긴장과 충돌이 세계 경제에 지속적인 충격을 가하는 것을 봐 왔다”며 “실물 경제 불확실성이 초래할 수 있는 금융 측면 불안에 대해 (한미일) 3국이 협력해 적극 대응할 필요가 있다”고 말했다. 스즈키 장관 역시 “지난해 8월 한미일 정상회의 이후 북한의 계속된 무기 시험과 중동 긴장 고조 등 도전들 때문에 국제 상황이 더 복잡해졌다”며 “3국의 긴밀한 협력이 더 중요해졌다”고 말했다.3국 재무장관은 이날 대(對)중국 견제 및 북러 무기 거래 공동 대응 방안도 논의했다. 선언문에서 “우리는 공급망 취약성과 핵심 부문의 경제적 강압 및 과잉 생산 등 다른 국가의 비시장 경제 관행이 우리 경제에 미칠 수 있는 피해를 극복하기 위한 공조의 중요성을 강조한다”고 밝혔다. 옐런 장관은 회의 전 발언에서도 “회복력 강한 공급망 확대와 경제적 강압 대응, 제재 회피 방지 등 역내 및 세계의 핵심 공동 목표 달성을 위한 협력을 더 심화할 여지가 있다”고 말했다. 경제적 강압과 과잉 생산은 미국이 중국을 상대로 지적해 온 시장 교란 행위들이다.선언문에는 더불어 “우크라이나를 상대로 러시아가 벌이고 있는 전쟁, 북한의 무기 개발에 함께 대응해 각자의 독자 제재 수단을 활용하고 조정할 것을 확인한다”는 내용도 포함됐다. 3국 장관은 “우리는 유엔 안전보장이사회(안보리) 결의에 반하는 북러 상호 간 무기 수출·수입을 강력히 비판한다”고 밝혔다.한미일 3국 재무장관 회의는 처음이다. 한미일 정상이 지난해 8월 미국 메릴랜드주(州) 캠프 데이비드에서 3국 재무 및 상무장관 회의를 열기로 합의한 데 따른 후속 조치다. 과거에는 한미, 한일 등 양국 차원에서 금융·외환 협력이 이뤄져 왔다."
"정부, 러시아행 대북제재 위반 의심 무국적 선박 나포", 문재연 ,2024.04.03,"정부가 우리 해역을 지나 러시아로 향하던 북한 의심 선박을 나포했다. 현재 부산항에 정박 중이며, 외교부와 국가정보원 등은 이들을 상대로 유엔 안전보장이사회(안보리) 대북제재 위반 여부를 조사 중이다.3일 외교부 등에 따르면, 정부는 지난달 30일 북한에서 중국을 거쳐 블라디보스토크로 향하던 'DE YI'호를 억류했다. 해당 선박은 지난달 17일 중국 산둥성 스다오(석도)항에 기항했으며, 북한 남포항을 출발해 러시아 블라디보스토크로 간다는 정보를 입수해 전남 여수항 인근 해상에서 나포했다. 해양경찰은 해당 선박이 정선 명령에 불응하자 선박에 진입해 부산 남항 묘박지로 이동시킨 것으로 알려졌다.선박 국적은 당초 토고였으나, 현재는 무국적 선박인 것으로 전해졌다. 북한은 토고 등으로 선박 국적을 위장하곤 했다. 정부는 이 선박이 대북제재안을 위반했을 가능성이 있다고 보고, 중국인 선장 등 탑승자들을 조사하고 있다. 선박 측은 북한이 아닌 중국에서 무연탄을 싣고 러시아로 향하고 있었다고 주장하며 화물창 개방을 거부한 채 조사에 불응하고 있는 것으로 전해졌다. 외교부 당국자는 ""한미간 긴밀한 공조를 바탕으로 조사를 실시 중""이라며 ""현재 조사가 진행 중이므로 세부 사항은 밝히기 어렵다""고 밝혔다.해당 선박이 어떤 대북제재 위반 행위에 연루됐는지는 확인되지 않았다. 다만 2017년 채택된 유엔 안보리 대북제재 결의 2397호는 유엔 회원국이 대북제재상 금지행위에 연루됐다고 의심되는 선박을 자국 영해상에서 나포, 검색 또는 억류할 수 있다고 규정하고 있다.앞서 한미 양국은 북한의 불법 선박 환적을 차단하기 위한 실무협의체를 가동했다. 지난달 26일(현지시간) 한미 외교·정보·제재·해상 차단 담당 관계부처 및 기관 담당자 30여 명은 북한의 핵·미사일 자원 및 자금줄 차단을 위한 1차 태스크포스(TF) 회의를 워싱턴에서 개최했다. 회의에서는 대북제재 결의상 유류 반입 제한을 초과한 북한의 정제유 반입 현황과 차단 방안이 논의됐다. 외교부 관계자는 당시 회의에서 양측이 ""러시아가 북한에 정제유를 제공할 가능성에 대한 우려를 표하고 불법적 협력을 중단시키는 방안을 협의했다""고 밝혔다.정부는 전날에도 북한과 러시아의 무기 거래에 관여한 의혹을 받는 러시아 선박 두 척과 개인 두 명, 기관 두 곳을 독자제재 대상으로 지정했다."
"北과 '무기 거래' 러시아 처음 때렸다... 정부, 대러 독자제재", 문재연 ,2024.04.02,"정부가 북러 군수물자 운송에 관여한 러시아 선박과 개인, 기관을 대상으로 독자제재에 나섰다. 북한이 아닌 러시아만을 상대로 제재에 나선 건 이례적이다. 지난해 9월 북러 정상회담 이후 활발해진 북러 간 군사협력이 '불법'거래라는 점을 강조한 조치다.외교부는 2일 유엔 안전보장이사회(안보리) 제재를 위반해 북러 군수물자 운송에 관여한 러시아 선박 2척과 북한 해외노동자 송출에 관여한 러시아 기관 2곳, 개인 2명을 독자제재 대상으로 지정하기로 했다고 밝혔다. 안보리 결의는 모든 유엔 회원국이 북한과의 무기거래와 군사협력을 금지하도록 규정했다. 해외 외화벌이에 나선 북한 노동자도 송환해야 한다.제재 대상에 포함된 선박 '레이디 알'과 '앙가라'는 지난해 9~10월 다량의 컨테이너를 싣고 러시아와 북한을 오가며 군수물자를 운송했다는 의혹을 받는다. 지난해 10월 북한 전문매체 'NK프로'는 민간 위성으로 북한 라진항에 기항하고 있는 두 선박의 사진을 공개했다. 이 같은 동향은 대북제재위원회 전문가 패널 보고서에도 명시됐다. 외교부는 ""러북 무기거래 등 군사협력은 안보리 결의의 명백한 위반이며, 한반도를 넘어 전 세계의 평화와 안정을 심각하게 위협하는 행위""라고 지적했다.정부는 이 외에도 북한 해외 노동자 송출을 돕기 위해 신원 서류를 제공한 인텔렉트 LLC 및 회사 대표 세르게이 미하일로비치 코즐로프를 제재 목록에 올렸다. 함께 제재 대상에 추가한 소제이스트비예 회사와 대표 알렉산드르 표도로비치 판필로프는 ""편법으로 북한 노동자의 러시아 입국 및 체류를 지원했다""고 적시했다.정부는 러시아 개인에 대해 독자제재를 가한 것과 관련해 ""지난달 21일 발간된 유엔 안보리 북한제재위 패널 보고서에 따르면 최근 약 2년간 러시아 고용주가 북한 노동자를 불법 고용한 혐의가 드러난 법원 기록이 약 250건이 있으며, 최소 4건의 경우 북한 노동자에게 노동허가가 발급됐음을 확인했다""고 패널 보고서를 그대로 인용했다.외교부는 하바롭스크의 한 건설회사가 최소 58명의 북한 노동자를 고용하고 있다는 보고서 내용도 인용했다. 이어 ""러시아가 안보리 결의를 위반하거나 우리 안보를 위협할 가능성도 예의 주시하고 있으며, 필요시 추가 조치를 계속 검토할 것""이라고 강조했다.정부가 북러 군수물자 운송과 러시아의 북한 노동자 유입 문제를 정면으로 겨냥해 러시아 선박과 기관, 개인만을 제재한 것은 사실상 처음이다. 특히 이번 제재는 러시아가 거부권을 행사해 안보리 대북제재 위반을 감시·추적해온 '전문가 패널'의 임기 연장을 차단한 직후 발표돼 눈길을 끈다. 그 결과 대북제재 위반을 감시할 수 있는 국제사회의 눈이 사라졌다.이에 정부는 북한 사이버 위협 대응을 위한 한미일 실무협의체를 가동하는 한편, 북한의 불법 환적 움직임을 추적하기 위한 한미 실무협의체 출범에 속도를 내고 있다. 이상근 국가안보전략연구원 연구위원은 보고서를 통해 ""유엔 밖에 다국적 조사기구를 설립하는 방안 등 광범위한 국가들이 추천하는 전문가들로 구성된 기구를 만들어 러시아가 더 이상 대북제재 레짐을 흔들지 못하도록 강력한 경고와 설득을 해나가는 것이 중요하다""고 조언했다."
"미 전문가 ""북한, 미국 이익 훼손하려 하마스에 무기판매 확대 가능성""", 김현종 ,2024.03.29,"북한이 이스라엘과 전쟁 중인 팔레스타인 무장 정파 하마스에 대한 무기 지원을 확대할 수 있다는 관측이 나왔다. 국제사회 제재로 틀어막힌 자금줄을 회복하고 중동에서 미국의 영향력을 약화시키기 위해서다.미국 싱크탱크 전략국제문제연구소(CSIS)의 엘런 김 선임연구원은 28일(현지시간) 공개한 ‘북한-하마스 관계’ 보고서에서 이같이 주장했다.김 연구원은 북한과 팔레스타인이 오랫동안 관계를 맺었다고 짚었다. 북한은 1960년대 팔레스타인 해방기구(PLO)에 재정과 군사 훈련을 지원했고, 2014년 7월 이스라엘의 가자지구 침공 당시 하마스에 군사 장비 등을 제공했다. 지난해 10월 7일 개전 이래 하마스가 이스라엘에 사용한 대전차 로켓 등에서도 한글이 표기되어 있는 북한제 추정 무기가 발견됐다. 김 연구원은 “북한이 하마스가 가자지구에 지하 터널을 건설하는 과정 역시 도운 것으로 추정되고 있다”고 덧붙였다.북한이 무기를 제공하는 근본 동기는 ‘돈’을 꼽았다. 김 연구원은 “돈이 최우선 동기로 보인다”며 ""국제사회의 제재 속에 무기 개발 자금을 조달하기 위해 북한은 다양한 불법 행위에 연루돼 있다""고 밝혔다. 최근 유엔 안전보장이사회(안보리) 제재 등으로 자금줄이 틀어막힌 상황에서 무기 거래로 외화를 조달하고 있다는 지적이다. 그는 또 “북한은 중동에서 미국의 이익을 훼손할 기회를 모색할 수도 있다”면서 “북한은 우크라이나에서도 미국의 노력을 복잡하게 만드는 동시에 러시아에서 필요한 것을 얻어내기 위해 모스크바와의 협력을 확대하고 있다”고 강조했다.김 연구원은 서방이 오는 6월 이탈리아에서 열리는 주요7개국(G7) 정상회의에서 북한에 대한 공동 행동을 취해야 한다고 제안했다. 그는 “한국과 미국은 G7과 미국 일본 호주 인도 4개국 안보협의체인 '쿼드'(Quad), 인도·태평양 경제프레임워크(IPEF) 차원에서 대북 자금 흐름을 차단하는 공조를 강화할 수 있다”며 “즉각적 행동은 6월 열리는 G7 정상회의에서 우크라이나 및 가자지구 문제에 대해 북한을 규탄하는 결의를 채택하는 것”이라고 제시했다.이어 “한국과 미국은 하마스의 전쟁 범죄에 있어 북한의 불법 행위 문제를 국제사법재판소(ICJ)에 제기할 수도 있다”며 “북러 밀착에 불만족스러운 중국을 이용해 북한의 불법 무기 거래를 제한하는 협상을 진행할 수도 있다”고 조언했다."
"한미, 북한 대량살상무기 ‘돈줄’ 개인·업체 제재 공조", 권경성 ,2024.03.28,"한국과 미국이 북한의 대량살상무기(WMD) 개발 자금 조달을 도운 개인과 업체를 함께 제재했다. 주로 북한 정보기술(IT) 인력의 외화벌이에 연루되거나 불법 수입의 출처 추적을 방해한 혐의다.미국 재무부는 한철만 전연근 정성호 오인준 리동혁 유부웅 등 북한 인사 6명과 러시아 블라디보스토크 등록 법인인 ‘앨리스’, 아랍에미리트(UAE) 등록 법인인 ‘파이어니어 벤컨트 스타 리얼 에스테이트’ 등 제3국 기업 2곳을 한미가 공동 제재했다고 27일(현지시간) 발표했다.재무부 해외자산통제국은 이번 제재가 “한국과의 공조 결과”라며 북한을 위해 수익을 창출하고 금융 거래를 용이하게 함으로써 궁극적으로 북한의 WMD 프로그램을 지원한 개인과 업체가 제재 대상이 됐다고 밝혔다. 미국의 제재 명단에 오르면 미국 내 자산이 동결되고 미국 기업과 거래할 수 없게 된다.브라이언 넬슨 재무부 테러·국제금융 담당 장관은 “미국은 국제 금융시스템을 보호하고 북한이 불법 무기 프로그램용 자금을 조달하는 것을 막기 위해 계속 행동할 것”이라고 강조했다.외교부도 28일 북한 IT 인력의 해외 외화벌이 활동에 관여하거나 불법 자금을 조달한 기관 2곳과 개인 4명을 독자 제재 대상으로 지정했다고 밝혔다.기관 2곳은 미국과 같다. 이들이 북한 국방성 산하 IT 회사인 진영정보기술개발협조회사와 연계돼 활동했다고 외교부는 밝혔다. 해당 회사는 러시아 중국 라오스 등에 북한 IT 인력을 보내 왔고, 지난해 한미 제재 대상에 등재됐다.개인은 유부웅 한철만 정성호 오인준 등 4명이 겹친다. 유부웅은 압록강개발은행 중국 선양 대표다. 북한 IT 인력의 수입을 대량 자금세탁하고 핵·미사일 개발에 사용되는 민감 물자를 조달했다고 외교부는 소개했다. 한철만은 주선양 동성금강은행 대표, 정성호는 주블라디보스토크 진명합영은행 대표, 오인준은 주블라디보스토크 조선대성은행 대표다. 불법 금융 활동을 통해 북한의 외화벌이에 협조했다. 미국 제재 명단에만 있는 전연근(진영정보기술개발협조회사 주라오스 대표)과 리동혁은 이미 지난해 한국 제재 대상이 된 인물이다.한국 국민이 제재 대상과 외환 또는 금융 거래를 하려면 각각 한국은행 총재, 금융위원회의 사전 허가가 필요하다.이번 제재는 한미가 27, 28일 미국 워싱턴에서 연 북한 사이버 위협 대응 제6차 실무그룹 회의를 통해 결정됐다. 외교부는 “한미의 공동 제재가 국제사회에 이들과의 거래 위험성을 더 잘 환기할 수 있을 것”이라고 내다봤다."
