score,comment
5,"이사하면서 건조기만살까?싶어서
오프라인도 많이돌아다녀보고
건조기만?세탁기도 오래?으니 걍 이참에
같이사서 위로올려서쓸까?하다가 눈에들어온게
워시타워 ~~!!
조작컨트롤이 중간에있어 사용하기
훨씬편리하겠구나
그후론 워시타워검색돌입
이전부터 난 '가전은엘지'라는 뿌리깊은생각이
있었기때문에 무조건 엘지로만,,
벼르고 벼르다 여기저기 다알아보고
꼼꼼한 성격에 온오프라인 다비교해보고
첨에 건조기16kg 살려고 생각했었는데
오히려
또 오브제랑도 같이보다가 기능적으로는 똑같은데
가격차이가 넘나고 오히려 화이트가 깨끗하니
더이쁠것같아 화이트로 모델은정해놓고
세일뜨기 기다렸다가 LG데이맞춰서

~!!
설치하자마자 수건20장빨고
건조기돌려보곤 수건이 보들보들
확실히 느낌이틀리더라구요
먼지나온거보곤 깜놀~
왜 건조기 건조기하는지 알것같아요
사실 세탁기는 아직쓸만해서
식기세척기를 먼저살까?
살짝 고민했었거든요
요즘 이것저것 이불털기도하고
은근 먼지통보는게 잼나게 잘사용하고있어요"
5,좁은 세탁실에 설치해주시느라 설치기사님들이 힘드셨어요 균형도 잘맞춰주시고 좁은 곳에서 조립하시느라 애쓰셨습니다 엘지씽큐로 관리가능하구요 일단 기사님이 빨래를 소량으로 5번정도 돌리라고 하셔서 그렇게 사용하려합니다 공장에서 제품이 나오면 통이 제대로 맞춰지기까지 조금 시간이 걸린대요 그래서 빨래를 소량으로 약5회정도 돌린 후에 양많은 빨래를 돌리라고 하시더군요 제품의 외관은 그 좁은 세탁실에도 부담되지않게 설치되었고 자동청소기능과 편리한 시스템으로 조금 살펴보면 매우 편안하게 이용가능할 것 같아요문디자인도 납작해서 습기배출에 용이하고 설치기사님께서 팁을 하나 더 주시길 문은 활짝 열어두지말고 자석이 붙는곳까지만 열어도된다 하시더라구요 그래도 충분히 환기된다구요 활짝열면 나중에 문이 내려앉는다하구요 디자인은 현존하는 모든 올인원스타일중 엘지오브제 다음인 넘버2라고 생각하구요 ^^;; 무이자22개월에 아름다운가격으로 판매해주신 판매자님께도 감사하네요~~ 잘 사용하겠습니다
5,월요일 오후에 구입했는데 사전답사요청을 했더니 수요일 오전에 방문해주셨고 설치는 목요일 오전에 했어요 폐가전수거 요청했는데 먼저 오셔서 빼고 공간확보하시고 설치하셨는데 기사님 두분께서 40분가량 조립과 설치까지 해주셨어요 선 정리도 깔끔하게 해 주시고 마무리후 사용법도 친절하게 예를 들어가면서 잘 해주셨어요 기존에 14kg 세탁기만 쓰다가 24kg으로 바뀌니 속이 엄청 넓고 좋네요 겨울이불이 마지막 탈수에서 안되는경우가 간혹있었는데 용량이 커지니 걱정이 없네요 건조기는 정말 너무 좋네요 늘 여름만 되면 제습기 하루종일 돌려 빨래 말렸는데 짧은 시간에 건조가 되니 너무 좋아요 수건이 뽀송해진게 너무 맘에 들어요 햇빛에 말린듯 따스하고 뽀송하고 좋네요 확장형 아파트로 이사와서 빨래 널 공간이 협소했는데 이젠 걱정 없네요 트루스팀기능이 있어 너무 좋아요 침구털기 하면서 스팀으로 살균도 되고  스팀리프레쉬로 입던 겉옷도 스팀살균되고 너무 좋아요 기능도 다양하고 연동도 되어 미리 준비도되요
5,"0. 선택: 무조건 큰거 + 이불털기(살균)가능한지 획인하라는 조언들이 쏟아져서 이놈으로 선택했습니다. 기능과 스팩은 같은데 로고 차이가 있는 오브제 사이에서 고민을 좀 했으나 어짜피 가전도 유행이고 소모품이라 생각해서 쪼끔이라도 저렴한 트롬으로 선택!
일요일에 주문했고, 월요일인가 화요일에 바로 연락 왔던 것 같아요. 기사님들께서 접수된 리스트를 바탕으로 배송 어래인지를 하시기 위해 아주아주 아침 일찍 전화하십니다. 7시 넘어서 오는 전화를 무조건 받으세요! 그래야 빨리 진행됩니다!

1. 사전방문: 보통 하루만에 오시는 듯. 하지만 저는 재택하는 날짜에 맞추느라 수요일에 방문 약속잡았어요. 당일에 세탁기 설치할 곳 상황, 너비, 문 높이 등 확인하시고 가능하다고 판단. 바로 다음날 또 이른 아침에 전화 받았어요. (물류 기사님과 설치 기사님들 파트가 나눠져 있어요.)

2. 설치: 금요일 오전 일찍 오셔서 순식간에 설치 완료해주셨습니다. 문지방 턱이나 벽이랑 타일 등 파손 후기가 있었서 걱정을 좀 했으나 이동 카페트 깔고 두분이서 조심히 옮겨주셨어요. 뚝딱뚝딱 조립합체 하시더니 알아서 위치 잡아주시고! 수평 맞춰주시고! 제가 할 일은 없었습니다ㅋㅋㅋ. 게다가 문 열리는 쪽에 벽이 있어서 서비스로 완충제도 딱 맞게 부착해주셨어요. . 어려운 조건이 아니라서 그랬는지 체감상 30분도 안걸린 듯!
재택 하신다는 가정하에 제품 재고가 확보되었다면 빠르면 3-4일 안에 설치까지 완료 가능해보임.

3. 안내: 제품에 문제 없는지 급수는 잘 되는지 등 먼저 체크 후 스크래치나 하자 등 확인은 같이 합니다. ! 물론 아이콘+한글 등 버튼이 명확하고 알아보기 쉬워요. 설명서 있어서 읽으면 다 알 수 있는 내용이지만 .
아 그리고 폐가전은 브랜드 상관없이 수거하시니 미리 통화할 때 말씀하세요.

4. 사용후기: 건조기가 있는 삶 전으로 돌아갈 수 없음. 건조기에서 나온 먼지들이 말해줌. 보들거리는 옷과 포근한 냄새나는 따끈한 이불 끌어안고 자기도 모르게 실실 웃으며 집에 있는 모든 이불을 다 꺼내게 됨. 주말 내내 세탁기 열일 함. 다만 옷감에 따라 보풀은 생김.

5. 세 줄 요약: .. 역시 가전은 엘지."
5,"선택이유 ; 16키로 사이즈와 고민하다 그래도 큰 사이즈가 맘에 들어, 해당 제품 구매하게 되었습니다.
설치소요일: 구입 후 배송완료까지 일주일 걸렸는데, 사전점검 및 설치 모두 하루씩 제가 조율한거라 실제로는 5일만에 설치 되었습니다. 생각보다 너무 빨라 좋았습니다.
담당자분들: 사전 점검 분들도 당일스케줄에 무리 안가게 일찍 전화 및 방문전에도 재연락하고 오시고
설치해주시는 2분 사전 연락 기본에, 모두 바빠서 엄청 빨리 움직이시는데 설명은 차근차근 천천히 해주세요.
제품: 워시타워 높이가 높지 않아 도어 오픈에는 크게 부담이 없고, 용량으로 인해 안에 깊이가 있어, 건조기 이용시에는 다소 긴 막대가 필요할것 같기도 합니다. 다만, 도어부분의 패킹에 먼지가 쌓이는 부분은 아직까지 수작업이 필요하여, 아쉬웠습니다.
이부분은 엘지 뿐 아니라 타사 제품도 개선이 필요한 부분이므로, 크게 만족도에 반영되지 않았습니다.
기타 : 오래된 세탁기는 폐가전으로 그냥 수거 부탁드렸습니다.
결론 : 성능때문에, 많은 분들이 해당 브랜드를 선택하지만, 제품과 더불어, 타사에 비해 LG가전은 매번 납품완료까지의 고객대응 서비스의 만족도가 높은 것 같습니다."
4,"상품 자체는 만족입니다. 오브제 16kg건조기와 오브제 아닌 17kg를 고민하다, 거실에 둘 것이 아니라 색상보다는 실속을 택했습니다. 다행히 다용도실 공간에 딱 맞고 제품 자체는 만족 합니다. 초창기에는 문 열리는 방향을 선택 할수 있었던것 같은데 지금은 오른쪽이 열리는 방식 한가지밖에 없다고 하시네요.
한전 보조금 신청 하실 분들은 설치하기 전에 우측면 모델명 스티커를 미리 사진찍어두세요. 저처럼 우측벽에 바짝 붙이면 사진찍기 곤란합니다.
설치기사분은 전기상식이 없으신 분인것 같아 불만입니다.
최대 소비전력이 세탁기 2100w, 건조기 1700w 총 3800인데 10A 250V 멀티탭으로 연결 해놓고 가셨습니다.
우측 벽에도 콘센트가 있는데도 멀리 있는 콘센트에 멀티탭으로 연결을 해놔서 가신 후에 전화드렸더니 그냥 써도 된다고 하셨다네요.
멀티탭 뒷면 사진을 보면 최대 2200w이상 사용하지 말라고 적혀있는데도 콘센트 구멍이 남으니 더 꼽아서 사용해도 된다고 합니다.
세탁기나 건조기 둘 중 한개의 전선을 우측 벽에 꼽아만 놓아도 큰 문제는 없을 것 같은데 그걸 비워두고 멀리 있는 콘센트에 용량도 한참 부족한 멀티탭으로 꼽아놓고 그냥 가버린 것은 아마도 설치 후에 우측 벽 콘센트를 발견하신거 아닐까 하는 생각이 드네요. 즉 귀찮으니까요. 그런데 용량 한참 부족한 멀티탭이 녹거나해서 화재 발생시 기사님이 책임 지시나요? 판매자분은 최소한의 전기 상식이 있으신 분과 거래하시는 것이 좋을 것 같습니다."
5,"엘지 통돌이만 사용하다 건조기를 꼭 사용해보고싶어서 검색해보다가
자리도 덜차지하고 디자인도 예쁜 워시타워를 알게되었어요
장 단점이 있겠지만 건조기를 꼭 써보고 싶은데
도저히 따로 놓을 자리가 없어서
잘사용중인 통돌이를 두고 주문했네요
세탁기나 건조기 큰게 좋다고 하여서
처음에 21키로 보다가 24키로 선택

워시타워 주문 후 설치기사님이 사전방문하여 설치가능여부 확인해주셨구요
설치안되는 경우가 아니라서
살펴보시고 워시타워들어갈때 주변에 미리 정리해두어야할 물건들 안내해주셨어요

설치할 곳 뒤에 보일러와 가스계량기가 있어서
추후에 비용부담 또는 과태요?
단확장 안하고 단 아래에 여유공간에 두는 것도 가능하다고
그런데.. 그러면 너무 버리는 공간이 클 것 같아서
깔끔하게 단 확장하고, 최대한 단에 맞춰올리고 뒷공간에 적당한 여유만 두어서 추후에 보일러 수리하거나 가스검침 가능할 정도로 공간확보!
설치하구보니 !

3.31 결제하고 4.7일 설치일로 지정되었는데
하루 미뤄서 설치받았어요
설치하고 바로 세탁기랑 건조기 작동해 보았는데
개인적으론 세탁도 통돌이보다 잘 되는것 같고
건조기는 정말로 신세계네요 ㅎㅎ
따끈따끈 뽀송뽀송한 갓 ^^
오래오래 잘 사용하면 좋겠어요"
5,"주문하고 사전 방문과 설치까지 10일 걸렸어요.
예상보다 빠르게 진행되어 좋았습니다.
설치기사님 모두 친절하시고, 꼼꼼하게 설치해 주셨어요.
운반할 때 카페트 잘 깔아서 다른 곳 더러워지지 않도록 신경써서 해주시고, 베란다 쪽이 약간 기운 듯 한데 수평도 잘 맞춰주셨어요.
제품 안내와 사용 설명까지 잘 해주셨습니다.

.
건조기 요즘은 20kg로 나오던데, 17kg모델로도 충분히 .
.
집이 전세라서 너무 비싸고 좋은 것 사도 이사다니면서 흠집 생기면 마음 아플 것 같은데, 이건 신혼 부부인 지금 상황에 제일 잘 맞네요. lg 본점가서 본 모델과 100만원정도 차이가 났어요. ssg으로 결제하니 단 번에 .
세탁도 잘 되고, 이전 구 모델 건조기와 다르게 .
타워형이라 .
말해뭐해 사랑해요 lgㅎㅎ"
5,"s성꺼랑 고민하다 실물로 트레이더스에서 보곤 엘지에 마음을 뺐겼어요. 오브제가 아님에도 샤이니 한게 이뻐요.그리고 스팀건조 되는게 이가격이라니 오프라인에선 건조 16키로에 스팀건조 아닌게 이가격 정도 였던거같아요.화이트라 잠시 망설였지만, 색상에 따른 기능차이는 없고, 가격만 더 올라가는 실버나, 블랙...과감히 마음접고 주문했습니다. 첫 세탁을 수건으로 삶음세탁에 건조했더니 새기계 냄새랄까(새차 에서 나는 냄새같이..)..다시 세탁했습니다.오래된 수건이고 일반 표준세탁에 건조도 스팀건조 안했는데도 결이 사네요. 샤워후 사용해보니 수건이 덜젖는달까..아무튼, 수건이랑 이불빨래 짱입니다.~ 단점 한가지는 침구털기 기능이 더운 바람이 쏘여지며 이불이 털리는거라, 양모이불 털기기능을 못해 아쉬워요.ㅠㅠ 고온이 아닌 그냥 이불 털기 기능이 있으면 좋겠어요."
3,기존에 쓰던 트롬 세탁기가 고장이 나서 워시타워를 설치 하기로 결정하고 처음으로 인터넷으로 구입했네요 ... 그래서 그런지 원하는 날짜 까지 연락이 한번도 없다가 설치 당일 자고 있는데 전화가 왔네요 그날 시공 하러 온다고~~ 그런데 설치 기사님 와서 보시더니 워시타워가 시공할 수없다는 말씀을 하고 그냥 가셨어요~~왜냐하면 워시타워는 높이가 2미터 가까이 되어 가스관과 가스계량기가 있어 시공할 수 없다는 거에요~~ 저희집 세탁기바닥은 기존 바닥보다 약간 높아 타일 공사도 보수공사로 해야 했어요~ 그러는 바람에 일주일 가량 거실 한복판에 냉장고랑 식탁과 각종 살림 등이 널브러져 있었답니다.날도 더운데 아주 분통 터지는 일이었죠 워시타워의 경우 높이랑 깊이를 자세히 살펴서 설치해야 해요...기존 세탁기보다 자리를 좀더 차지 하는 편이에요~ 워시타워 제품 만족도나 시공 기사님이 친절하고 시간도 정확하게 맞춰서 오셨지만 판매자의 일처리는 제대로 못하시는 것 같아요~ 인터넷으로 전자제품 구입하시는분 꼼꼼히 보시고 구입하세요 절대 가격만 보시면 큰일 날거 같아요
3,"즤집은 모든 전자제품은 LG만 씁니다.LG에서 드럼세탁기가 처음 출시 됐을때 나왔던 그 제품으로 잘 써오다가,드디어 사망을...단종제품이라 부품교체도 안되고 해서, 간만에 신형 최대용량으로 구매했습니다.단품 구매기도 하고, 그래서 오브제보다, 즤 집엔 더 잘 어울리는 화이트로 구매했네요..사이즈가 크다 해서, 단 공사도 하고, 주문 후 날짜 지정 하니, 바로 지정 배송 해 주셨어요..뒷베란다 세탁실이 환~해 졌습니다.터치식이라 조작도 심플하고, 소음도 적고, 세탁 후 바로 건조기도 휘리릭~건조기는 사실 큰 필요성을 못 느껴서, 안샀었는데...사용하니 너무 편리 하네요..특별히 옷이 준다거나, 그렇진 않는것 같아요..다만, 인위적으로 건조 시키는것이기에 옷감의 손상은 있을 것 같아요..자연건조때보다 향도 더 좋고, 암튼 편하고 좋습니다."
5,너무나 기다리고 기다렷던 진짜 최적가 찾아서 얼마나 눈이 빠지기 ？f는지 몰라요 드디어구입 울집에 엘지워시타워가 올줄이야 너무 기뻣어요 오자마자 성능검사하고 설치까지 침절하기 하주셧고 설명도 잘해주시고 가셧어요 젤 좋은건 스팀이 되는것 사실때 꼭 스팀이 되는지 보고 사셔야해요 매일 이불털기하고 점퍼도 그날 입은건 스팀리프레쉬해서 바로 걸오 놓고 이리 좋은걸 왜 이제 샀나 싶어요 하루라도 빨리 사서 편하게 생활하세용 진짜좋은것 건조대가 거실에 나오지 않는거 그리고 집안 먼지가 확실히 안보여요 넘 넘 좋아요 강추 대박 인정~ 역시 엘지 건조 세탁기 빨리 마르고 주의에 건조기 옷 줄어든다는데 전 아직까짐 니트 돌려도 줄진 않앗어여 참고 하세용
5,"저처럼 LG 워시타워 제품 중에서 모델을 고민하실 분들을 위해 리뷰 작성합니다.

저는 올 여름부터 혼수를 준비하며 오브제 라인으로 다섯 군데 이상 상담 받고 결제까지 했었습니다. 그런데 베란다에 둘 세탁기까지 오브제로 맞추는 게 유의미한가 고민이 되더라구요. 정보의 홍수 속에서 열심히 찾아 비교해보고 오래 고민한 끝에, 베란다 세라믹 코트와 유사한 컬러에 단품으로도 할인 좋은 온라인 모델로 마음을 돌렸고, 실사용 중인 지금은 그 선택에 크게 만족하고 있습니다.

모델은 너무 다양한 데 비해 온라인 상 정보가 충분하지 않아 고민이 길고 힘들었습니다. 같은 고민을 하시는 분들은 잘 알아보시고 실사용 고민해보시면 후회하지 않는 선택 하실 수 있을 거예요. ."
5,"3주 사용후기입니다. 원하는 만큼 후기가 많지 않아 고민했는데 3주 사용해보고 건조기 없이 살수없는 몸이 되어버렸어요. 조작부가 가운데에 있는 편리함 못잃습니다. 구식 통돌이와 드럼세탁기 모두 사용해봤는데 워시타워는 기술혁신의 정점이 아닌가 하는 생각이 듭니다. 물을 많이 먹지 않고, 옷에 따라 혹은 양에따라 세탁을 할수있는 점이 굉장히 실용적입니다. 용량은 이보다 작은 것도 있지만 카페트 및 이불 빨래를 하다보니 최대용량을 선택한 것이 아주 잘 했다는 생각이듭니다.
설치된 걸보니, 세탁기 용량이 24kg이고 건조기 용량이 17kg이라 워시타워로 조립했을 때, 건조기 깊이가 더 짧습니다. 그래서 세탁기 수전이 뒤에 있는 곳에 설치하더라도 예상보다 공간에 여유가 생기게 되네요. 세탁기 설치공간이 부족할까 걱정했는데 아주 잘 설치받아 사용하고 있습니다."
5,"일단 설치원했던 예정일보다 좀 늦게와서 많이 기다렸지만제품 제고상태로 인해 그런거니 괜찮았습니다. 무엇보다도 찌는듯한 삼복더위에 힘드셨을텐데 웃는얼굴로 친절히 제품설치해주신 두분 기사님들 너무 감사드립니다. 제품 설치시 세탁실 폭이 너무 타이트해서 힘들었지만 다행히도 잘 설치해주셨구요, 마지막에 작동유무 및 시스템 정상가동 확인까지 해주시고, 기본적인 작동법도 친절히 설명해주셔서 너무 감사했습니다. 결혼 후 11년만에 통돌이에서 워시타워로 바꾼건데 작동시 저소음이라 너무 좋네요, 그리고 세탁시 건조기를 미리 예열해둘수있어서 건조시간을 단축시켜주는게 워시타워 최고의 매리트인거 같습니다~^^ 무더운 여름 습해서 빨래하고 건조하는게 스트래스였던 아내에게 선물해 준건데 너무 좋다고 만족하네요~! 망설이시는 분들 망설이지말고 이번 여름에 언넝 지르세요~ 빨래 걸레냄새여 안녕~~~~^^/아참! 마지막으로 에너지효율등급이 1등급이라 전기도 절약해주는 효자상품이네요ㅋ"
5,"우선 설치기사님들 너무 친절하시고 전문가들이시라 좋았습니다. 제품도 너무 편리해서 만족하구요. 그런데 '사전방문 기사님'(설치기사님들과 다른분)들 때문에 너무 화가나서 그분들말고 다른분들로 설치 부탁드린다고 콜센터에 남겼었습니다. 사전방문 기사님들 오셔서 대충대충 보시고 다용도실 문고리와 수전 사이 간격이 70cm보다 작은데 말씀드리기 전에는 알지도 못하고 재보지도 않고, 말씀드리고 나니까 문고리는 본인들이 못떼니까 전문가 불러서 미리 알아서 ? 놓으라고 하고 갔습니다. 그것때문에 열쇠도장업체 여러군데 전화해서 문의하고 난리도 아니었는데 알고보니 문 뒤 위쪽에 충격방지 장치만 드라이버로 간단히 빼면 되는 거였고, 설치기사님들도 오셔서 문고리도 설치기사가 원래 떼준다고 말씀하시니 진짜 헛고생해서 너무 화가났습니다. 도대체 이럴거면 사전방문은 왜 하는지, 그리고 문 뒤 충격방지장치 같은 건 경험 많으신 '사전방문'기사님이라면 분명 아실텐데 경력이 부족한건지 제품 설치하고자 하는 의지가 없는건지 정말 화가나서 취소할까까지 생각했습니다. 그리고 웹사이트 문의사항 보면 기존 세탁기 위 다용도실 선반도 미리 떼 놓으라고 나와서 낑낑대며 탄성코팅까지 상해가며 떼 놨는데, 설치기사님들은 이런것도 알아서 떼 주신다고 미리 고생하실것 없다고 하셨습니다. 설치관련 정보를 좀 제대로 써 놓았으면 좋겠습니다."
3,45일 정도 사용하고 후기 남겨요. 건조기는 너무 만족하는데 문제는 세탁기에 있어요. 소음 제법 있고 분명 수평은 잘 맞춰져 있다고 하는데 탈수시 문이 떨어질듯 덜컹커리면서 탈수 지연이 될 때가 많아요. 심하면 탈수 한번 하는데 20분도 걸려요. 하~~ 설명서에는 소량이거나 이불 카페트 등등 탈수시 그렇다는데 수건이랑 옷가지 넣었는데도 그래요. 쭈그리고 앉아서 일시정지 해서 빨래를 직접 펴서 넣기도 하니까 짜증이 나네요. as기사님 말이 워시타워가 예민해서 세탁기.건조기 직렬로 세웠을 때보다 더 그런 현상이 심하다네요. 그 어디에도 이런 정보는 없었는데 말이죠. 워시타워랑 각각 사서 직렬로 설치하는 것 사이에서 엄청 고민했는데 후회막심이네요.
5,"세탁실이 좁아서 기존에 사용하던 세탁기가 잘 나갈 수 있을지.. 또 새로운 워시타워가 들어올 수 있을지 정말 걱정이 많았어요. 엘베없는 4층집이라 사전 연락때 미리 올라오시기 힘들거라 말씀드렸더니 추가 비용 없이 사다리차 불러주셨고, 오셔서 창문 하나하나 떼고 준비해주셨어요.결론적으로 창문으로 세탁기는 나가고 워시타워 무리없이 잘 들어왔습니다^^ 상자채로 들어왔지만 창틀 안상하게 큰 카펫?같은것도 챙겨오셔서 설치 전후로 집에 상처 하나없었구요^^ 또 깔끔하게 창문 다시 조립?해주시고 세탁기위치도 최대한 움직이기 편하게 자리잡아주셔서 아주 편히 잘 사용하고 있습니다^^ 아무래도 오래된 집이라 세탁실에 콘센트가 2구짜리인데..1구는 보일러가 사용해서 멀티탭을 준비해놨었어요;; 근데 10A짜리라 건조기와 세탁기 동시사용 시 전원차단 될 수 있다하시며 16A짜리 멀티탭으로 교체하라는 설명도 들었어요. 저처럼 멀티탭 이용하실분은 16A짜리 멀티탭으로 준비하세요^^ (멀티탭에 암페어값이 다르다는거 이번에 처음 알았어요ㅎㅎ) // 워시타워는 구입해도 설치 불가한경우가 있어서, 사전점검팀이랑 설치팀이 나눠져있더라구요ㅎㅎ 제가 원래 구입은 6월10일에 했는데, 다음날 갑자기 출산을 하게 되서 7월초가 되어서 설치를 했어요; 미리 사전점검날짜를 정했는데 설치팀이랑 연동이 안되는건지 날짜바꾸는 얘기하는데 설치팀따로 점검팀따로 여러번 전화가와서 너무 헷갈렸어요. 최종적으로 난 7월초에 설치하겠다!!! 확정하고 얘기하니 제 일정에 최대한 맞춰서 해주셨는데;; 설치팀과 점검팀이 따로있는걸 모르는 구매자는 통화할때마다 이사람이 그사람인가..? 이사람은 누구지?하며 헷갈릴수밖에 없었답니다ㅎㅎㅎ
사전점검을 하고도 실제 설치는 더 늦어질수도 있다는점 꼭 기억해주시고^^; 저처럼 설치팀이 와서 사전점검까지 스트레이트로 해버리고 그자리에서 바로 설치해주시는 경우도 있다는점ㅎㅎㅎ 참고 해주세요^^ 설치 후 건조기의 신세계를 경험하고 있는 3일차 사용자의 후기였습니다^^ ..아참!! 이제 고효율가전제품 환급신청하러 가야겠어요^^"
5,"트롬 드럼 세탁기를 6년째 쓰고 있었어요. 통을 고정해주는게 고장나서 수리하는데 30만원쯤 내야하고 당장 빨래는 해야하니 임시로 쓸수 있게 처치해주신게 벌써 1년이 다 되었네요. 탈수가 6분 남겨놓고 되지 않았고 끼이익 끼이익 소음마저 심해서 이제 더 구매를 미룰 수가 없게 되었어요.
다른 사이트에서 핫딜을 결제하려다 품절돼서 안타까운
와중에 ssg에서 핫딜이 떠서 바로 구매했습니다!
인터넷서 핫딜로 사기 치는 것을 많이 봤는데 이 업체는 후기가 많아 믿음이 갔네요.
일욜 자정 전에 결제했는데 구매 순간부터 주문 접수됐다는 톡이 바로바로 안내되어 믿음이 갔구요!
화욜 아침 8시에 기사님이 사전설치 점검하러 오신다는 것을 제가 시간이 안돼서 목욜쯤 방문 부탁드렸어요.
목욜 아침에 기사님이 사전점검과 설치 동시에 진행해주시겠다고 전화주셔서 번거롭지 않아 더 좋았습니다.
두 분이서 오셔서 조심조심 설치 잘해주셨구요
ㅎㅎ
설치하고 나서 보니 ㅎㅎ
사실 이백만원이 훌쩍 넘어 구매가 망설여지긴 했지만
설치되고 나니 너무 예뻐서 왜 고민했나 싶었어요ㅎㅎ
설치하고 시운전까지 해주시고 가셨고, 가신 후에 건조기 윗부분 합판 부분이 좀 사이가 뜨고 흔들려서 불량인건가 싶어 문자 드렸더니 대리점 가셔서 확인해보면 물건 자체가 확 고정되게 출시되지 않았다고 하셔서 일단 넘어가기로 했습니다.
와이파이 잡고 원격제어 하는 것도 넘 좋구요.
제가 구매하고 나서 제가 산 가격으로는 핫딜도 안뜨고
배송일자도 한달 뒤 써 있고 해서 구매시기를 잘 맞췄구나 싶어서 안도하고 있습니다^^
이 !!!
, 빠른 배송 감사합니당♥?"
5,세탁기가 오래되다보니 작동에 문제가 있어 고인하다 구입한 워시타워. 과연 건조기를 쓸까? 란 고민 진짜 많았으나 그래도 기왕 사는거 세트로 구입하면 좋지 않을까란 생각에 구입했습니다. 건조기는 수건건조와 이불털기기능 넘 좋습니다. 그리고 양말 널기 귀찮았는데 자잘한 빨래건조 진짜 좋아요. 그러나 면티는 줄까봐 건조기 사용이 조심스럽습니다. 세탁기는 용량이 커서 카페트는무리 없이 세탁가능 할 줄 알았는데 역시 무리였네요. 탈수가 안되요. 설치 기사님이 이불은 하나씩 돌리라는 이유를 알겠더라구요. 하지만 대체로 맘에 들고 예쁩니다. 빨래무게에 따라 시간이 많이 단축되기도 하고 확실히 최신 세탁기구나란 생각이 듭니다.
5,"3월 7일에 주문하고 선거일 빨간날 오셔서 실측 해주시고 바로 다음날 3월 10일에 배송설치 받았어요.
세탁기가 탈수기능이 위태위태 했서 빨리 배송되길 바랬는데 이정도로 빨리 올줄은 몰랐어서 배송은 정말 만족스러웠습니다.

인터넷으로 가전구매는 처음이라 좀 걱정이 많았어서 설치해주시는분께 이것저것 여쭤보고 상담원 통해서도 질문을 많이 했는데 구매에 후회없이 말씀을 잘 해주셔서 걱정을 조금 내려놓고 배송을 기다렸어요.

제품은 일단
무게 자동으로 측정해서 세탁시간도 단축시켜주고 아주 똑똑한 가전이에요 11년된 세탁기를 쓰다 새거를 써서 그런지 더 조용하고 잘 빨리는것 같아요 용량도 커서 킹사이즈 이불도 문제없이 잘 빨리네요 너무 좋습니다.

건조기는 기존에 9키로 사용하다 17키로를 쓰니 왜 거거익선이라 하는지 알것같아요 그리고 스타일러 따로 구매할필요 없을것같아요
세탁기 작동시에 건조준비 해놓으면 알아서 예열해서 건조시간도 단축시켜준다고 해서 오~~ 했는데
저는 기본 표준세탁후에 헹굼탈수를 여러번 더 돌리는데 헹굼탈수 할때는
그부분은 조금 아쉬웠지만 제 습관의 문제이니 다른분들은 크게 불편하지 않으실것 같아요

그리고 외관은 정말 .
백화점에서 오브제보고 색상이 좀 질리고 스크레치에 약할것 같아서 구매가 망설여지는 부분이 있었는데 오브제 아닌 트롬워시타워는 화이트가 순백색이라 주저않고 주문했어요
질리지 않고 깔끔하게 오래 쓸수 있을것 같아요.

.
몇백만원이나 하는 가전제품을 인터넷으로 주문하는것 부터가 걱정스러운 부분이 많았지만 주문부터 실측 배송 설치까지 어느하나 문제없이 잘 . 계시다면 사세요"
5,"[3주 구매기]
20년 ?던 통돌이 세탁기 뒤로 하고 드럼세탁기를 살려고 폭풍검색 고민하다 워시타워까지~
유투브보면 통돌이가 세탁력은 구조상 더 우수하다고 알려줘서 통돌이 고민하다
댓글 보니 사용자 대부분 문제없이 잘쓰고 기술도 이쪽으로 초기모델보단 많이 발전되었다고 하여
드럼세탁기로 결정!!
이제부턴 양대명가 삼성 엘지 기준 검색이 시작
결국 일반 트롬보다 ~유레카~!!
일단 이마트로 제품보러 고고~ 보니 엘지도 삼성도 다 좋아보임.
엘지는 일체형 워시타워 특허가 있어 가운데 한번에 조율하는 반면에
삼성은 따로 있을수 밖에 없는 운명이 생겼다 하니
결국 엘지 트롬워시타워로 결정!!
이젠 트롬워시타워냐 오브제 워시타워냐
기능은 같고 외관이 틀린거고 실내설치가 아니고 뒤베란다 세탁실에 설치할거라
트롬워시타워로 바로 결정 완료~!!
W17WTA 맨끝 A가 온라인 전용모델 수평건조장치? 만원정도하는거 하나 빠진다고 유투브에서 알려줘서 OK!!
네이버, 다나와, 에누리 최저가 검색 들어가시고~
주마다 가격 다름
11월 마지막주 블랙프라이데이 행사 있다 오히려 카드할인 없어서 가격만 올라
바로 카드 할인 가능할때 기다리고 롯데카드 LG전자 10% 청구할인 (11.1~30) 적용 있을때 바로 결재~
( 참고로 네이버 검색해서 들어와서 사는게 훨씬 할인이 되요 )

11/28 ssg주문 및 해피콜
11/30 사전답사 (사다리차 가능 확인- 대박!! 사다리차 설치 무료!!)
12/02 아침 전화와서 오전 11시 설치오신다하여 힘들다고 다음날 요청 (원래는 12월6일이라고 문자왔으나 그런건 잘 모르신다함)
12/03 오후 약속잡고 2분 사다리차 대동하시고 설치오심
오랜된 아파트라 사다리차로 올려야 해서 바로 유리창 듣고
20년 가족 삼성통돌이 사뿐이 올려 내려가심 (잘가 수고했어 ㅜㅜ 안녕 고마웠어~)
사다리차로 새가족 하나씩 올라와 조립
내리고 올리고 조립에 대충 30분은 걸린듯함
첨에 동영상 찍어야 하나 하다 일하시는데 걸리적 거릴거 같아 그냥 보기만
커피나 마실거 드릴려고 했는데 웃으시면 괜찮으시다고 많이 마셨다고 하셔서 패스~
새로운거 들어오니 가족들 신기한듯이 조립구경 난 툴하지 못하게 구경 패스
다 설치 끝내시고 박스 다 내리시고 수평자 놓으시고 미세조절하시면서 설치완료
기사님이 불러서 두근두근 가서 기본적인 사용방법 들음
사실 모 하나도 기억안남.. 다 네 네 하게 된다는..
다 유투브 많이 봐서 알게됨
몇일동안 바쁘기도 하고 빨래 할 일 없어서 모시고 있다가
빨래를 해볼려고 시도
엘지 팅큐 등록할려고 했는데 안됨!!

설명서 찾음 ..
당황스럽게 블로그 같은데 보이던 간편조작법 붙이는것 없음!
기사님께 전화~ 종이한장과 볼트같은게 다라고 하시며 고객센터로 연락해보라고..
고객센터 전화~ 네네 고객님 환경보호를 위해 종이설명서 없앴습니다~
종이 설명서는 안주고 앱이나 인터넷으로 찾아 보셔야 한다고 한다.
대략난감 봉착!!
240만원이 넘는 제품인데
코스마다 어떤 기능이 있고 어떻게 하는지의 메뉴얼 설명서를 안준다고?
집에 프린터가 없어 그럼 프린터해서 보내달라고 하니
저희가 할 수가 없고 -_-;
나이드신분은 전원키는것도 2초이상 누르는거 잘 모르시고 패널 조작이 어려울수도 있는데
(나도 툭 터치하면 커지는지 알았는데 안켜져 깜놀)
결국 4박5일지나 상담하던 직원이"
5,12년 동고동락한 세탁기를 보내고 마음속에 찜해두었던 워시타워를 드뎌 모셔왔어요. 오브제 카키와.핑크의조합을 꿈꿨으나 세탁실에.쿡박혀있을텐데 컬러에 100만원추가투자는 포기혔어요. 설치는 상하 따로분리된체로 와서 합체하는 방식이예요. 기사님두분이 어찌나 유쾌하시던지 친절.그 이상이었구요. 설치하기위한 공간확보는 기사님들이 다 해주셨어요. 설치하고 주변청소하고 작동하며 기능설명까지 거의 4~50분정도 소요된거같아요.세탁과 건조실 문도 열어보라하시더라구요. 느낌이 어떻게다른지. .왜 다른지 상세설명해주시면서요. 전 진짜 놀랐어요. 세탁기에 드럼통안에 불이들어와요. ？？？. 넘 환해요. 무슨옷인지 다~~ 보여요. 전 지금까지 미개인으로 산거예요? ㅋㅋㅋㅋ그리고 얼른 한통 돌렸어요. 뭐야. .뭐죠? 돌아가고있는거 맞나? 뭐이렇게 조용함? ㅋㅋㅋ돈이 안아까운 워서타워예요. 망설이고 있다면 지르세요!후회안할 선탁이예요~
5,"친정엄마 사드렸는데 넘 좋아하시네용
매장보다 저렴하게 행사떠서 취소하고 샀어요
매장에 이모델은 진열도 안돼있고 최신모델들만 깔려있고 그냥 저희집에 있는거랑 같은데 제껀 20년도 모델이고 이건 21년도 모델이어서 용량만 좀 커진곤데 매장에있는 모델들은 그냥 디자인적인것만 화려해졌지 이거랑 거의 비슷하다고 하니 쓰고있는 제가 만족하니까 그냥 이걸로 한건데 저도 21년 초반에 출시된거치고 가격이 너무 안내려가있길래 인터넷 찾아보고 고민하다가 혜택 더해보면 거의 차이없어서 그냥 진행하려다
새벽에 갑자기 자다가 네이버쇼핑 메인에 이벤트떠있어서 운명처럼 이걸 사게됐네요
건조선반 하나 없는거 빼곤 완전 똑같네요
아쉬운건 라이브때 샀더라면 더 좋았을텐데ㅠ 라는거ㅠㅠ 그래도 만족합니다 번창하세요!!"
5,우여곡절 끝에 오늘 설치 완료했습니다세탁실 베란다 공간이 너무 좁아서 들어갈수 있을까 했는데 사전점검 신청해서 확인받아서 설치만 하면 끝인줄 알았어요~ 근데 막상 세탁기 위치가 보일러 앞이라 문제가 될거같아 배송 처음 오신날 설치 못하고 몇일뒤인 오늘 위치를 조절해서 겨우겨우 설치했네요 !기사님이 처음부터 끝까지 항상 친절하셨고 저희 일정에 최대한 맞춰주셨어요 ㅠㅠ기계 설명도 꼼꼼히 잘해주셔서 너무 감사했습니다오늘 처음 사용해본 결과하루 빨리 구매하지 않았던게 너무 후회가 되네요세탁기 돌리고 빨래를 너는게 너무 힘들었는데건조기는 정말 필수인거 같아요!디자인도 너무 이쁘고 에너지 효율도 좋아서전기세걱정도 안되구요 !가격도 쇼킹딜로 보다 저렴하게 구매해서 너무 만족합니다 ^^ 엘지앱 설치하면 앱으로 세탁완료 알람도 받고 세탁상황도 확인할수 있다던데 얼른 해봐야겠어요~
5,"기존에 타사 건조기능이 딸리 드럼세탁기를 사용중이었는데 갑자기 도어 안쪽 유리가 파손되는 바람에...세탁조까지 통으로 바꾸지 않는 이상 못쓸것 같더라고요. ㅜㅜ 그래서 이번기회에 타워워시를 구매하게 되었습니다. 기존 세탁기 용량보다 더 큰 용량인데도 자리 차지하는게 덜하고, 색상도 화이트라 더 깔끔하고 화사해보여요. 다용도실이 훤해진 느낌마저 들더라고요. 엘지에서 설치기사분들이 아주 꼼꼼하게 수평맞춰주시고, 원래 있었던 3.5kg 짜리 드럼세탁기도 다른 위치에 잘 설치해주셨어요. 하루전에 미리 연락주시고 , 당일에도 약속하신 시간에 잘 맞춰 연락주고 오셨어요. 친절하게 제품 설명도 잘 해주셨네요. 원래 사려고 계획했던건 아니지만 사고로 인해 급하게 찾아보고 주문한 상품인데.. 제품자체부터 배송, 설치까지 모두 만족스러운 구매였습니다. 판매자님도 번창하세요~"
5,배송은 지정배송일 보다 일주일 늦었지만그다음 일정에 잘 설치받았습니다.배란다가 좁진않지만 보일러통과 수도관 때문에 물배수관이 짧을거 같아 걱정했지만 LG기사님께서 연장설치 잘해주셨고 친절한 설명과함께 깨끗하게 다 치워주시고 가셨습니다.세탁기 이미지에 보듯이 새세탁기에 손자국이ㅠㅠ;;손자국이 사라지길 바랍니다.30분뒤부터 세탁가능하다고 하셔서 1시간뒤 이불빨래 마구 돌려서 테스트 했습니다.걱정과 다르게 스마트케어로 종료시간 알림알려 주며 건조중에도 세탁기 돌렸는데 잘돌아갑니다.두대가 일을하고 있으니 넘 좋았습니다.필터확인은 안해보았는데 이불이 뜨끈뜨끈 뽀송뽀송 잘건조되어 나와서 넘 좋았습니다.이전 세탁기 Lg스팀트롬 15년썼는데 10Kg 5인기준 빨래 많은 날에는 3번 돌렸었습니다. 고장한번없고 잘사용했지만 아이들 커가니 넘 힘들어서세탁기 24Kg로 바꾸고 이불 빨래 2개돌아가는거 보고 넘 속이 시원합니다. 오래도록 잘썼으면 좋겠습니다. 싼가격 아주 좋아요.
4,"10여년 넘은 13키로 세탁기를 사용하다 교체했어요. 대가족이기도하고 이불빨래하기위해 큰 용량의 세탁기가 필요해 교체했어요. 세탁기 돌릴때 확실히 소음이 덜 발생하고 통이 크니 같은 양의 빨래도 세탁이 잘 되는거 같아요.
기존 가스건조기 사용중이었는데 용량이 적기도하고 옷감이 많이 줄ㅇㅓ 못돌리는 옷이 많았어요. 워시타워로 바꾸고 돌려보니 옷감이 많이 줄어든 감은 없어요. 자연건조할때 났던 쾌쾌한 냄새도 안나서 좋아요. 다만 가스건조기보다 시간은 더 걸리고 용량이 커도 이불 두개 돌리니 완벽하게 안마르네요.
사용후 문을 열어두는데 세탁기와 건조기 비슷하게 열어두면 건조기만 더 열려요. 세탁실 문 간섭때문에 확 열어두지못해 어느정도만 열고 싶은데 안되네요."
5,"우선 비가 오는 궂은 날씨에도 기사님들이 약속시간에 맞추어 오시고 너무나 친절하셨습니다. 워시타워가 도착하기 전에는 저희가 원하는 위치에 여유공간이 넉넉하지 않아 설치가 가능할지 걱정했는데 담당기사님들이 어찌나 알아서 척척 잘 설치를 해주시던지 그분들의 프로페셔널함에 감탄했습니다. 무거운 워시타워 이동과 설치, 덥고 습한 날씨에 마스크까지 더해져 설치작업이 무지 힘드셨을텐데도 티내지 않으시고 너무나 완벽하게 마무리지어주시는 기사님들께 정말 감사하고 감동받았습니다. 제품 또한 말할것도 없이 훌륭하네요.좋은 판매자님과 좋은 담당기사님들, 많이 고맙습니다. 번창하세요.^^"
5,"이사 다음날 일정에 맞춰 배달되었습니다.
현관 한쪽에 세탁기 자리가 있어서 사진상으로는 딱 맞는것 같지만 기사님들이 엄청 고생하셨습니다.
본 제품이 150킬로가 넘는 냉장고보다도 훨씬 무거운 제품이라네요. 설치가 다 끝난줄 알았는데도 수평 맞추고 테스트하며 정말 꼼꼼히 체크해주셔서 찐 감동이었구요,
세탁 건조기를 구동해보니 기존 10년된 세탁기와 3년된 건조기와 속도 비교하니 1/3 정도가 단축된것 같습니다.
세탁중 소음은 있으나 제품이 무거워서 그런지 진동은 손을 대야 약하게 느껴지네요.
훗날 이사갈 일 빼고는 아무런 걱정할게 없는 제품 같아요."
4,"배송부터 삐그덕 거렸네요
배송일자 지정했음에도 그 전날 오전에 연락와서 다짜고짜 오늘 배송갈거라고 하시고..
그날 설치 불가하여 결국 지정날짜에 하긴했는데 제가 깜빡하고 멀티탭을 준비못했습니다
제 불찰도 있긴합니다
테스트하셔야한데서 집에 있는걸로 일단 하였고
추후 멀티탭을 바꿔야햬 공간이 협소하여 틈을 내어달라했는데 위로 밟고 올라가서 하라고 하시더라구요..
설치 후 멀티탭이 와서 올라가려고보니 밟지 마시오 라고 써있네요...
눌러보니 밟으면 안될 거 같아서 베란다 창틀을 밟고 하려니 그것도 역부족..
오래된 집이라 고생하신거 아는데 완벽하게 설치하시고 가셔야하니 어쩔 수 없었던그 마음은 이해하나.. 어차피 결국은 사람들 동원하여 다시 빼내서 옮겨야 할 거 같습니다....ㅜㅜ
다른 상품평보니 멀티탭 고정도 시켜주시던데ㅠ
여쭤보니 그냥 쓰라고하시네요
수도꼭지 부분에 있어서 고정시키게 직접 못이라도 박아야겠어요ㅠ 휴ㅠㅠ"
5,"세탁기 건조기 따로 있는거 사서 썼어요 산지 얼마 안되었는데 따로 쓰고 있었는데 베란다 각각 두니 동선도 복잡하고 불편하더라구요

오브제 새로 나온거랑 고민했는데 디자인은 그게 이쁘지만 가격면에서 이게 나은거같아 샀는데 잘 산거같아요 어차피 베란다에 둘거라서요

하나로 설치 하니 베란다도 넓어보이고 깔끔해요
설치도 빠른 날짜에 해주셨어요
다만 창문 옆에 너무 붙혀주셔셔 창문손잡이때문에 안닫혀 다시 좀 더 수정해야할거같긴해요

오늘 동작 시켜봤는데 전에 꺼에 비해 작동시 열감은 있는거같아요 좀 더 사용해 봐야지 알거같아요

디자인..성능 .가격. 서비스 측면 전반적 만족해요"
5,"구매 후 현재까지 기간으로 1주일, 실사용 횟수 5회정도 사용한 후기입니다.
1. 화이트로 구매해서 그런지 디자인이 깔끔하고, 새아파트에 정말 잘 어울립니다.
2. 어머님 키가 155cm로 작으신데도 불구하고, 사용하시는데 불편함이 없다고 하십니다.
3. 부모님이 노령(68세)이신데, 작동하시는데 어렵거나 불편함이 없다고 하십니다.
4. 배송이 빠르고, 배송기사님들이 부모님이 잘 알아들을수 있도록 친절하게 잘 알려주십니다. 그리고 제품에 흠집이나 문제가 없도록 굉장히 세심하게 잘 설치해 주십니다.
5. 건조기 사용시 코스로 하는것보다 시간지정해서 작동하시는게 시간이 더 절약됩니다. 이불 싱글세트 40분정도면 다 건조되니 참고하시면 될것 같습니다.
6. 세탁/건조 용량은 킹사이즈 이불 세트(이불, 패드, 베게커버)정도까지 충분한 것 같습니다. 싱글사이즈 두개세트는 좀 힘들어 보였습니다.
7. 가격은 오프라인보다 확실히 저렴하지만, 그럼에도 불구하고 부모님 선물용으로는 굉장히 부담이 되는 가격입니다.
8. 타사 제품보다는 용량 대비 크기가 작지만, 분리형이 아니라서 이사를 가거나 위치를 이동할때는 굉장히 힘들것 같습니다."
5,통돌이 10년 쓰고 이사하는 시기에 맞춰서 새로 구입했어요~건조기가 친정집은 물통이 따로 있어서 비워줘야하는데 이건 자동으로 물이 빠지네요^^ 그점이 정말 마음에듭니다~~세탁기경우는 제가 통돌이 쓰면서 먼지통비우는게 습관이 되었는데이 제품은 먼지통이 따로 없고 배수구쪽에 미세망이 있어서그부분을 주기적으로 정리해줘야한다고 하시더라구요원래 통돌이들이 그런건지 아님 요제품이 그런건지는 모르겠네요 오히려 버리는과정이 더 번거로울거같은 느낌이에요아무튼 들여놓고보니 기대반걱정반이었는데정말 후회안하고 넘넘 좋습니다~^^
5,"세탁기와 건조기의 신세계!!♡
부모님이 세탁기만 사용하다 주변에서 건조기는 신세계다
필수품이다는 얘기가있었지만 자연건조가 좋다며
선뜻 구매하지않았습니다. 그러나 엘지타워워시 디자인이며 공간활용이며 너무 마음에들어하여
큰맘먹고 30년만에 구매하였습니다.
결과는 대만족!!!! 세탁하는게 즐거울수있냐며
콧노래부르고 빨래를하고,
거실에서 누가 깔깔 웃는 소리가나서 나가보면 엄마가
빨래를 개며 다리미한것처럼 펴졌다고 깔깔깔
수건이 삶은 것처럼 뽀송하다며 깔깔깔
하십니다.

진작구매해드릴걸 왜 이렇게 늦게 고민하고
사드렸다싶습니다.
타워형식이라 높이도 적당하여 아담한 엄마도 건조기
안쪽까지 손이 들어가서 빨래꺼내는데 문제없습니다.
작동방식이 간결하게 정리된것같아
사용하는데도 어렵지가 않네요 한눈에 필요한 기능만
쏙 쏙 보입니다.
저는 2년전에 구매햇는데 엄마 건조기를보니 디자인도이쁘고 스타일워시 기능도있어 세트로 다시
구매해야하나 고민이됩니다. 가격도 두대가격에 저렴해요
사랑해요~♡ 엘지♡ 요즘 저희 엄마 애창곡입니다. 망설이는분들 바로 구매하시길 감사합니다."
5,"기존에 통돌이세탁기 & 8kg 건조기 사용하다가 건조사용시간이 너무 길어서 큰맘먹고 바꿨는데 너무 만족해요. 검은색으로 살까 너무 고민하다가 흰색 구매했는데 흰색도 괜찮습니다. 이 트롬 워시타워의 가장 큰 장점은 '건조준비' 인 것같아요. 세탁할때 작동시키면 세탁끝나기20분전에 건조기가 미리 예열한다고하네요. 그래서 기존에 사용했던 건조기보다 (용량이 큰 이유도 있지만) '건조준비' 기능때문에 시간이 축소되요. 예전에 드럼세탁기보다 통돌이세탁기가 더 깨끗하게 잘 빨린다해서 지금까지 통돌이쓰다가 드럼 처음 사용해보는데 물사용량도 줄어들고, 깨끗하게 세탁되는것 같아 만족합니다. + 설치하러 오신 기사님들도 친절하셔서 좋았습니다."
4,확장거실이라 빨래건조가 늘 문제였는데 건조기는 옷이 상할거 같다는 막연한 생각에 결정을 못내렸어요 친구가 건조기를 너무 추천해서 세일도 하고 겸사겸사 질렀내요 우선 이불 한번 돌렸는데 뽀송하고 먼저 터는 기능 너무 좋네요 세탁실 들어가는 문이랑 완강기때메 위치가 애매해서 그게 아쉽고 세탁기 도어도 방향을 선택하는 옵션이 있었으면 좋겠네요 오른쪽으로 바짝 붙여야되는 상황도 있을수 있으니... 구부려서 빨래 빼는게 아직 어색하긴한데 일체형이라 건조기 높이 낮아진것도 큰 장점이긴 합니다
4,세탁기는 무조건 엘지라서저희 부모님댁 이사하신 기념으로 선물드렸어요.옛날아파트 다용실이라 혹시 안들어가면 어쩌나 했는데 다행히 실측 미리 해주시고 설치도 무사히 됐네요^^리모델링 공사가 아직 덜 끝나서 짐도 쌓여있고해서 아직 사용을 못해보셨지만 당연히 좋겠죠?하얀색도 다행히 촌스럽지않아서 만족해요.저희집 건조기는 삼성그랑데인데 엘지건조기는 삼성에 비해 입구가 좀 좁은듯 하긴해요.안에 통 크기도 삼성보단 좀 작네요.그래서 엘지 성능이 더 궁금해지고 그렇습니다.부모님께서 사용해보시고 좋으면 저도 엘지건조기로 바꿔야겠어요^^
4,"10일 월요일에 주문.
12일 수요일에 설치완료.
설치까지 초고속이라 좋았습니다.
설치할때 당연히 바닥기스 안나게 잘 작업해 주십니다~

건조기는 신세계에요. .
각오하고 샀는데 생각만큼 옷이 줄지 않아서 좋아요.

낮에 설치 직후 찍은사진 한장
저녁 세탁기 사용전에 찍은사진 한장 올립니다.

다만 원격제어기능이 너무 무쓸모 한것과 다운로드코스기능이 너무 불편한게 요즘 lg제품 공통의 단점입니다.(다음엔 삼성을 써봐야겠어요.)
표준만 쓰시는 분들은 상관없으실듯

그래도 만족합니다."
5,고민만 보름 하다가 구매후 1주인 안돼서 설치 되었네요 원는 시간에 있던 자리에 공간 많이 차지 하지 않고 이쁘게 되었네요 다른 회사 상품이랑 고민하다가 높이가 낮아 건조기 사용이 편하고 가운데에서 조작버튼이 있어 버튼 조작도 편하고 색상이 흰색이라 그게 젤 맘에 들어요 ㅅㅅ은 블랙캐비어상품이 넘 어두워 이 상품은 흰색이라밝아보여 더 선택을 하게되었는데 설치하는날 10만원 더 싸게 살수 있더라구요 그건 좀 아쉽습니다 그래서 빠른 사용으로 위로받고 있습니다 ㅅㅅ제품은 360개 홀을 강조 했는데 이 상품은 바람홀 개수가 적은데 엘지도 이번 신상으로 바람홀 개수를 늘린 상품이 나왔더라구요 용량도 키우고 모터형식도 달리하고 그러나 가격면에서 아마도 이상품이 판매우위가 아닐까 예측해봅니다
5,타사랑 고민하다11절 이라서 세일하길래 바로질럿어요! 일체형이라서 너무 이뻐요!!!엄마가 너무 좋아하세요~~ 건조기 처음써보는데 보송보송해서 좋아요. 건조가 쾌속1시간 표준 1시간50분 걸려요. 표준보다 쾌속이 구김이 안생기는편이고. 돌리자마자 꺼내야 구김이 안생기니까. 끝나는시간 맞춰서 꼭 꺼내세요! 기사님이 주의사항 알려주셨는데 밑에 세탁기 꽉채워서 돌리면 자체가 흔들려서 건조기까지 고장난데요! 세탁기 70프로이내만채워서 돌려야겟어요. 두꺼운 겨울이불은 세탁소에 맡겨야겟어요.! 한 10번은 써본것같은데. 실사용자인 엄마가 좋아하시니 대만족합니다!
5,기다리던 세탁기가 드디어 왔네요디자인이쁘고 키가 작은 저한테는 딱입니다새수건 사서 싹 세탁하고 건조하니 뽀송뽀송 부드러워요오자마자 세탁기 돌린다고 빨래통에 있는것 넣어도 세탁기가 커서 많이 들어가고 건조기 돌리면 옷이 줄어든다고 해서 걱정했는데 막상 돌려서 입어보니 줄어든것 같지 않아요 건조시간 표준으로 하면 한시간 십분정도 걸리고 신세계입니다 다가오는 장마철 빨래 걱정없이 세탁할수 있을것 같아 걱정거리가 줄었네요 장마되기전에 g마켓에서 세일해서 할인가격에 살수있어 좋았어요요즘 건조기 식기세척기 로봇청소기가 필수인데 아직 건조기만 장만했어요건조기 하나도 주부에게는 일거리 하나 줄어든 기분입니다고장없이 십년쓸수 있기를 바랍니다
5,일단 통돌이 세탁기만 평생 써온 사람으로써 신세계입니다. 어쩜 이렇게 조용하고 빠른지..건조기도 처음 사용해봐서 사실 와이셔츠 주름질까봐 세탁하고 건조 안돌렸는데 믿져야 본전이지란 생각에 처음으로 돌린날 감격에 눈물이 흘렀습니다 ㅜㅜ 세상 과학의 발전이 비약적으로 발전했다지만 그냥 그렇구나 하고 살아온 이 세월...문명을 처음 접한 날이었습니다.예전엔 드럼세탁기는 세탁시간이 길다란 주위 평들로 편협했네요..단점보다 장점이 많은 친구라..단점은 꼽을게 없네요.그리고 첨부 동영상을 보시면 아시겠지만 탈수 돌아가는 중인데 소음이 저정도입니다.통돌이 쓸땐 8~9시에 세탁기 돌리면 넘나 대역죄인이었는데...이젠 소음에서조차 프리덤 ㅜㅜㅜ 넘나 행복해요 1. 깔끔하고 센스있는 일체형 디자인2. 빠른 배송 및 설치3. 빨라진 세탁시간4. 건조기예열로 빠른 건조좋은 가격에 좋은 상품 살 수 있었습니다 ^^
5,"10년전 신혼가구로 들인 17키로 고열건조기능탑재된 트롬을 보내고 새롭게들인 타워~!기존 사용했을때는 에어컨 실외기 배관이랑 딱 맞닿아있어서 불안한게있었는데설치해주신 분들이 그맘을 아셔서인지 배관과 타워의 공간을 최대한 떼어주셨네요받자마자 수건 세탁,건조했는데 굿~~!!그리고 아이이불털기도 시범삼아 했는데 굿~!! 이네요160센치 키라서 높이가 딱 맞는 LG선택한거 후회없습니다~중간에 버튼부터 제키에 부담스럽지않게 건조기에서 빨래감을 꺼낼수있었습니다"
5,"워시타워 사려고 최저가인 이판매점 담아놓고 보고있다 11절날 타임딜 떴을때 더 싸게 구매했습니다.배송은 일욜밤 주문, 수욜 배송 온다 문자왔는데 제가 이번주 금요일로 지정해 그날 잘 받았구요,설치 기사님들도 전문가포스로 잘 설치해주셨습니다~세탁기는 엘지 트롬 쓰긴했지만 건조기는 처음이라 정말 신기하네요~저희는 베란다 다용도실에 설치해놔서 문 닫으면 소음은 없지만 건조기 돌아갈때 보니 생각보다 소리는 꽤 나더라구요~~일단 세탁도 24키로 대용량이라 기존 빨래량을 채워도 반도 안차고 모터 힘도 좋은거 같아요~거거익선이라고 가전은 무조건 큰거 사는게 좋은거 같습니다.아직 이것저것 돌려보진 못했지만 한번빨래로도 보송보송 건조까지 되니 너무 만족합니다.저렴한 가격에 최고의 상품 판매해주셔서 감사합니다^^"
5,"역시 가전은 엘지죠^^ 한달 전 이벤트를 놓쳐서 많이 아쉽긴하지만 그래도 대명에서 사는게 좀 더 나은것 같아서 구매했습니다. 원하는 토욜에 설치 잘해주셨고 폐가전 쓰던 세탁기 잘 수거해가셨습니다. 오실 시간 알고있어서 수월하게 설치하시라고 미리 세탁실 정리 청소 다해두고, 걸리적거릴 선반같은것도 철거해두었고 현관쪽부터 이동 경로 모두 잡기들 다 치워놔서 기사님들 금방 작업마무리하셨네요^^ 나가실때 시원한 음료도 챙겨드렸는데 기분좋게 가시는 모습에 저도 기분업이네요^^ 암튼 잘 쓰겠습니다!! 지금 빨래돌리는 중인데 아주 굿입니다~ 감사합니다👍"
5,빨라도 일주일쯤 생각하고 주문했는데웬걸 주문3일만에 배송설치 건조기가 히팅이 않되서 새제품 교환다음날 바로 해주셨구요저희집 전기문제가 있었는데 기사님들너무 친절하게 정말 서비스는 이런거구나느끼게끔 친절하게 해결해주셨어요새제품이라고 바닥까지 깨끗하게 닦고 올려주시고서비스천점!제품은 받고 삶은빨래하고 건조했는데정말 말로표현할수없는 뿌듯함이들었어요 (이게돈값이라는거..) ㅋ지인분집에 삼x건조돌릴때 2시간이였는데원바디 제품은 건조시간표준(¹시간20) 세탁시간(45) 짧아졌지만 세탁력은 기존 드럼세탁기보다 훨씬 좋더라구요원바디라서 높이도 낮고 160인 제게 통안쪽 끝까지편하게 빨래를 꺼낼수있어요 또하나의 편리한 가전이 저에게 생겼네요 너무 만족하고 좋네요 가전은 역시 LG가 좋아요
5,10 년전 샀던 lg통돌이 고장없이 지금껏 잘 썼지만이사오면서 바꿨어요원하는 날짜에 배송해주셨고설치전 사전점검도 오셔서 설치가능한지 확인해주셨어요표준으로 해도 생각보다 세탁시간이 길지 않고요 50분 내외의외로 건조가 오래 걸리네요수건 넣으면 뽀송뽀송 엄청 좋습니다수건만 두번 세탁해서 건조기 돌렸는데먼지 거름망에 먼지가 상당히 많이 쌓여요그동안 이 먼지를 머금고 수건을 썼었다니 하는 생각들더라구요터치식이라 좋습니다가격도 11절에 저렴히 구입했어요 만족입니다!!
5,목요일에 재고 문의 드리고 2-3일 걸릴것 같다 하셔서 바로 주문했는데 금요일 오후에 설치 받았습니다. 완전 총알배송이에요 제품은 뭐 엘지 가전은 믿고 쓰니 더 말할 필요 없구요!! 설치기사님도 시간약속 잘 지켜 주시고 설치도 엄청 꼼꼼하게 해 주셨어요!! 지금 빨래 하는데 너무 감동적이라 후기를 남기지 않을 수가 없어 급한 마음에 몇자 적어봅니다^^ 가격도 저렴하고 이런저런 쿠폰과 적립금 혜택 생각하면 믿을 수 없을 만큼 저렴하네요!!
5,"서비스센터나 사이트에서의 설치할 곳의 규격에 미달하고, 배수구 구멍이 벽과 65 cm되느 부분에 있어 설치가 안될지도 모른다고 조마조마하고, 베스트 샵을 통해 사전 확인을 받았는데, 가능성은 반반이라는 얘기를 듣고, 설치장소를 아파트 내 다른 집들과 비교해 보니 우리집과 대동소이해서 그냥 밀어 부쳤는데, 설치 기사님이 오셔서 설치 잘될 것이라고 하시며, 딱 설치해 주셨습니다.통돌이만 쓰다가 워시타워는 처음인데, 새로운 세계를 만난 듯 합니다.잘 쓰겠습니다."
5,"일단 설치제품이라서, 구매시 지정배송일 아침에 연락이 왔습니다. 그리고 방문 시간을 알려주셔서, 시간 조율이 가능하더라고요. 전 추석연휴 다음 날에 설치 받았습니다. 설치공간이 비좁지만 설치기사분들께서 순식간에 안정적으로 약 15분만에 설치하고 테스트 시동까지 하시더라고요. 친절하게 제품 설명을 해주시고, 문자로 구동 관련 메뉴얼 및 사용 동영상 링크 정보를 알려주시더라고요. 집 앞 마트에서 드럼용세제를 재빨리 사와서 돌려봤습니다. 세제 넣고, 테스트용 빨래 넣고, 시작버튼 꾹(약 3초)누르면 자동으로 되네요. 건조기도 돌렸는데 소량인데도 최소1시간 소요되더라고요. 그런데 건조 완료후 뽀송함은 잊을수가 없네요."
5,지마켓에서 할인쿠폰써서 너무 저렴하게 구입했습니다.계속 눈여겨보다가 가격때문에 쉽게 결정못했는데빅세일덕분에 드뎌 집에 들일 수 있었네요^^원래 삼성제품보다 LG제품을 선호하는 편이라삼성껀 쳐다보지않고 이것저것 LG제품만 비교해보다가요걸로 똭 구매했어요.사진보다 훨씬 예쁘고 작동도 쉽고무엇보다 버튼이 중간에 있어서 편리하네요.건조도 예약건조가되서 시간 단축도 되고너무너무 마음에 듭니다.색도 깨끗해서 두말 할것도 없네요^^강력추천합니다.이거 사세요^^
5,맞벌이부부라 토요일에 지정배송 할수있어서 좋았구요. 아파트가 구축이라 높이랑 문넓이 고민했었는데 문짝 떼어내고 설치해주셨고워시타워라 높이 걱정은 안해도 되더라구요. 폐가전 수거도 해주시고배송기사님 정말 친절하게 설명도 잘해주셔서 LG제품 잘 구입했단 생각이 들었습니다.그리고 이 싸이트에서 가장 저렴하게 구입하게 되어 대만족 중입니다.사실 전날 베스트샵에서 오브제 제품 견적받고 왔었는데 이 제품이 건조기도 더 크고가격도 많이 저렴해서 바로 구입하게 되었어요.지금 받자마자 바로 돌리고 있는데32평 거실 큰 카페트 세탁 건조까지 완벽하네요.며칠째 이불 빨래중이예요.진작 구매할걸 후회중입니다^^한전 고효율가전 환급도 받아서 더 더렴하게 구입했습니다.
5,"오래된 세탁기를 처분를 미루고 미루다가 선택, 구입. 원래는 통돌이를 구입하고 싶었지만, 집 구조상 구입 불가라서 큰맘 먹고 일전부터 눈여겨 보고 있던 워시타워로 구입했습니다. 역시, 신제품이라 예전 드럼세탁기랑은 전혀 다른 성능에 반했습니다. 그리고, 건조기... 일전에 9kg용을 사용했는데 이 역시도 비교가 안될만큼 성능 확실하네요. 전 건조기는 빨래의 구김과 옷감 줄어듬이 심해서 타월만 돌렸다면, 이번 건조 시스템은 과연 으뜸... 설마하는 기대감을 만족 시켜주었습니다. d^^b"
5,"세탁실 공간이 좁고 위치가 좋지 않아 걱정이 많았어요. 주문도 몇 번을 망설이다 주문했어요. 주문부터 배송까지 신속하게 이루어져서 깜짝 놀랐습니다. 당일 설치도 걱정이 많았는데. 긍정적이고 친철하신 기사님 덕분에 잘 설치되었습니다. 세탁기 사용 뿐 아니라 짜투리 공간도 활용도를 높일 수 있도록 아이디어도 주셔서 정말 감사했습니다. 세탁기는 당연히 잘 되고 건조도 잘 됩니다. 세탁부터 건조까지 생각보다 시간이 길지 않고, 조용해서 만족도가 정말 높습니다.공간때문에 망성이시는 분들은 사전점검 서비스 받으시고 설치하시면 될 것 같아요. 설치, 배송, 제품 모두 만족도가 높아 앞으로 바꾸는 가전은 모두 엘지로 선택할 것 같아요."
5,"저희집 다용도실 구조가 턱도 있고, 뒤에 보일러도 있어서 전화로 문의드리고 사전답사 받고 가능하다고 해주셔서 바로 설치까지 미리 예약해놓은 일자에 받았어요!! 사전답사해주신 기사님과 설치기사님들 모두 너무 친절하시고 너무 잘 설명해주시고 최고였습니다!! 워시타워 건조기 높이가 그냥 세탁기 위에 건조기 얹히는 것보다 여자가 쓰기 확실히 너무 편해요! 참고로 저는 키 161cm여자인데 턱 높이 감안해도 건조기에 세탁물 넣고 빼는데 불편함 1도 없이 딱이구요, 스팀 기능 있으니 세탁물이 덜 구김가서 나와서 좋더라구요! 세탁기/건조기 기능은 말할것 없이 최고입니다! 단 아쉬운 부분이라면 오브제가 아니라서 건조선반이 불포함이라 아쉬워요..일반 워시타워도 저렴한게 아닌데말이죠!"
5,"고르고 골라서 워시타워를 주문했어요지정배송일에 잘 도착해서 설치도 완료 했구요~일체형으로된 워시타워를 할지~드럼세탁기와 건조기가 따로 떨어져있는 분리형으로 할지많이 고민하다가 조금더 비싸기는하지만일체형인 워시타워로 주문했네요디자인,색깔너무 마음에 들고 멋지네요설치하고 바로 ‘침구털기’로 이불도 털어보고빨래도 돌려 봤는데먼지가 장난이 아니네요 ...깜짝 놀랐어요오늘 하루종일 비가내렸는데 건조기에 돌리니까 빨래가 뽀송하고 장마가 와도 이제 걱정이 없어요~^^"
5,이사를 하면서 주문 했습니다.주문이 많아 배송이 늦어질것 같아 기대는 하지 않았는데 생각 보다 빨리 4일만에 설치 되었습니다.오래된 집이어서 설치가 쉽지 않았는데 기사님들이 열씨미 설치 해주셨구요. 수평도잘 맞춰주시고 사용법도 친절히 설명 해 주셨어요.세탁기 사용한지 10일정도 되어가는데 정말 좋습니다.일체형이라 너무 편하고 세탁도 너무 잘되요~용량이 커서 인지 이불 몇개는 한방에 세탁 가능 합니다~그리고 건조기 정말 최고 입니다. 트루스팀 정말 최고에요~건조후 뽀송뽀송해진 빨래를 보면 정말 기분까지 좋아집니다.역시 가전은 엘지가 맞는것 같아요~고민하시는 분들 있으시면 꼭 사세요~판매자분도 빠른설치 요청에 잘 대응해 주셔서 감사합니다~
5,"깔끔하고 너무 좋아요~ 크기도 집에 딱 맞는데 이사갈때가 좀 걱정이네요..ㅋㅋ언제 갈지모르니 일단은 쓰려구 삿어요~ 통돌이 쓰다가 바꾸니 뭔가 깔끔한 느낌이라 좋아요~오브제로 살까 고민 많이했는데 릴리화이트 맞나요? 깔끔하고 좋은것 같아요!용량을 16키로랑 고민많이하고 17WT랑 다른건가도 많이 검색해보고 사서 신중한 구매했네요ㅋ;;그리고 인터넷으로 사도되나 고민 많이했는데 인증판매점이라고 찍혀있어서 바로 구매했어요~문제없는거 같아요 엘지배송기사가 직접오셔서 설치해주니 만족합니다.요즘 매장에서 냉장고 워시타워 등등 같이 구매하면 더 저렴하고들 하는데,여기서 너무 저렴하게 잘산거 같아서 만족합니다~^^"
5,"삼성그랑데와 엘지워시타워
오브제와 화이트
16키로와 17키로
몇날며칠 고민끝에 결정한 워시타워 17키로로 결정
오픈매장에서 구입을결정하고 집으로 돌아오는길에 리뷰나볼까싶어서 인터넷에서 검색하는 순간
매장으로 취소전화를 바로 돌렸다
17WT모델의 구입가가 3백이넘었는데 인터넷 검색한 17WTA모델의가격은 무려 이백대중반이하
모델명의 차이가 무엇인지 확인하니 크롬으로 마무리 여부였다.
검색결과 가장 조건이 좋았던 SSG에서 구매를결정하고 결재를완료했다.당장 받고싶었지만 배송기간이 무려 4주 ㅜㅜ.
그런데.
그런데.
결재후 3일후 엘지에서 전화가 와서 사전점검 약속을정하고 3일뒤 배송이 완료됐다.
결재후 6일 만에 도착 ㅎㅎ
설치기사님들도 조심조심 설치해주셨고
뒷정리도 확실하게 해주셨다.
혹시나 제조일자를보니 21년 12월 따끈따끈한 쌔거였던것이다
이리저리 너무나도 .
자리를 빌어 SSG에 감사를 전한다"
5,"**가전은 역시 LG입니다

1.구입동기: 99년 10kg 통돌이를 쭈욱 사용하던
50대 주부입니다 정말 저같은 사람만 있으면
전자회사에서 싫어하겠지만요 고장이 안나니 그냥
미련스럽게 사용했지요 세탁기는 LG란 고정관념이 있는 1인으로 워시타워로 고민도 없이 구입했지요

오프라인으로 상품은 이미 알고있었고, 가격적인면에서 온라인이 훨씬 경제적이라 주문완료 했어요

2.배송과 설치 :주문 이틀후 배송팀과 유선으로 배송날짜 선택했습니다 구축 아파트라 설치장소 사전답사
요청까지 해주셔서 수전교체가 필요해
쿠*에서 슬림수도꼭지 배송전 교체했어요 설치시
누수되지 않게 주의가 필요합니다

3.사용후기:말해 무엇할까요? 저도 많은 리뷰를 보았지만, 그냥 덜 마른 운동복도,
밀린 타월도, 이젠 굿바이입니다 ~~

능숙하게, 친절한 설명까지 해주신 LG ^^"
5,"신혼집에 두려고 구입했어요.건조기까지 꼬옥. 필요할까 했는데꼬옥. 이 제품이어야 한다는 오빠의 강력한 요구사항으로 구입했습니다!!설치하니까 깔끔하네요! 높이도 낮아서 충분히 건조기 안까지 손이 닿아요~ (단, 세탁하기 위해서는 구부려야하지만;;;)설치 하기로 한 날은 조금 딜레이 됐어요. 17일이었는데 추석 지나고 어제 받았습니다.그래서 덕분에 한번은 빨래방에 다녀왔다는... 그래도 어제 받자마자 신나서 사진 찍어서 보내줬네요 :)깨끗하게 잘 살겠습니다.감사합니다!"
5,일요일 저녁에 시켜 화요일인 방금 설치 완료 했습니다. 부모님이 받아주시고 저는 사진으로만 확인 했는데 매우 만족스럽습니다!성능도 당연히 좋을 줄 기대하고 있어요! 디자인도 넘 예뻐 조으네요. 건조기 설치하고 시간도 아끼고 광명 찾음 좋겠네요 ㅋㅋ오프라인 매장보다 저렴히 구입할 수 있어 좋았고~~고생하신 기사님께 감사드립니다. 세탁실이 좁은 듯 해 설치불가할까봐 염려했는데 잘 되어 다행입니다. 번창하시고 많이 파세요~~^^
5,"금요일에 주문했고 주말이 껴서 수요일에 받았어요
마루 손상 안되게 조심해서 설치 해주셨고
설치는데도 오래 걸리지 않더라구요
위치를 오른쪽으로 좀 더 붙이고 싶었는데 아쉽
높이는 정말 낮고 가로 사이즈가 매우 크네요
안들어갈까봐 정말 걱정했는데
기사님이 멀티탭 최대한 깔끔하게 안보이게 해주시려고 애써주셨어요
근데 원래 세탁하고 나면 물이 저리 많이 나오는게 정상 맞죠
이불도 한번 돌렸는데 3시간 이상 돌았어요"
5,"아파트 기준.끝에 a붙으면 신발 건조선반 없음(고객센터전화 1만원 구매가능)구매전 폭길이넓이 확인요망.필요시 수전교체, 가스계량기 위치 사전이동, 선반 제거.주문하고, 하루~이틀 상관으로 주문확인/배송관련 카톡옴.이틀째 배송날짜 선택 카톡.지정하면 설치기사가 배정되고, 배송요청 당일 아침 8시 경 전화옴. 그러면 기존 세탁기 수거여부 확인 및 설치 예상 시간 알려줌. 2명이서 방문함.설치 자리 확인 후 설치되면, 바로 세탁기 수거함.수거자리 미리 청소 준비(물청소 권장)복도에서 포장 뜯고 설치장소 바로 앞에서 2단 조립 후 정위치 이동.수평제고, 수전/전기(누전체크해줌) 연결 후 시운전 후 사용법 주의사항 설명해줌. 1시간 20분 정도 소요.전에못돌리는 카팻 돌아감빅스데이 지마켓, 옥션 또는 11절, 롯데축제 때 카드할인 받고 사시길 권장.(지마켓에서 21년 5월 15일 빅스데이2(-30),엘지(-2만)로 245정도? 그 시점 다른 분 문의글 참조.롯데20주년 롯카7% 비슷한 가격이였음. .이상 참고하세요. (5/23일 경에도 제휴카드할인 250정도로 조건 비슷한 편)"
5,일때문에 임시로 사는 집이라 집이 좁아서 기존에 쓰던 세탁기 건조기 지인 드리고 이사왔어요 세탁물이 많아서 빨래방에 다니다가 찝찝하기도 하고 기다리는시간이 낭비되기도 하고 쓰던사람이 없으니 답답하더라구요 오피스텔인데 ㅠㅠ 배수관이 없어서 설치불가로 엄청 속상했는데 리뷰를 보다가 화장실 밖으로 빼서 설치하신분에 있어서 캡쳐해서 보여주니 다행히 그렇게는 된다고 하시네요 저는 외관상 이쁘지 않더라도 빨래+ 건조만 되면 좋겠다 싶었는데 ㅠㅠ 신경제일 쓰였던건 바닥소음이 신경쓰여서 바닥 매트를 구입했는데 기사님이 취소하라고 소음이 나지않는다고 안심하시라고 하셨네요 ㅋㅋㅋ ㄱㅣ사님께서도 매우매우 친절하시고 기분이 좋았습니다 설치꼼꼼하게 하셨고 완벽하게 하시고 가셨네요 설치해 주셔서 진심 감사합니다 -
4,제품은 신형이라서 좋은거 같아요세탁기능~건조기 기능 ~넘 만족해용근데 새거라서 그런지 세탁기 처음 설치할때통에서 냄새가 났어요^^;;설치는 원하는 날짜에 받을수 있어서 좋았는데많은분들이 토요일날 주문에 밀러서 설치시간이변경되어서 아쉬웠지만 그날 설치 받아서다행이였어요 평일에는 일을 다녀서;;받을사람이 없었거든요 기사님~두분이서설치 해주셨고 설명도 잘해주셨어요~더싸면 좋았겠지만 처음에 할인들어간거보다 조금더 할인들어가서 얼릉 구입했어요12년 동안 사용한 통돌이는 그날 작별ㅜㅜ고마웠다~통돌이 안녕ㅠㅠ 트롬~세탁기 건아~잘부탁해~^^
5,"세탁량이 점점 많아지는데 날씨 영향에 옷이 잘 마르지 않을 때가 있어 고민 끝에 건조기 구매했어요. 이곳저곳 비교해보고 LG 워시타워로 결정!!! 설치공간 때문에 사전점검 받고 설치 가능하다고 해서 좋았어요. 용량도 크고 세탁과 동시에 건조 기능 설치까지~ 기능은 기본 디자인까지 맘에 쏙 들어서 만족하며 사용중이에요~
특히 이불과 수건 보송보송해서 너무 좋네요~
가격 비교 끝에 lg전자 공식판매점 대명유통에서 구매했는데 친절하시고 설치도 빨라서 좋았어요."
5,지정한 전날 엘지전자에서 톡이온후 다음날 바로 기사님 전화받고 약속시간보다 빠르게 받았어요~~저희가 폭이 85정도밖에안되서 납작수전으로 바꿨는데도 기사님이 기스날수도있다 최대한 조심히 설치해주신다고하시더니 흠집하나없이 깔끔히 설치해주셨어요 창문 여는거 포기해야하나했는데 다행히 간신히 열고닫을수있네요 크기도 일체형이여서그런지 생각보다 안크고 화이트 넘 이쁘네요~~용량이 커서 기대가됩니다!!판매자분들도 친절하게 대해주시고 가격도 저렴히 잘구입한거같아요~~
5,이사오면서 처음 접한 건조기가 생활에 얼마나 편리한 제품인지 매일매일 실감하며 지내고 있습니다. 이제 빨래건조대는 거의 사용할 일이 없을 듯 합니다. 워시타워는 건조기부분이 여성이 이용하기 편한 위치로 되어있어 우리나라 주부들에겐 잘 맞는 제품이네요. 건조한 후 필터에 쌓인 먼지를 볼때마다 마음까지 깨끗해지는 느낌입니다. 설치해주신 기사님들도 아주 친절하게 설치와 사용설명을 해주셔서 정말 감사했습니다.
5,이사를 하면서 새로 구매를 하려고 알아보던중 세탁기 건조기둘다 제일 큰사이즈 인데다가 깔끔한 화이트디자인에 너무 이뻐서 구매를 했어요~! 마침 빅스마일데이로 할인도 많이해서 저렴한 가격에 구매해서 좋네요~^^ 원하는 날짜에 배송되었구요~! 둘다 큰 싸이즈인데도 연결되어 버튼이 중간에 있어서 키작은 저도 너무 편하게 쓸수가 있어서 좋아요~! 휴대폰으로 연동을 해서도 쓸수 있으니 좋고 사이즈가 커서 이불빨래서 쉽게 자주 할수 있어서 너무 좋아요~!> 일체형이 이래서 좋은거군요 👍 비싼데 살까 말까 괜히 고민했네요ㅎㅎ
5,"아직 입주전 사용전이지만 기존에 통돌이 10키로 사용중이였어서 이불빨래가 가장 힘들었어요 ㅠ 건조기도 8키로짜리 사용중이라 더 큰 용량을 원했었구요 ~ 키가 작은편이라 타사 제품 두개 합친것보다 낮아 높이도 너무 맘에들구요! 제품빨리 사용해보고 싶어요!단 사전점검부분은 따로 연락이 안오나봐요 ㅠ 다행이 저희집은 잘 설치가 되었지만, 애매하신분들은 이부분 꼭 문의해서 여쭤보시길 바래요 !!"
5,"가전제품 삼대천왕 중 한개인 건조기를 드디어 들였습니다.여름만 되면 습해서 빨래 말리기 힘들고겨울만 되면 얼어서 빨애 말리기 힘들었는데이제 해방입니다.삼성과 엘지중 어떤걸로 살까 고민했는데, 콘덴서를 물청소 할 수 있는 엘지것이 좋을것 같아서 엘지로 결정했어요기능중이 콘덴서 케어가 있어서 수동으로 청소도 할 수 있다니까 맘에 듭니다.기사님들이 꼼꼼하게 설치해주셔서 스크래치 하나 없이 잘 받았습니다!"
5,"[1]사전답사 서비스 가능해요 - 인터넷으로 구매시 판매점에서 ""사전답사""신청 안받아주는데도 많던데, 여기선 가능해요 - 사전답사를 하면, 설치가능여부의 판단 및 벽선반 철거등의 작업요청이 가능해요[2] 설치시간이 30분내외이에요 - 먼저 기존 세탁기를 수거해가세요 - 세탁기, 건조기를 별도로 가져오셔서 현장에서 조립해요 - 설치 후 수평상태 점검해요 - 마지막으로 사용법 알려줘요[3] 뒷정리도 잘해주시고 설치전에 벽선반도 철거해주셨어요[4] 설치일정도 변경가능해요 - 카카오톡으로 설치일정 안내오면 그대로 진행 또는 변경가능해요"
4,오프라인보다 저렴하게 주문해가격면에서 만족하나 재고부족인지11절에 주문했을때 공지사항에는 17일이후배송이라더니 점점 늦어져서 거즘 3주만에 휴가당일 31일 배송톡와서 예 체크함 아니요 하면 얼마나 늦어질지 몰라서요ㅠ기사배정도 당일 이른시간에야 전화와서 시간약속하고폐가전수거후 제자리 설치완료수평계는 작은것을 가져와 저희 바닥보고 천장을 봐도 기울기가 있는데 벽면을 보면 수평인듯하고 일단 믿고 사용해봅니다.성능은 대용량 세탁에 건조기능도 있어 편합니다.지난 16년사용 드럼 보내고 안착늦은배송은 마음에 안들지만 성능.사용면에서는 좋아요
5,"시부모님 댁에 선물로 보내는 거라 신경이 쓰였는데, 결과적으로 모든 부분에서 아주 만족합니다. 일요일에 결제했는데 수요일에 배송이 되어 빨랐고, 두 분 다 일하셔서 설치 날짜를 정하는 것이 걱정이 되었는데 석가탄신일에 감사하게도 와주셔서 한숨 돌렸습니다.폐가전도 잘 수거해주셨고, 설치도 원하시는 대로 잘 해주셨습니다. 전에 쓰시던 구모델과 크기는 비슷한데, 안에 용량은 훨씬 크네요. 건조기랑 일체라서 높이 손 뻗으실 필요도 없고, 윗 부분이 짧아지니 공간 차지도 덜 해 보입니다. 감사합니다!"
5,"10/15일에 주문하고 베란다 세탁기있던 자리가 80이상은 되어야하는데 수도꼭지가 옆에있어 수도를 바꾸고 사전실측 10/21일에 받았고 기사님이 수평 맞추실때 손이 들어가야 하는데 안될것 같다하셔서 다시 수도 매립으로 바꾸고 10/27일 오늘 설치했습니다.
기사님들께서 굉장히 친절하게 전화통화 해주시고 한번 날짜 바꿨는데 요청 다 들어주시고 배송되는 오늘도 오후시간 밖에 안된다고했더니 맞춰 주셔서 베란다로 세탁 건조기 나가야해 한시간전에 냉장고, 김치냉장고 비우고나니약소거시간 맞춰 건조기 한분이 가져오시고 세탁기 따로 한분이 가져오셔서 두분이서 정말 애쓰시면서 설치해 주셨어요. 친절하시고 전문배송 설치 해주시는분들이라 확실이 다르더라구요. 기존 엘지드럼세탁기도 수거해 주셔습니다. 저희는 가전이 에어컨빼고 다 LG제품인데 한번도 고장없이 잘 사용하고 있습니다.
가전은 역시 LG가 짱입니다.!!!
아이방 침대커버와 패드 빨고 지금은 건조중입니다.
기사분들 감사합니다."
5,드럼 이랑 통돌이 다 사용해 봤는데.. 드럼은 초창기 모델이라 자꾸 물때가 끼어서 패킹때문에 통돌이로 바꿨는데 통돌이는 겨울에 옷 많이 넣고 빨면 자꾸 헛돌아서 다시 드럼으로 옮겨탔네요.. 드럼 고를때 건조기가 있어 많이 고민 했는데.. 역시 같이 있으니 넘 이뻐여... 흰색이라 고민도 많이 했지만 만족합니다. 일단 성능은 굿입니다. 통돌이 시끄러워서 세탁실 안 열고 살았는데 어제 오늘 계속 열어 두게 되네요.. 조용한 편인거 같아요.. 건조기도 조용하고요.. 강추합니다.
5,건조기만 살까하다 세탁기도 곧 수명을 다할듯 하여 알아보던중 워시타워가 눈에 쏙 들어오길래 가격도 적당하고 무엇보다 다른제품 직렬설치보다 8센티 이상 높이가 낮다길래 구입했어요건조기는 첨 써보는데 신세계네요...진작 구입 안할걸 후회합니다워시타워 화이트 디자인도 군더더기 없이 넘 이쁘구요~~~가운데 패널에서 모든 기능이 선택 되니 키작은 사람한테는 더없이 좋네요
5,기존에 건조기가있어 이사할때 통돌이세탁기 버리고 드럼세탁기로 갈아타려고 서칭을 했습니다.그러다가 발견한 워시타워!대박입니다. 기존건조기와 세탁기를 직렬로 놓으면 조작버튼이 위로 올라가서 많이 불편할것같았는데워시타워는 그것을 고려했는지 통합컨트롤패널을 중간에 위치시켰네요.그래서 참 맘에들고 좋습니다.더욱 용량도 현재 최대용량이라 마음놓고 세탁할 수 있어 좋습니다.세탁기/건조기를 구매하시는 분들은 워시타워를 강력히 추천드립니다.
5,"국내 모델 중 가장 큰 용량이고 LG라서 바로 선택했습니다. 배송희망일 지정했었는데 갑자기 다른 일과 겹쳐서 대명판매점에 문의 남겼는데 빨리 변경해주셨습니다. 정말 감사드립니다. 배송일 이틀 전, LG에서 카톡으로 배송일 변경할 수 있는 마지막 찬스(?)도 줍니다. 아무튼 당일 오전 8시 이전에 전화 받아서 오후 4시 이후 도착한다고 연락주셨고요. LG 전문 기사님들이 직접 설치해주시는데 진짜 꼼꼼하고 척척 해내시더라고요. 정말 친절하시고 간간히 대화도 나눴는데 정말 좋은 느낌을 받았습니다. 그분들에게도 감사 인사 다시 한번 드립니다. 오늘 바로 세탁기와 건조기 사용해봤는데 정말 조용하고 6모션 구경하는 재미가 있었습니다. 정말 대만족입니다. 역시 LG가 짱이에요!"
4,금액이 큰 상품이다 보니 오랫 동안 기다리다 산 상품입니다. 장바구니에 넣어 놓고 빅 세일을 기다리는 동안 가격이 오르락 내리락 하더니 결국 빅 세일 기간이 다가 오자 가격을 올려놓고 빅 세일이라 하니 빅 세일전 많이 내렸던 g마트 가격과 별 차이 없는 가격이었어요. 그래도 10년 전에 산 트롬세탁기도 아직 멀쩡하여 다른 사람에게 주었더니 잘 쓰고 있다 하므로 이번에 산 워시 타워도 오래 오래 잘 쓰길 기대 합니다.
5,건조기와 세탁기 작동버튼이 모두 가운데 부분에 위치하고 있어 사용하기 편리합니다. 타사 8kg 건조기 쓰다가 바꾸었는데 먼지필터청소가 매우 편리하고 용량이 커서 건조시간도 이전대비 절반정도 걸립니다.침구털이 기능을 많이 쓰는데 이전 건조기에서는 침구털이 기능을 쓸 경우 뜨거운 바람이 나오지 않았지만 LG 워시타워의 경우 뜨거운 바람이 나옵니다. 먼지만 털 경우에는 별도로 앱을 다운받아서 송풍코스로 설정하고 작동시켜야합니다. 세탁기는 용량도 크고 세탁성능도 좋아서 매우만족합니다.
5,지정일 설정안했고요 주문한지 8일만에 받았어요색상고민 많이 했으나 흰색이 저렴하여 어짜피 세탁실은 저만보는공간이라 선택했는데 오히려 깔끔하니 괜찮아요사전점검때는 튀어나올거라고 하셨는데 막상설치하니 맞춤처럼 딱 맞네요원래 기존에 트롬사용했어서 작동법이 똑같아서 어려움없이 사용하고있어요 건조기는 처음 써보는데 넘 좋네요
5,"통돌이만 쓰다가 처음 워시타워 드럼세탁기 건조기로 바꿨는데너무 좋습니다. 건조기 돌렸을 때 올 줄어듦도 거의 없고,비오는날 젖었거나, 주름진 옷을 세탁 없이 건조기에 돌리면스타일러에 돌린 것처럼 주름이 펴집니다. 스마트폰 앱이랑 연동해서 사용하면 사용성이 완전 극대화되네요.운영자분들 응답빠르시고, 배송도 3일만에 왔습니다. 아주 만족하네요.설치 기사님들도 친절하게 응대하시고 연락을 미리 잘 해주셔서스트레스 전혀 없이 기분좋게 설치했네요번창하세요"
5,드디어 도착했어요~!기사님들이 친절하게 잘 조립해 주시고설명도 잘해주셨어요^^제일 먼저 수건 세탁하고 건조했는데건조기 거름망에 먼지가 ^^; 후덜덜~~~지금까지 먼지로 얼굴 닦은 느낌~!이제 워시타워가 있으니~ 안심입니다!!빨래 너는 시간 줄어서 넘 좋아요~ 고민이신 분들은 쇼킹딜이나 행사때 꼭 구매하세요^^추천합니다~!!!!
5,"이 상품을 사기까지 많은 고민을 했습니다.기존 통돌이 제품도 그냥 쓸만한데..꼭 건조기까지 있어야할까...하는 고민도 많이하구요타사의 유사제품이 좀 더 저렴해서 고민되기도 했구요.그래도 이 제품을 선택한 이유는 디자인과 LG라는 브랜드에 대한 믿음이 더욱 컸습니다.세탁과 건조를 진행하면서 조용함과, 건조가 완료된 세탁물을 빠르게 받을 수 있는 점이 기존 통돌이에서 경험하지 못한 최대의 장점이네요."
5,"넘 좋아요! 무엇보다, 디자인이 넘 이뻐요. 플랫한 유리, 콤팩트 한 사이즈도 한몫하고요. 컨트롤 패널이 중앙에 있어, 편리해요! 다양한 실속 기능들이 편리하고요. 보송보송 말라서 나오는거 보면 왜 이제 샀나 싶네요~ 건조시 트루스팀을 최대한 이용 해야, 살짝 줄어드는 느낌이 있는데, 그걸 막을듯 싶어요. 잘 쓰겠습니다~"
5,"말해뭐서 성능이야 인증된 엘지 워시타워 어제 드디어 들어왔구요, 주문 일주일안으로 신속 설치 해주셨어요. 대용량으로 오자마자 이불털기부터 해보고 기술혁신이 이렇게 빠르나 기능은 첨단화에 용량도 늘었는데 디자인은 더 슬림하고 깔끔하고 소비전력까지 만족, 십이년 함께한 트롬 멀쩡했는데 안녕했어요. 엘지는 사랑이다. ㅎㅎㅎ"
5,"우선 제가 원하는 배송일자에 딱 도착 및 설치가 진행되서 너무 좋았습니다.

와관이나 기능을 말씀 드리자면, 외관은 최근 LG 오브제컬렉션 모델보다는 솔직히 이쁘지는 않지만 기능이나 깔끔한 디자인으로 보자면 가격대비 훨씬 좋은 제품인 거 같습니다.

우선 기사님이 설치해주시면서 너무 친절했고, 무엇보다 스팀기능도 있어서 만족해요 ㅎ
잘 샀다는 생각이 듭니다.

오브제컬렉션 모델이 부담 스러우신 분들은 이 제품 추천 드릴께요"
5,"세일 기간 때, 다른 곳들보다 저렴하게 구입하여
설치도 친절히 잘 해주셨어요:)
요즘 비가 오는 날이 잦아 더 유용하게 잘 사용하고 있습니다. 무엇보다도 수건이 뽀송뽀송한게 제일 좋아요;)
일체형이라 키가 작은 저도 윗층 건조기 사용하는데도 큰 무리 없어 좋습니다.
여러모로 삶의 질이 높아 진것 같아요.
용량도 커서 이불 빨래도 한꺼번에 문제 없네요~ :)"
5,건조기 없이 살다가 요즘 비가 많이 와서 구매하게 됐어요.기사님이 시간 맞춰서 오셔서 잘 설치해 주시고 가셨어요.저희는 가스검침기가 옆에 있어서 걱정했는데 확인가능하게 잘 설치해 주셨어요.지금 밀린 빨래돌리고 있는데 저도 건조기의 신세계를 맛보게 되겠네요.매장가서 제품보고 구매한거라서 디자인은 만족해요.앞으로 고장없이 잘 사용할 수 있으면 좋겠어요.
5,사전 답사 신청과 설치 일정 소통이 잘 안돼서 설치답사 오셔서 보시고 바로 설치기사님이 오셔서 약간 당황했지만 판매자분께서 친절히 유선상으로 조율해주셨습니다.사전 답사 오신 기사님과 설치기사님 의견이 달라서 기존 설치 장소와 다른곳에 설치하게 되어 냉장고를 이전설치하는 비용이 발생되고 설치 일자가 늦어졌지만 판매자분의 친절응대에 다 감수하고 갑니다^^오늘까지 비가 많이 온다고해서 걱정했지만 배송할땐 비가 딱 그쳐서 다행히 비 안맞고 설치했습니다.지상에서 박스를 다 뜯고 사다리차로 올려서 설치해주셔서 세탁기 아랫부분이 좀 찝찝하지만 안보이는 부분이고 기계 잘 작동하고 비안맞은게 다행이다 싶어서 만족합니다ㅎㅎ저희지역은 개인적으로 lg보단 삼성기사님들이 대체로 친절하셔서 설치 평가는 쏘쏘합니다ㅎㅎ
5,건조기를 사면 세탁라벨 보면서 줄어드는것만 조심하면 삶의 질이 달라진단 소리를 들은적이 있는데 정말 같아요.이불 빨래를 집에서만 했었는데 셀프 빨레방 가서 건조기에 돌려본 후에 그 뽀송함이 너무 좋아서 고민하다가 구매했어요. 세탁방처럼 한번에 여러 이불을 돌리진 못하지만 집에서 바로바로 돌린다는게 참 행복한것 같아요ㅎㅎ.요즘 비오는날 상관없이 건조기에 말리니 특유의 꿉꿉함이 없는게 다가올 장마도 걱정이 안되요ㅎㅎ.아 건조기 특유의 향은 조금 나서 건조기 섬유시트는 필수인것 같지만 어차피 섬유유연제 쓰던것과 크게 달라질건 없는것 같아요. 키가 작은 편인데 버튼이 가운데 있어서 작동도 편해요.배송 설치해주시는 분들도 친절하셨어요ㅎㅎ번창하세요ㅎㅎ
5,"23년전 결혼하면서 드럼세탁기 초기모델을 샀는데 그때는 세탁기가 탈수할때 움직임이 너무 많았고 세탁기가 춤을 춰서 그 이후로는 항상 일반 세탁기를 사용했는데 이번에 건조기때문에 사게되었어요.너무 조용하고 기술이 많이 발달했다는 생각이 듭니다.배송 빨라요. 다른 사이트에서 1달정도를 기다리다가 취소하고 구매후기보고 주문했는데, 1주일내로 받았어요. 잘 사용하고 있습니다."
4,구매할때 모델을 살펴보고 건조선반은 없지만 필요하면 구매하면되니까..문테두리가 하얀색인게 약하거나 별로일까봐 고민이었는데직접 받고나니 다행이 괜찮았네요. 되려 크롬색보다 외관이 흰색이라 더 낫다싶더라구요.높이도 세탁기+건조기조합보다 10cm차이인데 얼마안될것같지만 낮은게 확실히 나았습니다.
5,전 흰색이 밝아보이고 이쁘더라고요!고민하다 워시타워 신제품으로 질렀는데 넘 좋아요.볼 때마다 뿌듯.. 높이가 낮은 것도 좋고 가운데에서 조작되는 것도 좋고요.세탁실이 좁아서 걱정했는데 설치 잘 해주셨어요.주말에 주문하고 금요일 오전에 받았네요.단공사를 하느라 기존 세탁기를 빼놨었는데 기다리다 목빠질 뻔..ㅋㅋ
5,가전제품화이트만 구매하기도하고 베이지 할까 고민하다가 어차피 세탁실안에만 있을거라 가격도 차이나서 화이트로 구매했는데 깔끔하고 좋아요15년만에 세탁기도 큰용량으로 교체하고이사한새집에서 기분좋게 잘 사용하려구요이사전이라 사용전이지만 좋으리라 기대합니다지정배송일에 두분이서 더운날에 엄청 땀흘리며 잘 설치해주셨어요
5,"카톡 알림서비스도 빠르고 사전답사 와주신 기사님 너무 감사드려요.
공간이 아슬아슬 딱 맞아 고생하셨어요.
깔끔하게 설치해주시고 설명도 친절하고 모든게 만족합니다!! 실물보고 입이 떡~~ 진짜 이쁘네요
탁월한 선택이었네요~
내일부터 사용할거라 아직 성능은 모르겠으나 무척 기대됩니다"
5,나에 삶이 달라졌다. 더이상 햇빛을 기다리지 않아도 된다. 몰아서 일주일에 한 번만 돌려도 된다. 원단이 보송하고 부드럽다. 먼지도 제거되어서 좋다. 니트가 살짝 줄어드는 것 같다. 그래도 괜찮다. 워시타워가 너무 이뻐서 베란다가 화사하고 기능이 착하고 쓰기 편하다. 자랑스러운 회사 엘지.
5,원하는 배송날짜에 빠르게 설치해주셨습니다^^세탁기와 건조기 우선 넘 예쁘고요일체형이라 높지않아 빨래를 꺼내고 넣을때에 편합니다.오늘 오자마자 스타일러가 없는 저희집은스팀리프레쉬 코스로 돌려봤습니다. 완전 만족하는 가능입니다^^털이 살아나는 신기한 경험~~세탁은 물론 빨래 건조도 대만족입니다.건조기에 있는 먼지를 보니 사길 잘했다는 생각이 듭니다*^^*
5,"신혼가전으로 가장 먼저 선택한게 이 워시타워입니다
그 전에는 통돌이 사용했고 건조기는 이번에 처음으로 사용해보는건데 역시 좋네요 새 옷 꺼내입을때 먼지 안나는게 진짜 신세계입니다!
건조기에서 건조 끝난 옷은 바로 정리하지 말고 테이블 같은곳에 잠깐 뒀다가 정리해야 냄새가 안난다고 해서 그렇게 했더니 뽀송뽀송하니 좋아요!"
5,배송 보름 걸린대서 혹시 몰라 일주일 뒤로 지정했더니 딱 예정일에 맞춰 도착했어요. 베란다 넓은 아파트라서 설치 까다로운 워시타워 사전설치문의도 안했는데 기사님 올라와 보시고는 바로 설치해 주셨습니다. 키작녀라 직렬설치보다 낮은 워시타워 맘에 들어요. 오늘같이 비가 와도 안심하고 빨래할 수 있어서 좋으네요.
5,가전제품은 역시 LG 아닌가요 ? 최신형으로 가전제품을 구매하길 잘했어요 건조기랑 세탁기 올인원이라서 디자인도 너무 예쁘고 무엇보다 성능 대박이네요 설치도 빠르게 해주시고 친절했습니다 이건 써봐야해요 이제 건조대도 필요없어졌네요 사실 전 이미 있어서 써보고 만족해서 언니 하나 더 사준거에요 ^^
5,세탁기는 넘 조용하네요 건조기는 소리가 좀 나네요 건조기는 첨이라 새로운 세계에 입문한 느낌입니다 햇볕에 짱짱하게 말린것과 비교할수는 없지만 만족입니다 기사님들이 좁은 공간에서 설치하신다고 고생많으셨고 수건으로 시연까지 해주셨어요 참 원래 선반이 있던 자리인데 선반과 레일까지 제거해주셔서 고맙습니다 가격도 행사할때 구매해서 대만족입니다 배송하신 기사님들 고맙습니다 좋은 일만 있으세요
5,"삼성드럼세탁기 사용했는데 소음이 너무 크고 누수도 잦아 스트레스였습니다. 그래서 이번 기회에 엘지 트윈워시로 바꿨는데 소음 전혀 없고 디자인 예쁘고 사이즈도 딱 좋네요. 안방, 아이들방 침대커버 전부 다 빨려면 말릴 공간이 없어서 일주일 걸렸는데 건조기 사용하니까 하루만에 뚝딱 해치웠네요. 짱입니다"
5,기존 대우세탁기가 오래되니 냄새가 심해져서 삼성과 LG중 고민하다가 디자인이 깔끔한 LG워시타워를 구입했습니다. 기존 세탁기보다 용량은 10키로가까이 커졌는데 높이가 약간높아졌을뿐 차지하는 공간도 비슷하고 좋네요.설치기사분도 수평계로 측정도 하면서 깔끔하게 마무리해주시고 가셨네요. 만족합니다
5,기존에 있던 세탁기(21kg)를 처분하고 워시타워 구매했는데 만족합니다. 사진에 보는 것처럼 이전보다 콤팩트하게 제품이 나와서 선반을 접을 필요도 없네요 제품 전체부터 라인 구성이 편의성을 많이 배려한 것 같습니다 설치기사님 두 분이서 빠르게 세팅하시고 친절하게 안내해주셨네요 여러모로 만족스럽습니다!!
4,"용량이 큼에도 불구하고 타상품에 비해 외부크기(깊이와 높이가 )가 작아 좁은 공간엔 좋아요.디자인도 심플해서 좋구요.단,설치시 조금 더 조심히 다뤄주셨으면하는(턱 있는 부분에서 '무겁게 턱! '하고 둔탁하게 떨어지는소리에 상품 어떻게 (망가지는)되는줄 알고 놀랐다는~ 소비자 입장에"
5,엘지세탁건조기 제품 알아보던 중 여기가 이 모델로는 오프라인 포함해서 가장 저렴한것 같아 주문했습니다.공간이 협소해 설치가 어려운대도 시종일관 웃으며 일하시는 설치기사님들 고생하셨습니다.지금 첫 빨래중인데 벌써 맘에 드네요.앞으로 이불세탁도 더 자주 하게 될것 같습니다.좋은 물건 많이 파세요.
5,원하는 날짜에 배송해 주셨어요!협소한 공간에 딱 맞게 잘 넣어 주시고 무거울 텐데 두 분이 오셔서 수고해 주셨습니다!!다른 제품 더 저렴한 것도 많이 있지만 건조기 예열 기능과 스팀 기능이 있는 워시타워로 하길 잘한 것 같아요.높이가 다른 것보다 낮아서 터치하는 것도 편하고 좋아요!!10년 이상 튼튼하게 잘 썼음 합니다!
5,"배송도 너무 빠르고 사전답사 신청도 게시판에 올렸는데 바로 응답 해주셨습니다^^ 건조기,세탁기 세트로 고민하다가 워시타워 구매했는데 사용해보니 워시 타워 잘 산것 같아요~~고민하시는 분들 어서 구입하세요~~좋습니다~설치해주신 기사님들 너무 감사하고 칭찬 하고 싶어요~설치하기 힘든 곳인데도 불구하고 싫은 내색 없이 깔끔하게 설치해주셨었어요~~정말 감사해요~~워시타워도 작동 잘 되고 잘 쓰고 있습니다~"
5,오래전부터 기존 세탁기에 사소한 문제로 불편을 겪어 몇개월 동안 새로 구입 하려고 검색을 하는데 가격대가 만만치 않아 고심을 하고 있었는데 마침 이제품을 발견하게되고 가격또한 여러 조건으로 인하여 도움이 있었는데 역시 가전은 lg라는게 실감이 됩니다. 건조기 까지 있어 즉시 입을수도 있어 너무 만족합니다.
5,이번에 이사하면서 워시타워로 바꾸게 되었는데 제일 큰 이유는 공간을 많이 차지하지 않고 가운데에서 세탁 건조를 컨트롤 할 수 있다는 점이다. 기존에 쓰던 건조기를 세탁기 위에 설치해서 쓸까도 했는데 키작은 나에게는 불편할 것 같아서 워시타워를 선택했다. 디자인도 예쁘고 용량도 커져서 너무 좋다.
5,어제받자마자 빨래하는데 세닥기바닥에서 문이셉니다 설치기사님이 오늘 오셔서 다시 점검하셨는데 설치엔 문제없다고하시네요다시 빨래해도 물이세면 서비스센터기사님을 연결해준다는데.. 지금 다시 빨래를 해보니 역시나 물이셉니다..동영상촬영도 해놨습니다새제품에서 이런일이 발생하니 너무 기분이안좋습니다 반품 또는 교환 하고싶은데 연락주시길 바랍니다
5,이사를 앞두고 폭풍검색했어요. 오브제 or 트롬 이냐를 한참 고민하다가 어차피 다용도실에 둘꺼라 문닫으면 안보이는데 더 비싼 오브제보다는 건조기용량이 더 큰 트롬을 선택했어요. 가격도 며칠을 두고 계속 찾았는데 쓱닷컴에서 진짜 가격좋게 득템. LG공식매장이라 믿음가구요. 쓱닷컴이라 믿을수 있고요. 지금 넘넘 잘쓰고 있어요. 역시 가전은 LG ^^
5,"시간이 조금 지연되었긴 하지만 제 날짜에 와서 깔끔하게 설치해주고 가셨어요 진짜 좋네요 18년 쓴 드러운 통돌이에서 드뎌 탈출해서 좋습니다 저녁에 에어컨, 세탁기, 건조기 예열, 밥솥, 인덕션 풀 가동했다가차단기 떨어져서 깜놀~~~담날 아침에 세탁하는 경험을 ㅎㅎㅎ"
5,디자인 이쁘고 성능 좋고 편하고 넘 좋아요. 전에 통돌이세탁과 건조기 한번씩돌리면 2시간씩 총 4시간 걸렸는데 이건 건조준비 미리 설정하니 시간이 반으로 줄었어요. 사기전에 조금 망설였는데 후회없는 최애 가전입니다. 기사님 제가 원하는 날짜 맞춰 깔끔하게 설치해주셔서 만족도가 더 올라갔습니다
5,"트윈으로 건조기를 사려고 쓰던 세탁기도 버리고, 살까 말까 반복하다가 구매합니다.
아직 사용가능한 옷과 제품이 많지 않지만, 침대 시트랑 수건만 빨아서 건조해도 정말 좋아요.
역시 엘지라 제품 배송 및 설치는 당연 좋고, 구매 전에 스타일러 세트 상품 없나 찾다가 그냥 먼저 트윈 워시만 샀네요."
5,"말로만 듣던 워시타워 직접 설치하니 너무너무 좋아요첨엔 어떻게 설치하나 했었는데....가스 계량기 이전부터, 수도 수전 납작수전으로 교체하면서 산전수전을 겪었지만마침 설치하고 나니 이 또한 또 다른 세상이네요너무너무 좋아요..세탁도 24킬로, 건조도 17킬로 현재 시판중인 모델중 가장 큰걸로 구입해서 더욱 좋아요사장님, 사업 늘~ 번창하시길 바래봅니다."
5,"우선 배송도 빨랐고 사전에 자리도 측절하시도
더운 날씨 속에 잘 설치 감사드립니다.

역시 백색가전은 엘지 입니다.

어머니 추석선물 드렸는데 아주 좋아하세요.
예전처럼 세탁 건조 동시에 되면 좋겠지만
이제 그런 제품 구하기가 힘들어서
트윈으로 구매 하였습니다."
5,"세탁기+건조기 중에 높이가 낮은 워시타워 선택 하고오브제컬렉션 워시타워, 트롬 워시타워 비교 했는데 디자인 차이인듯 해서 가격 더 싼 트롬 워시타워 선택 했습니다. 트롬 워시타워 중 W17WTA, W16WTA랑 가격 차이 별로 안 나서 최종적으로 크기가 가장 큰 W17WTA로 구매 했습니다.도어문이 자석이라 세탁기, 건조기 환기 할때 활짝 안 열어도 되서 좋네요.세탁기, 건조기 사이 중앙에 조작 버튼이 다 있어서 직관적이며 LG ThinQ 어플 쓰면 언제 세탁기, 건조기가 다 되었는지 알려주거나 원격으로 조작할 수 있어서 편합니다."
5,"먼지와 구김때문에통돌이에서 드럼으로 갈아탔습니다
너무좋습니다.건조기는 이불세탁.건조시 너무 만족하구요.스팀기능있는거로 고민많이했는데.저희는스타일러가없어서 비슷한기능인 스팀기능을 사용해보고 싶었어요.스팀기능은 특히배게 세탁후 쓰는데 사용잘하고있습니다.이불먼지털기는진짜 신세계네요.
핸드폰연결해서 쓰는 스마트기능은 아직 사용못했는데 빨리익혀서 편리하게 쓰고싶습니다."
5,사진 보시다시피 세탁실이 좁아서 설치가 안될줄 알았는데 다행이 딱 맞아요 기사님이 설치후 빠져 나오질못해 너무 고생하셨네요 우선 다른 건조기와 비교했을때 저같은 쪼꼬이에겐 낮아서 좋네요 의자나 가제트팔 없어도 충분히 꺼내져요 글고 색이 넘 깔끔하고 이뻐요~
5,제가 몇번이나 배송날짜를 변경했는데 원하는 날짜에 맞춰 배송하혀고 노력해주셨어요!세탁기 설치 후 가동이 안되서 한번 교환도 받았습니다. 기사님이 이런 경우는 처음 보신다고 ㅠㅠㅠ 설치하자마자 바로 다시 가져가시고 주말지나 받았어요! 다시 받은 워시타워는 짱짱합니다!! 몇번의 시험가동 후 열일 중이예요!이제는 건조기 없이 못삽니다집안의 먼지 없어지고 빨래 널고 걷는 수고로움이 덜어서 정말 좋아요!!이제 식기세척기와 스타일러 보러갑니다~!!!
5,"단높임을 해야해서 두번 실측 나오셨는데 친절하게 잘 봐주셨음.
단높임후 높이가 더 높아져서 타제품이었으면 건조기가 너무 높아져 불편했을듯합니다.
디자인도 깔끔하고 크기도 시원시원.
씽큐로 연동되서 세탁끝나면 알림오는것도 좋아요.
제품은 매우만족인데, 적립금 빨리 들어오면 좋겠네요"
5,11년된 드럼세탁기를 장마를 대비해 큰맘먹고 워시타워로 주문했습니다. 오프라인매장 충분히 둘러보고 이곳 온라인매장이 제일 저렴하고 공식판매점이라 믿음이 가서 선택했습니다.지정한 날짜에 전화와서 설치시간 정해 잘 설치 마쳤고요.친절하게 LG기사님께서 사용방법도 설명 잘해 주셨습니다.기존에 쓰던 LG트롬과 비교해도 소음도 적은것같고 먼지거름망필터가 있어 참 좋은것 같습니다. 후회없는 선택이네요.
5,"기사님 정말 친절하시고 설치도 완벽하게 해주시고 가셨습니다. 고맙습니다.
제품은 실물이 생각보다 작습니다. 세탁기는 겨울이불을 넣으니 꽉차네요. 24kg로라 넉넉할 줄 알았는데. 그래도 정말 좋습니다. 세탁도 잘되고 건조도 잘 됩니다. 성능은 기본이고 소음도 적고 디자인이 예뻐서 만족감이 큽니다. 아쉬운점은 제품 작동 시 내부에 불빛이 꺼지네요ㅜㅜ 돌아가는 모습을 보고싶은데.. 고민하지말고 구입하세요."
5,70센치 폭이라 베란다를 잘 통과해서 잘 설치했네요 일체형이고 도어도 유리라 고급스럽네요 전면터치 메뉴라 사용법이 간단하고 쉽구요 각각 따로 사려고 했는데 결국 건조기 세탁기를 가져와서 조립하는 거라 나중에 수리할일 생기더라도 분리해서 수리하면 되겠어요
5,흰색이 메탈색보다 싸서 흰색으로 사긴 했는데실물로 보니까 깔끔하고 예쁘더라고요.설치도 미리 안내오고 시간 정해서 설치해주시더라고요쓰던 세탁기도 수거해가시고.작년에 결혼할때 산 워시타워 잘쓰고 있어서엄마집에도 워시타워 사드립니다스팀건조있는 모델을 찾았는데 인터넷 최저가로 잘산거 같아요
5,"설치 잘 받았어요
감사합니다
가전제품 온라인 구매하면서 이렇게 친철하게 고객의소리를 듣는곳은 처음이었어요..
보통 후기가 좋은곳이 cs처리가 매우매우 잘되어 있더라구요..제품의 만족도와 상담이 잘 이루어져 만족도가 다 큰거 같습니다^^
엘지제품 워낙 좋은건 아실테고..
넘 예쁩니다~~
네이버포인트도 많이 주시니 좋은가격에 좋은제품 구매할 수 있을거에요
설치시까지 판매자님이 상담을 잘해주십니다
상담시간이 끝나도 짜증한반 화한번 안내고 고객이 원하는 상담을 최선을 다해 해주시는거 보고 믿음과 신뢰가 같고
다음에도 여기에서 구매할 생각입니다
넘 맘에 들어 후기도 거짓없이 길게 썼습니다"
5,벼르다가 빅스마일데이에 드디어 질렀어요..엘베없는 빌라 4층이라 설치하는데 엄청 고생하셨어요..설치하고 보니 엄청 공간도 넓고 깔끔해진거같아 좋아요..용량도 크고 아주 마음에 듭니다..사용가능하다고 할때까지 기다렸다가 수건 돌렸는데 먼지가 그렇게 많이 나오진 않네요..ㅎ잘 사용할게요..
5,10년전세탁기와 9키로 건조기사용하다용량이너무 작아서 그랬는지 옷이 넘 구겨지기도하고이사하면서 제일큰 용량으로 바꿨습니다크기가 별로 차이가없는데? 생각했는데 눈으로보는거랑다르긴하네요세탁물넣어보니 꽉찾던 세탁기가 널널하네요 ㅎ잘쓰고있습니다설치도 물론 원하는 날짜에 잘 설치 받았구요가전은 역시?!역시입니다 ㅎ d
5,배송지정으로 받았는데 원하는 날짜 시간대에받아서 좋았어요^^ 폐가전 수거도 해주시고 설치도 깔끔하게 잘해주시고 가셨어요~^^ 통돌이만 썼던터라 트롬 세탁기도 첨이고건조기도 첨인데 너무나 기대가 됩니다~!!에너지효율등급도 1등급인 점도 매우 맘에드네요오브제라인과 고민도 했었는데이게 용량이 1kg가 좀 더 커 이 제품으로 선택했네요^^가격도 여기가 알아본 가격중에 젤 저렴해서 좋았습니다 ㅎㅎㅎ
5,"생각보다 배송이 빠르고 전에쓰던 트럼건조기가 가스용이라 가스철거때문에 다음날 다시오시는 번거로움과 수고를 해주셔서 너무감사했어요.
배수문제로 바로바로 와주시는 서비스가 너무 감동.
큰용량을 찾다가보니 딱이네요. 위치도딱이고,
역시 LG트롬 오래도록 썼으면 싶네요
이불빨래까지 완벽했어요"
5,"일요일주문하고 수요일설치했어요
이사하면서 오브제 냉장고와 깔맞춤으로 w17ee 알아보다 금액차이가 백만원 가까이나서 이모델로 결정했는데 만족합니다. 온라인 모델이라고 하는데 기능스펙상 새로나온 오브제모델과 차이가 없다네요. 좁은 세탁실에 설치하느라 수고해주신 기사님들에게도 넘 감사드립니다!"
5,배송처리도 빠르고 토요일에 받아야되서 변경한 날짜에 와서 설치까지 잘했습니다.설치공간 크기 문제로 원했던 자리에서 조금 바꿔서 설치했지만 크게 불편함 없이 되서 만족합니다.확실히 공간을 많이 타니까 사전에 확인은 잘 하는게 필수네요베란다에서 셀프빨래방 냄새 확확 나는게 아주 좋아요
5,아주만족합니다 아이 셋이여서 매일 빨래감이 나오는데 24키로라서 크고 좋네요 이불도 넉넉히 들어가고 남아요~ 건조기 같이 있으니 금상첨화 가전 어두운것만 쓰다 화이트 밝은거쓰니 집이 환해보이고 더 좋아요~~ 싸게 잘샀어요 많이파세요^^
5,"배송 빠르고 설치도 엘지전자에서 나오신분들이 해주십니다. 워시타워가 공간이랑 이래저래 설치가 힘든데도 잘 설치해주셔서 감사하드라고요 여름, 겨울에는 건조기가 빛을 발하고요 앱으로 세탁물 관리도 아주 편하고 좋습니다. 안샀으면 큰일날뻔했고...스팀기능이 있는건데 이것 역시 아주아주 잘쓰고 있습니다. 스팀기능 있는게 좋은거 같아요."
5,애매하다싶으면 사전답사 꼭 받으세요. 오래된 아파트다보니 워시타워 설치를 위해 계량기 올리거나 위치바꾸고 수도꼭지도 옮겨야된다길래 그대로해서 깔끔하게 설치된 모습입니다. 대신 돈은 살벌히 깨졌지만요. 가로73~74cm입니다. 설치기사 따라 설치 못할수도 있습니다. 안되면 다른기사로 요청해보세요.
5,세탁기 건조기 하면 역시 LG죠~ 트롬17kg 11년간 쓰다가 일체형에 건조17kg 나와서 바로 주문했어요~ 그런데 주문하고 울집 문틀이 딱 가로가 70cm라서 걱정했는데 문을 떼고 설치하고 다시 문 달아주셨어요~ 베란다 천장 건조대 없애고 거실에 항상 있던 스텐건조대 없애니 세상 편하고 좋네요~ 시범삼아 이불세탁하고 건조했는데 느~무 좋아요~ 이제 올해 비 많이 와도 걱정이 없네요~
5,"배송이 생각보다 훨씬 빠르네요! 미리 전화주시고 안내 해주신뒤에 방문하시니까 편했어요 그리고 사전답사 신청해서 오셔서 먼저 설치가능한지 보시고 설치해주셨는데 저희집 세탁실이 들어가는 입구가 씽크대 때문에 좁은편이라 설치기사님들께서 정말 고생하셨어요 다시 한번 감사합니다! 그럼에도 잔기스 하나없이 완벽하게 설치해주신거 더더욱 감사합니다 역시 기술자이십니다! 최근 청소기도 LG로 갈아탓는데 이번엔 세탁기, 담번은 냉장고해서 차근차근 바꾸려고요 LG씽큐어플 설치해서 가전등록해서 사용하니 신세계네요! 편하고 기능도 많고 넘 좋아요~엘쥐짱임니당^-^"
5,배송 오래 걸릴 줄 알았는데 일주일만에 왔어요사전답사는 구매 후 바로 금방 왔는데 설치가능하다고 했는데 설치 당일 날 불가능 할 것 같다고 하셔서 멘붕....결국 방법을 찾아서 잘 설치해주셨지만 사전답사 오실 때 더 꼼꼼하게 봐주시면 좋을 것 같아요...당일은 사용하지 말라고 하셔서 아직 사용 전인데 디자인도 깔끔하고 색상도 마음에 드네요
5,"접수후 빠르게 설치 및 폐가전까지 수거 완료 해 주셨습니다.상당히 조용한 편이고, 세탁건조가 한몸이다 보니 스마트폰 제어와 건조기 사전 준비 기능등이 좋네요,10년만 아무문제 없이 사용하기를 간절히 바래요~그리고 대명유통 엄청 친절하십니다."
5,"삼성 그랑데, 엘지 워시타워 또는 오브제 고민하다가 위 제품 구입했어요. 저희집 베란다 천정이 낮아서 답답해보일까 걱정했는데, 생각보다 여유롭고 미관도 괜찮네요. 아직 사용은 안해봤지만, 건조기는 처음 사보는거라 기대도 됩니다. 한달동안 사용해보고 다시 리뷰 작성할게요.
참고로, 배송일정, 연락, 기사님 친절도 모두 만족합니다."
5,항상 엘지전자제품만 사용하는 찐팬이예요아뭏튼 대명유통 판매처에 감사 드려요^^0^^게시판에 올리면 빠른답변과 빠른조치~~빠르게 세탁기 건조기 설치하고 바로 사용 햇어요너무 너무 좋고 행복해요~~다음에 곧 엘지전자 대형 냉장고 바꿔야 하는데여기서 구매해야 할것 같아요감사해요~~많이많이 판매 하세요~~돈~~많이 또 많~~이 버세요~~<
5,그전 통돌이 10년 넘게 썼는데 갑작이 전원이 안 켜져서 영원히 돌아올수 없어 다급 하게 구입..ㅠㅠ 빨래는 3일 밀려 있지 진심 멘붕!!사전 점검 신청도 못했는데 결제 2일후 배송날짜 잡혀서 어쩌나 싶었는데 빨래 산더미라는 말에 일단 오셔서 보시고 설치 하신다고 오신지 40분만에 설치 완료!!설치 자리 좁아서 워시 타워 위로 탈출 하시며 설치해 주셨어요.백점 만점에 백점 드립니다.잘 쓸께요~빠른 배송 설치로 리뷰 안 쓸수가 없어요!!최고!!
5,진짜 잘샀어요.예전에는 옷 빨래통에서 오래 있았는데.. 팔이 아파서 너는 것은 신랑담당이었거든요.워시타워 생기고는 진짜 매일돌리는 것 같아요.그리고.. 기작녀인 제게는 진짜 딱이예요^^세탁기는 lg죠!!!!예전에는 빨래바구니도 꽉꽉찼는데.. 이제는 텅텅이예요.이불과 수건도 자주 빨 수 있어서 정말 좋아용
5,두번이나 왔다가고 안된다고 하더니 설치 되었습니다판매자도 날짜를 잘 미뤄주고... 무조건 안된다고 하는 기사가 있는가하면 된다고 자신하는 기사도 있고 ...우여곡절 끝에 설치 잘 되었습니다마지막 기사분은 받침대도 가져오고 설치를 잘 하시네요1시간 30분 걸리는 세탁이 30분만에 되고 건조기도 구김없이 잘 나옵니다중간에 컨트롤이 있어서 아주 편합니다만족합니다
5,주문다음날도 설치가능 이었지만주말에 설치하려고 토요일로 잡았는데오전일찍 전화오고10시쯤 오셔서 30분만에 설치완료되었네요공간이 애매해서 사야지 사야지만하다가 쿠폰이 좋길래좋은가격에 잘 샀습니다 매우만족합니다많이파세요공식인증판매점이라서인지 더 깔끔한 느낌입니다
5,예정 배송일 날짜에 정확하게! 오셔서 설치 해주셨어요.기사님 매우 친절하시고사전 설치 점검 오실줄 알았는데 안오셔서 매우 불안하였지만다행히도! 기사님이 보시더니 넉넉하네요! 금방 설치 할 것 같다는 말에 불안해소!건조기 사용 처음인데 주변에서 신세계를 경험할꺼라는 말 진짜 였습니다.신세계 였습니다. 곧 장마일텐데 빨래 걱정 덜었네요!제품 깨끗하고 스크래치 하나 없이 잘 설치하였습니다.소리는 시끄럽지도 조용하지도 않고 안방 베란다에 설치했는데 자는데 방해 되지 않았어요.2022년도에 처음 산 가전제품인데 후회 1도 안할것 같아요.
5,배송기사님 너무 친절히 잘 설치해주시고 설명해주셔서 좋았구요14키로 쓰다 24키로 쓰니 정말 크고 넓어요2번씩 나눠하던거 한번에해도 거뜬합니다건조도 잘되요먼지 필터보고 기절할뻔..원래 별도 건조기 없이 드럼으로 세탁후 30분씩 건조해서 썼었는데 .. 살까말까 망설였던게 무색하게먼지양보고 완전 잘샀다고 생각하게 됬어요저처럼 고민하시는 분들 그냥 지르세요 ㅎ
5,"기사님 설치 하다가 기스 났어요
제품이상은 아니고 설치하다 생긴 기스라
..그냥 써야죠..
세탁기가 크고 세탁실은 대부부분 비좁은 편이라
설치시 좀더 주의를 하셔야 할듯합니다

세탁기 크고
건조기 크고
제품은 좋네요
먼지 탈탈 털려서
먼지통에 쌓이는거보면
신기하면서도 속이 후련해져요
뽀송뽀송 뽀득 뽀득~~
아 그리고
건조기 외부에 정전기가 많이 발생하네요"
5,"통돌이 12KG를 꽤 오래 사용했었구요.. 오늘 폐가전수거로 빠이했습니다. ㅜㅜ 오늘 설치하고 워시타워가 이렇게 좋은지 몰랐네요.. 신세계라는 말이 딱이고요.. 특히 비오는날에 건조기를 돌리니 뽀송뽀송하고 좋네요 ^^ 장점만 말씀 드릴게요.. 써본지 얼마되지 않아 두서없습니다... ^^ 워시타워는 일체형디자인 이라 우선 이쁘구요 LG 빠른배송 과 설치예약등도 지정할 수 있어서 좋았습니다. 드럼세탁기 , 건조기 등도 최신이라 그런지 체감속도가 우선 빠릅니다. 이번에 좋은가격에 구입한 것 같아요. 감사합니다."
5,세탁기 10년만에 바꾸면서 워시타워로 구매했어요.세탁실이 좁아 세탁기 자리가 안나올 것 같아 걱정했는데 사전답사도 해주시고 제품 자체에 높이조절 부품이 있어 앞으로 조금 나오지만 바닥이랑 큰 차이가 없어 설치완료했어요. 조심조심 설치도 깔끔하게 잘해주셨고설명도 친절하게 잘 받았습니다.세탁기 소음도 작고 세탁시 건조기 예약버튼이 있어 미리 예열하여 건조 시간도 많이 줄었네요. 빠른 배송 및 설치. 기존세탁기 철거 수거 모두 해주셔서 만족해요.감사합니다.
4,"7년차 통돌이소음이 너무 심해
지인 추천도 있고 큰맘 먹고 바꿨어요
수건은 호텔수건처럼 부드럽게 건조되서
바로 쓸수 있어 장마철 여름엔 너무 편할것 같습니다
단 건조시간이 1시간30으로 길고
전기세 걱정이 되지만 바쁘신 맞벌이 부부에겐"
5,십일절데이에주문해서 12일날 배송설치받았어요~~옆에 보일러있어서 간신히 설치공간 나왔고 보일러 고장이나 교체시에 세탁기 이동해야해서 뜯고 다시 설치하면 20만원 나올수있다는것 감안해서 설치했어요~~기사님도 두분오셨는데 아주 친절하시고 설치고 수평맞춰서 잘해주셨어요~~말로만 듣던 건조기 신세계라던데 정말 그러네요~~용량도 크고 빨래도 깨끗하게 잘되고 시간도 훨씬 단축되고 먼지도 떼주고 너무좋아요~~
5,"구축 아파트라 공간 확보를 위해 도시가스 계량기 철거하고, 세탁 수전도 슬림한 제품으로 교체한 후 워시타워를 들여놓았습니다.세탁, 건조 돌리고 나니 뽀송한 수건 정말 좋네요. 진작 들여놓고 편하게 빨래할 걸 하는 생각이 듭니다!좁은 공간에 설치도 잘해주셔서 매우 만족합니다~^^"
5,워시타워를 고민하던 차에 좋은 가격에 구매할 수 있게 되어 기쁩니다. 세탁기 건조기 일체형이라 매우 편리하고 디자인도 마음에 들어요. 기존에 세탁기에 있던 자리에 딱 맞게 들어가네요. 세탁건조 키로수도 넉넉해서 오래오래 잘 쓸 수 있을거 같습니다. 배송도 제가 예상했던거 보가 빨리 와서 좋았습니다.
5,배송도 원하는날 딱맞춰오고 매우 만족합니다.건조기 안쓰다가 써보는데 왜 진작 안샀나 싶네요. 세탁기도 통돌이만 쓰다가 쓰는데 물도 훨씬적게쓰는거 같고 24키로로 넉넉해서 든든 하네요^^이제 비오거나 장마철이거나 신경안쓰고 ㅋ 빨래할수 있어서 든든합니다^^제품은 정말 너무 이쁘고 소음도 작고 매우 맘에드네요
5,워시타워 사보는데 세탁기와 건조기를 따로 포장 되어서 와서 결합하는거더군요. 정해진 날짜에 사전답사도 와주시고 설치배송도 오고 좋았습니다. 워시타워 사용해 보니 만족합니다. 건조기 처음 써보는데 뽀송뽀송하게 수건 잘 마르네요. 용량도 커서 빨래 많이 할 수 있습니다. 와이파이 연결되서 핸드폰으로 종료 알림도 오고 편하게 사용할 수 있습니다. 잘 사용하겠습니다.
5,협소한 공간이었는데도 기사님들이 최선을 다해 설치해주셨어요 더운날씨 고생해주셔서 넘 감사했습니다. 또 원하는 시간에 방문해주시고 사전설치답사도 잘해주시고 제품도 넘 커서 두꺼운 이불 빨래도 여유공간 있을정도네요 건조기도 이붍털기기능도 있고 넘넘 마음에 듭니다 암튼 강추입니다!!!
5,"주문하고 일주일 안으로 배송 받았어요LG기사님들 두분이 오셔서 잘 옮겨주셨고,설치도 잘해주셨습니다세탁실바닥이 높이 단차가 있었는데그 단차또한 잘 맞춰서흔들림없이 아주 잘 설치해주셨습니다마지막에 사용방법이나 주의사항 등 외 여러가지알려주셨어요너무 잘 산것같아요저녁 시간에 세탁기를 돌리는 일이 많은데진동이나 소음이 적어서이웃에 피해줄일도 없을 것 같아요만족합니다~~♡"
5,사전답사도 오셔서 꼼꼼히 봐주시고좁은 공간에 설치도 설명도 너무나 잘해주셨어요.세탁기 고장나서 빨래방 다니다가5년도 안쓴 세탁기 버리고 워시타워 구매했는데 생각보다 커서 놀랐지만 조용하고 넘 좋네요. 잘 선택한거 같아 만족스럽습니다.
5,"빅스마일데이 덕분에 젤 큰 용량으로 구매해보았습니다.용량이 커서 세탁실 꽉찰줄 알았는데 기존에 삼성꺼 16,9 세탁기 건조기 썼는데 왠걸 그것보다 슬림해보입니다. 설치하고 이불빨래 하는데 넉넉하고 넘 좋네요. 소음도 훨씬 작아요. 잘 관리해서 오래 잔고장없이 잘쓰면 좋겠어요~^^"
5,오래된 드럼세탁기 고장으로 고민끝에 사게되었어요정말 건조기는 신세계입니다!!어쩜 이리 뽀송해지는지요~그동안 까칠까칠하던 수건이정말 새수건으로 탈바꿈되었어요이렇게 된다는게 매직수준입니다~설치기사님도 더운 날씨에 고생많으셨어요 작동방법 자세한 설명도 감사했어요부디 고장없이 오래~~잘 쓰면 좋겠어요
5,"최고 용량(24kg, 17kg)에 흰색이 비선호 제품인지... 할인율 최고네요. 너무 좋은 가격에 타워모델에 스팀기능까지. 맘에 드네요. 배송설치도 평일기준 3일. 너무 빨랐어요.집구조 때문에 세탁기단 위치에 설치 못하고 베란다 중간에 설치했지만... 나름 베란다가 넓은 편이라 공간활용 되면서 괜찮아요.좋은 가격에 최신 기능... 좋네요."
5,세탁 후 건조기로 ？I게는 몇십분 후 옷을 바로 입을 수 있어서 너무 편리하네요 간혹 건조 후 옷이 줄어드는 경우가 있는데 크게 신경쓸 정도는 아니에요 줄어드는 옷감은 시간을 짧게하고 건조대에 조금 널어 두면 옷감 상하지 않고 줄어들지 않더라구요 사용하다보면 노하우는 생기네요정말 너무 편리합니다
5,"오~~ 주문하고 바로 다음날 배송 받았어요.통돌이 쓰다 이사하면서 가전교체 했어요.큰용량인데 할인 많이 받아서 진짜 최저가에 산듯해요.기사님들도 오셔서 친절하게 잘 설치해주셨고 설명도 잘 해주셨어요.s사 꺼랑 고민하다 장점이 더 많은 LG로 했는데 세탁기능, 건조기능 만점이네요.다만 세제양 조절을 자동으로 해주는 기능이 없어 아쉽네요.작동도 쉽고 만족합니다~^^으뜸효율 가전환급 때문에 거래명세표 요청했는데 이것 또한 빠르게 서류 주셔서 신청까지 완료했네요."
5,설치하고 싶은 날짜를 지정해놨는데 당일 이른시간에 전화하셔서 설치전 기사님이 사전확인했냐고 안했으면 그것부터 진행되어야 할것 같다고 하셔서 그날은 설치공간이랑 전기부분만 확인하고 가시고 다시 일정 잡아 설치 했습니다. 시간도 미리 전화해서 맞춰주시고 설치하시는것도 원하는대로 최대한 맞춰서 정말 친절하게 설치 잘해주셨어요. 용량이 커서 안이 깊어요. 겉은 이쁘고 깔끔하고 생각보다 조용하고 소요시간도 짧고 건조기도 정말 좋아요~ 만족하면서 잘 사용하고 있습니다.
5,"아주 좋네요
중앙에서 세탁기, 건조기 함께 콘트롤되니
너무좋아요
스마일클럽 가입하고 더 저렴하게 샀어요
다가올 장마에 빨래 걱정덜었네요.
사다리차 요청하고
기존의 고장난 세탁기 수거요청했습니다.
LG설치 기사님이 친절히 설치 잘해주시네요.
대명유통 추천합니다."
5,"10년 쓰던 세탁기 이사하면서 세탁조청소의뢰했다가 고장진단받고 새로장만하게된 워시타워!오브제랑 고민하다 그냥 화이트로 결정 사실 가격차이때문에ㅜㅜ 그돈으로 청소기까지 같이 바꾸고 만족합니다.
화이트 깔끔하니이뻐요 세탁실이 환해졌어요^^^"
5,"주문하고 바로 배송받아서 사용하고있습니다. 배송 및 주문처리과정이 너무 빨라서 깜짝 놀랐습니다. 제품 설치관련해서 사전점검때 다소 난관이 있기는 했으나 무사히 설치 잘됐고 설치해 놓으니 깔끔하고 좋네요. 예상외로 세탁 건조 시간이 오래걸리지 않고, 건조기능도 대만족입니다. 심플하면서도 세세하게 설정할수 있는 제품이라 만족도 높고 빨래에 대한 부담이 전혀 없어서 강추합니다."
5,"우선 쿠폰으로 저렴하게 구매해서 좋았어요!!배송도 생각보다 빠르게 왔고 오시기 전에사전 전화 예약도 주시고 폐가전도 미리 물어봐주셔서 수거까지 깔끔하게 해 주셨어요!!신형이라 그런지 부피는 작아졌는데용량은 최대여서 더없이 좋아요!! 오자마자 세탁 돌리는 중 입니다^^배송, 가격, 디자인, 제품 전부 만족해요!!믿고 사는 LG!! 요근래 소비 중 제일 현명했네요^^"
5,이사하면서 정말 큰 맘먹고 워시타워를 구매ㆍ설치 완료했어요. 날씨도 추워지는데 빨래걱정이 쏵 줄어드네요.기사님 두분이 오셔서 어찌나 깔끙하고 반듯하게 설치를 해주시던지 정말 감사했습니다.화이트 너무 깔끔하니 예뻐요.
5,"개인적이 취향으로 세탁기와 건조기를 따로 구입하려 했는데, 일체형을 사니 기능조작부가 가운데 있고 건조기가 연동되어 편리해요.
사실 건조대에 정갈하게 빨래 너는 걸 좋아해서 내 사전엔 건조기는 없다.라고 했었는데,
역시 있으니 넘 좋아요. ㅎㅎ
일단 줄어도 상관없는 수건만 건조해봤는데
뽀송뽀송하니 정말 좋네요.
직장 동료가 앞으로 모든 빨랫감이 건조기에 들어갈거라고 하더군요.ㅎㅎ
참, 세탁기/.
다운로드 코스에 정말 많은 기능이 있어 꼭 사용할 예정입니다. ^^
설치도 친절하고 깔끔하게 해 주셔서 감사합니다~^^"
5,사전답사 기사님은 메뉴얼대로만 말씀하시니기존 세탁기 위치(배수관 옆쪽) 설치 불가하다고만 하셔서 기분이 좋지는 않았습니다ㅠ같은 아파트 분들은 다 설치를 이미 했고 잘 사용하고 계시기에..혹시나 하는 마음에 다음날 배송을 받기로 했어요. 설치기사님들은 배수관 앞쪽으로 빼면 충분히 설치 된다고 하셨고요~ 비록 다용도실은 좀 좁아지긴 했어도 친절하시고 너무너무 잘 설치해주셨어요잘 사용하겠습니다~
5,편한 세탁이 가능해요. 소리도 조용하고 완젼 잘 산것 같아요.오자마자 3일치 모아놓은 빨래 흰색 검은색 나눠서 돌리고 신랑 이불 빨래 돌리는 중이예요. 건조기까지 쓰니 정말 제 삶에 행복을 주네요.ㅠㅠ 거기다 1등급이라니....
5,"오브제 컬렉션과 고민하다가 구입하게된 제품~표면관리도 더 나을것 같고, 화이트라 무난하고, 싸이즈는 같은데 건조기도 1kg 더 많아서 선택했는데, 저렴하게 잘 구입했네요~세탁 건조도 잘되고 조용해서 좋아요^^단점은 아직 발견 못했어요~"
3,"배송지정일 변경했는데 이상한 날짜로
잡혀있어서 다른날 받게 되었습니다
공사가 일찍 끝나서 다행이지
안그랬으면 세탁기를 제대로 설치도 못할뻔 했네요
사전답사때 멀티탭 필요하다는 얘기도 안하셧는데
당일 필요하다고 말씀하셔서 중간에 멀티탭사러
갔다왔네요."
5,"11일 토요일에 주문하고 14일 화요일에 설치 받았으니 2일만에 설치 받은거네요. 세탁중인데 소음도 크지 않고, 용량도 커서 아주 두꺼운 솜이불만 아님 다 세탁 가능하다고 하시네요. 설치기사님들 두분 다 너무 친절하셔서 설치 받는내내 더 기분이 좋았어요. 흰색이 라 깔끔하고 예뻐요."
5,"이사를 하면서 주문해서 이사하고 나서 잘 설치 받았습니다.
전날 카카오톡으로 설치 시간 등의 알람이 왔고, 당일 아침에도 카카오톡 알림과 해피콜을 받았습니다.

매우 친절하게 해응해주셨고, 설치도 적절한 위치에 잘 해주셔서 굉장히 만족했습니다.

무엇보다 디자인이 정말로 집이랑 잘 어울려서 좋았고 좋은 제품을 저렴하게 살 수 있어서 좋았습니다!"
5,"너무 만족합니다!!세탁용량도 크고 건조기도 크니~ 이불 빨래도 걱정없네요~
역시 가전은 lg입니다! 통돌이만쓰다 드럼으로 넘어온건데 세탁 잘되고 건조도 아주 바싹~ 말라서 좋아요~ 오브제랑 고민하다 가성비를 선택했는데 진짜 맘에들어요 ~추천합니다^^!"
5,"건조기 구매에 대한 고민이 많았어요.S사와 고민하다가 엘지 워시타워로 구매했는데 넘 만족스럽습니다.외관 깔끔하고, 워시타워라서 건조기 안에 든 빨래감 꺼내는데도 힘들지 않구요.세탁기, 건조기 모두 1등급이고 성능 좋네요!특히나 건조기는 없다가 써보니까... 이건 뭐~ 빨래 혁명입니다 ㅋㅋㅋ 안 널어도 되고 (빨래양에 따라 다르지만) 1시간 내외면 바짝 마르니^^ 너무 좋아요~~~가격도 착하고, 엘지 배송 서비스도 좋고.모든 면에서 만족스럽습니다!!"
5,수전과 세탁실단을 바꾸지않았으면 설치불가했을꺼예요다행히단공사도하고 해서 세탁기바꿨네요비오는날 설치받았는데 고생많이 하셨어요화이트라넓어보이고 좋습니다가운데 컨트롤하는게 있어서 넘편해요 만족하며씁니다
5,결제하자마자 바로 설치~~~제가 사정이 생겨 하루 미뤘네요.베란다가 좁아 걱정했는데 딱 들어갔어요.좁은 공간에 물건 넣고 수평 맞추느라 기사님이 고생 많으셨네요. 옛날 드럼이라 많이 시끄러웠는데무척 조용하네요 이건굿굿입니다.
5,주문하고 오래 걸릴줄 알았는데 바로 받았어요. 집에서 쓰던 건조기가 1세대라 9킬로짜리 쓰다가 17킬로 쓰니 대박 편하고 좋네요 이불빨래도 속시원하고요. 크기가 안들어갈까봐 조마조마했는데 딱 들어맞네요. 예전에는 건조기 키트를 사용해서 세탁기 건조기 2층으로 구성해서 썼는데 워시타워로 붙으니까 건조기에서 꺼낼때 힘들지도 않고 좋네요
5,따로 살까 워시타워로 살까 고민 많이하다가 주문했는데..세상에 이쁜것뿐만 아니라 워시타워 건조기가 진짜 너무 좋네요 세탁시간도 확줄고 건조기 사용시 옷감 상하고 줄어드는 현상이 거의 없어서 쓰면 쓸수록 넘좋다규 감탄 중이에요!!정말 lg제품 늘 좋은거 알았지만 이번에 진짜 한번 더 감탄했어요!!!워시타워 정말 좋네요!!
5,"설치한지는 2달 좀 넘었어요. 삼성으로 사려다가 주변에서 엘지가 좋다하여 구입했는데 굿 쵸이스였어요. 몇군데 백화점이나 베스트샵 매장 다녀보고 오브제로 잠깐 끌렸다가 칼라 들어갔다고 꽤 비싸고 세탁실에 둘 건조기세트라서 가격, 품질따져서 참 잘샀다 싶습니다. 대/만/족~!!!!!!!!가전은 진짜 엘지인듯."
5,"건조기는 신세계입니다.. 통돌이 쓰다가 드럼 거품에 적응을 못해서 한동안 고생했는데, 드디어 적정 세제량을 찾았어요. 그동안 제가 세제를 때려붓고있었다는 걸 알았습니다. 그후로는 트윈워시 만족감이 아주 높아요. 공간이 협소한데 사전답사 받고 조언에 따라 공간확보 한 후에 설치했습니다. 기사님들 넘 친절하셨어요. 한달 지났는데도 잊지않고 사은품으로 세제 주셔서 감사한 마음으로 리뷰 남깁니다^^"
5,"너무 마음에 듭니다.



넥스트레벨 된것 같아요



기사님들도 설치 잘해주셨구요.



설치 안될가 우려햇는데 딱 되네요



신발건조대가 있는줄 알았는데, 없는모델이네요. 따로 구입은 가능하다고 하니간 혹 궁금하신분 참조



잘 구매한것 같아요"
5,주문하고 일주일도 안되서 설치까지 마무리했어요ㅎ세탁실 입구가 좁아서 사전방문서비스 신청했는데 다행이 창문으로는 가능하다셔서 이틀뒤 바로 설치했어요~ 12년 묵은 세탁기 보내고 드뎌 신세계를 맛봐요^^설치도 아주 만족스럽고 세탁기건조기도 넘 좋아요~
5,원하는 배송일자에 깔끔하게 설치도해주시고 만족스럽습니다세탁 건조 소리도 많이 조용해져서 만족스럽고기존에 썼었던 분리되어있던 2단 건조기 높이보다 낮아져서 사용하기가 휠씬 좋아졌네요아직 돌려보지는 않았지만앞으로 이불세탁건조가 가장 기대되네요 ^^
5,"이전에 사용하던 드럼이 눈물을 흘리고 춤을추고...보내달라고 계속 칭얼거려서 보내드리고 LG워시타워로 집사람 임신 기념 선물로 사줬는데 너무 만족하네요.기존에 있던 세탁기보다 빨래면 빨래, 건조면 건조 더 잘된다고 만족감이 매우 높습니다.역시 가전은 LG네요^^"
5,워시타워 들이고 나서 빨래가 즐거워요. 울코스로 건조하니 건조 안되는 옷이 거의 없는 것 같아요. 1시간 30분이면 많은 빨래도 건조되고 건조기 없을때 빨래 너는 시간에 빨래를 개니까 집안일 시간도 줄어들고 너무 좋아요. 디자인도 깔끔하고 완전 만족합니다. 기사님도 친절하셨어요.
5,건조기를 사고싶지만 통돌이 때문에 못사고 있었는데 작년 워시타워 출시부터 일체형으로 조작부가 가운데 있는것도 마음에 들어서 고민하다가 이번에 통돌이를 보내주고 장만했어요! 역시 lg기사님들답게 페가전수거부터 설치까지 잘 해주고 가셨어요
5,원래는 다른사이트에서 오브제 신청했는데 배송이 4월 말이라고 해서 가장 빠른 배송물품으로 주문했어요.주문 다음날 아침에 콜로 시간 알려주시고 시간 맞추어 방문해 주셨어요. 다용도실 선반도 분해해 주시고 정말 친절하게 고생 많이 하셨어요. 스탠드김냉땜시 좁은 공간에서 설치로 죄송스러웠네요아주 말끔하게 설치해주시고 이제품은 유광이라 관리가 편하다네요. 지금 이불 돌아가는데 건조기 엄청 기대됩니다.감사합니다. 공간이 좁아서 사진찍기 힘들었는데 설치가 참 힘들었을 듯...
5,부모님효도선물로샀는데 대만족입니다설치해주시는분들이 애프터까지 확실하시고 무엇보다 친절하세요 삼성과 엘지중고민많이 했는데 콘덴서자동세척부터 국내생산까지 너무마음에 쏙듭니다 앞으로 엘지가전만 이용하겠습니다짱짱
5,"시간 맞춰서 설치가 되었네요. 기사분들도 친절하고, 사용설명과 주의사항등 설명해주시면서 좋은제품 받게 된거 같아요. 색깔도 예쁘고 기능도 다양해서 한 동안 기능 공부에 빠져 있을듯 합니다. 시범적으로 이것저것 사용해봤는데 만족합니다. 역시 편리하고 좋은 제품이네요."
5,워시타워는 세탁과 건조기 따로 분리되어 직렬 설치가 아니어서 훨씬 높이도 낮고 사용하기에 수월합니다. 소음도 생각보다 적구요~ 무엇보다 예전 건조기에 비해건조되는 시간도 절약되어서 정말 좋아요. 넉넉한 세탁 용량과 빠른 건조가 이 워시타워의 장점인것 같아요~ 아직 단점은 발견하지 못했어요 ㅎㅎ
5,빠른 배송에 친절한 설치기사님 저렴한 가격 너무너무 만족합니다.세탁기가 고장나서 내일설치가 맘에 들어 구입했는데~(다른사이트는 1~2주소요)일체형으로 키가 작은 저에게는 딱 맞는 세탁기입니다. 작동이 편하고 다양한 기능에 무엇보다 이불털기 너무너무 맘에 듭니다.생각보다 소음도 적고 문닫으면 별로 소리나지 않습니다. 저는 카드할인에 쇼핑딜에 엄청 싸게 샀습니다.
5,"쓰던 오래된 통돌이 보내고, 워시타워로 갈아 탔는데 아주 좋아요, 건조기는 신세계네요. 설치도 바로 쓸 수 있게 세팅하고 가셔서, 퇴근하고 들어 와서 바로 세제 풀었습니다. 기사님들 고생하셨습니다. 성가신 이불빨래 이젠 걱정 없겠습니다. 득템했네요. 잘 쓰겠습니다. 생활가전은 엘지..."
5,집에햇빛이 잘들어오지않아 빨래가 잘 안말라요 장마철도 다가오고해서 장만했어요 세탁실이 좁아 설치될까 고민했는데 가로71cm밖에 나오지않았어요 근데 기사님들이 잘설치 해주시고 갔네요 아직써보지 않았지만 좋을꺼 같아요
5,벼르고 벼르다 이번에 구매하게 되었는데 역시 건조기가 신세계네요!!세탁실이 좁아서 설치도 꽤 어려웠는데 기사님들이 알아서 척척 잘 처리해주셨습니다~세탁기는 아직 전용세제가 없어서 사용은 못해봤으나 역시 만족스러울거라 기대합니다!!
5,"안녕하세요 ~세탁기와 건조기를 실내에 설치 해야해서고민이 많았는데,이걸로 선택하길 잘 한거 같아요화이트 색상이라 좁아 보이지도 않고 냉장고는 실버라서 안 어울리면 어쩌나 했는데화이트라 다 잘 어울려요실내라서 소음 걱정도 많았는데생각보다 괜찮더라고요 ~!"
5,"세탁실이 좀 좁아서 걱정했는데 친절히 사전점검에 위치 선정까지무엇보다 워시타워가 세탁,건조기 일체형보다 높이가 작아 너무 만족합니다 너무 위에까지 있음 답답할뻔 했어요그것만으로도 좋았는데 대용량에 이쁜 디자인세탁실 자체가 밝아졌어요 계속계속 보게되네요^^무엇보다 판매자님께도 감사드려요 많은 질문에도 빠른응대와 친절한 서비스로 배송날짜도 변경했는데다음날 바로 배송받을수있게 해주시고무엇보다 최저가!!하이마트,삼성,lg프라자 다 보고 비교해서 고른거라 젤 만족합니다!!"
5,"3년 전 세탁기 21kg 건조기 14kg 최신형으로 300 넘게 주고 샀는데 이번에 이사하면서 친정 드리고 급 주문한 워시타워입니다. 가격 괜찮고 바로 다음 날 설치가 가능해서 구입했는데 오셔서 세탁기, 건조기 뚝딱 연결하시더니 설치해주고 가셨어요. ㅎㅎ완전 추천합니다~~ ^^"
5,평소 건조기에 대해 부정적이었는데 요즘은 이런 걸 선호한다기에 선택 했는데 건조시켜 보니 완전 신세계네요. 세탁기 근처도 안오던 우리신랑이 나보다 더 자주 돌려요. 이불 빨래도 더이상 세탁소 안 맡겨도 되고 너무 좋아요. 좁은 베란다에 설치하느라 고생하신 배송기사님 쓰던 세탁기도 수거 해 가시고 친절한 설명과 뒷정리도 깔끔하게 해주시고 정말 감사 했습니다.
5,"와사장님 이렇게하면 남는게있나요 ?
기존에 세탁기 와 건조기 사용하다가 이사간집에 두개동시설치가 안되어 새로 구매하였는데 너무맘에듭니다.
좋은가격에 사고 설치도잘되고요.
잊고있다가 오늘 갑자기 세제택배가왔는데 아무리찿아도 구매안했는데 있길래 찾다보니
사장님이 보내주셨네요???
너무감사합니다
잘쓸게요 사장님 대박나세요."
5,배송은 원하는 날짜에 해주시고 두분이 오셔서 설치해주셨네요. 통돌이에서 드럼으로 바꾼거라 궁금한거 많았는데 다 대답 잘해주셨네요. 세탁은 물론 잘되고 건조기에 수건을 말렸는데 진짜 좋네요. 먼지가 엄청나왔어요. 이래서 건조기가 좋은건가봐요. 오래 잘쓰면 좋겧어요
5,설치전 사전조사를 오시는걸로 알고 있었는데 바로 배송해주신다 해서 그런가보다했는데 당일날 7층까지 가지고 오셨다가 자리가 협소해서 안된다고 하셨을때 일부러 휴무까지 잡은 저로썬 기분이 무지 안좋았습니다ㅠㅠ 추가적으로 넓힘 공사를 하고 5일후에 드디어 설치 받고 나니 기다린 보람이 느껴집니다
5,드디어 기다리던 워시타워님이 집에 입주하셧습니다 ㅠㅠ 한달하고 일주일 기다렸ㅇㅓ요...샷시때문에 애많이 먹었는데 설치되는 모습보니 든든합니다♡단점아닌 단점을 꼽자면 세탁기 문여는 방향이 입구쪽이라서 좀 불편하다는거? 양쪽설치가 되면 더욱 좋은제품이겠지만 다른 워시타워보다 저렴하게 구입하였으니 만족합니다^^건조기도 너무 잘되구요^^애껴쓸께요^^
5,제가 요청드린날 오전에 LG기사님이 전화 오셔서바로 설치해 주셨어요.기존에 LG에어컨 실외기 하고 워시타워 설치는 찰떡궁합이네요.사실 설치가 되려나 긴가민가 했거든요.정말 이 베란다 공간에 워시타워 말고는 다른 대안은 없는것 같아요.
5,사전답사 받고 진행했고요세탁실 턱이 있어서 앞에 설치했지만워시타워가 답답해보이지 않고요꼼꼼하게 호스정리까지 잘해주셨어요설명도 친절하게 해주셨고요다음날 사용해보니 소음도 거의못느꼈고타올먼지보고 사길잘했다 생각했어요
5,통돌이만 쓰다가 이사하면서 큰맘먹고 구입했어요 배송도 미리 말씀드렸더니 이사날짜 맞춰서 보내주셨어요 당일엔 설치 기사님들 세분이 오셔서 뚝딱 설치 해주시고 사용법도 자세히 알려주시고 가셨어요~왜 이제샀나 싶을 정도로 워시타워 사용해 보니 너무 편하네요삶의 질이 향상됐습니다 ㅎㅎ 세탁끝나는 시간에 맞춰 건조기 바로 사용할 수 있도록 세팅 할 수 있고 건조도 너무 보송보송 잘돼요~~요즘 자꾸 빨래 하고 싶게 만드네요 ㅎㅎ 배송도 상품도 너무너무 만족해요~~역시 가전은 LG네요 ㅎㅎ
5,"지정일자에 배송해주셨구요. 설치,제품 만족합니다. 삼성꺼랑 고민했는데 드럼세탁기는 엘지트롬이죠..ㅎ 건조기 첨 써보는데 아주 좋아요. 줄어드는거 없고요..한 3일 쓰고보니 먼지가 많이 쌓여있네요. 필터청소자주해주세요. 엘지씽크앱인가 그걸로 해보려는데 아직도 못해보고 있어요. 세상 참 좋아졌어요ㅋㅋ"
5,"배송지연이라고해서 걱정했는데 일주일정도만에 배송온다고 연락왔어요. 이틀 미뤄서 이삿날에 받기로 했고 배송기사님께서 미리 연락주시고 원하는 시간도 딱 맞춰주셔서 잘 받았어요!
디자인도 마음에 들고 세탁실에 사이즈도 딱이에요. 아직 5일정도밖에 안써봤지만 세탁기 건조기 불편한 것 없이 잘 쓰고 있고 건조기쪽에 먼지 쌓이면 제거하기도 편리하고 넘 좋아요!"
5,"베란다가 좋은데도 설치기사님들 와주셔서 너무 친절하게 설치해주셨어요~
일자형으로 설치하니 너무 깔끔하고 사용하기 편하네요~
세탁기랑 건조기랑 세트라서 베란다 인테리어 다른 것 없이 이것만으로도 인테리어 효과 있어요~
소량 세탁 금방되고~ 대량 세탁도 세탁 깨끗하게 됩니다.
세탁 끝나고 건조기로 바로 직행하기 너무 편합니다."
5,"이사 일정에 맞추어 정확하게 설치 완료해주셨습니다. 옛날 아파트에 다용도실에 좁아 설치가 걱정이었는데 세심한 부분까지 확인하셔서 설치해주셨어요. 그리고 사용 방법까지 아주 꼼꼼하게 설치해주시고, 설치 후 나오는 박스나 스티로폼도 수거해 가주셨습니다. 세탁기나 건조기 모두모두 너무 만족합니다."
5,일부러 24 17 찾아서 구매했는데 정말 넉넉하네요ㅎ 베란다에 세탁기 올리는 단차부분 사이즈가 약간 부족한듯해서 설치기사님이 두번오셨는데 아주 잘 해주셨고 친절했습니다! 겨울되니.동파관련 문자도 오네요. 다만 시간예약방법을 몰라서...사용못하고 있는데 예약기능이 있는데 제가 못찾는거겠죠 ㅎㅎ
5,"배송은 3일 빨리 왔구요. 설치도 잘해주시고.테스트하는데 빠르고 소음도 덜하네요테스트 해보니 수건이 이렇게 뽀송할줄이야. 너무 너무 좋아요동시에 세탁,건조도 되니간 훨씬 편해서 좋아요공간도 덜 차지하고 대만족입니다^^"
5,몇 달을 앉기만 하면 삼성그랑데.lg 트럼워시.건조기세트만 검색했다.매장도 이마트.엘지.하이마트 방문도 하고...그 만큼 신중에 신중을 아니 견주고 또 견주고?? 해서?? 나의선택은11번가 대명유통!~금요일 낮 주문했는데? 월요일? 배송이? 딱!~ 주말 안꼈으면 하루만에 받은격!..기사님? 두 분 엄청고생하셨습니다!
5,처음으로 세탁 간조기 쓰게 되었습니다.집도 좁은데 기사님들 설치도 잘 해주시고사용법도 설명 해주셔습니다.이번이 에어컨에이어서 두번째인데 제품설치 잘 해주셔서 고생 많으셨네요.앞으로도 대명 유통에서 거래하고 싶네요.번창 하세요그런데 건조선반 때문에 무의 드렸는데 좀불친절 한게 기분이 좋지는 않네여
4,삼성 제품보다 높이 깊이가 다 작아서 여성들이 사용하기에 딱 좋습니다. 삼성 제품은 실제로 사용해보시면 알겠지만 키가 좀 커야하고 팔이 길어야 수월합니다.세탁하구 건조기가 거의 일체형이라 컨트롤도 쉽고 성능도 좋습니다.초기 불량만 안걸리면 추천합니다.
5,"세탁이 잘 되는건 말할 것 도 없고,건조기가 붙어있어서 너무 편합니다.특히 세탁시에 건조세팅 해두는게 제일 편해요세탁 옵션 생각하면서 적용하는게 귀찮았는데 세탁한거에 대한 건조설정 미리 세팅 해두고, 세탁후 바로 건조기 넣고 시작 누르면 되서 바쁜 직장인에게 최고의 세탁기+건조기 인 것 같습니다."
5,"LG워시타워 신세계네요드럼세탁기, 건조기 모두 1등급으로가족5인 등 조건충족 시 10%환급도되네요.디자인 좋고 기계 높이도 낮아져서 좋아요.카드할인 받아 더 저렴하게 샀어요.대명유통 주문 3일만에 설치문자 왔고궁금한 점이 있어 대명 고객센터 문의시 응답도 빠르네요"
5,먼저 딱 지정일에 배송 되었고 워시타워 설치 가능한지 사전 답사도 해주셨어요. 판매처 응대도 바로바로 되었구요 감사합니다 일단 오브제 워시타워랑 여러번 고민 끝에 이 제품을 선택 하였는데 오브제 색깔이 너무 이쁘지만 이 제품이 2021년형이구 용량도 큰데다 트루스팀 기능 장착으로 마지막에 이 제품을 선택하게 되었습니다. 일단 통살균으로 시범 적으로 해 보았고 빨래도 잘될거라 생각 됩니다. 친절한 기사님들이 잘 설치 해 주셨고 좋은 제품 아껴서 잘 써야겠어요 감사합니다 !
5,일체형은 나중에 둘중 하나 고장 났을 때 번거롭고 일이 커질 것 같아 망설였네요ㅡ근데 보니 두개를 연결한 형태라 직렬설치라고 보심되세요 중간에 키트없으니 공간 절약되고 슬림하고 너무 좋네요 ♡♡오늘 받고 부슬부슬 비오는데 바로 가동중입니다 오예~~^
5,"조용하고 진동도 별로 없습니다.특히 건조기의 경우 걸리지는 먼지가 생각보다 훨씬 많습니다다섯번정도하면 종이컵 란컵정도 될것 같습니다 여름 장마철 빨래 걱정이 싸....악 고맙습니다. 제작자 엘지, 설치해 주신문, 판매자, 모두모두 발전하세요 !"
5,결제하고 이틀만에 설치까지 마무리 되었습니다 너무 빨리와서 아직도 실감이 안나지만 암튼 좋네요 ^^ 배송기사님들 좁은 세탁실에 설치하시느라 수고 많았고 친절하셨구요. 사용방법 세세한건 차차 알아가기로 하고 우선은 이불빨래 건조해보고 있어요!
5,배송날짜에 맞춰 잘받았습니다. 설치가 생각보다 꽤 걸리더라구요 그런데도 두분이서 잘 설치해주시고 설명도 해주시고 가셨습니다 지금 건조기도 돌려보고 세탁기도 돌리고 하는데요 조용하고 세척도 잘되고 건조기는 진짜 넘 좋아요 수건이 뽀송뽀송해요~
5,오래된 통돌이를 버리고 샀는데 설치도 잘해주시고 설명도 잘해주셨어요 오자마자 수건 이불 건조기 돌렸는데 세상에나.. 여지껏 이런걸 쓰며 살았더니.. 모르면 몰라도 알고는 더이상 건조기 없이는 못살것 같아요 너무 좋아요
5,음…. 아주 좋아요! 트루스팀있는것과 없는것 둘중에 고민하다 이왕사는거 트루스팀있는걸로 했는데 잘한 선택이었다고 봅니다! 세탁잘되고 건조(스팀건조)잘 되고 여러모로 좋네요 ! 눈에 보이지않는 바이러스는 박멸이 됐는지는 모르겠지만 세탁 후 스팀건조하니 완전 뽀송합니다! good!
5,디자인과 색상이 심플하고 모던하고 좋았습니다일단 기능도 너무 좋았고 무엇보다 다이렉트가 맘에 들었어요 빨래를 하면 시간이 너무 많이 걸려서 다른 일을 못했는데세탁이 끝난 동시에 바로 건조가 가능해서 빨래를 빨리 끝내고 다른 일을 할 수가 있어서 좋았습니다
5,배송날짜 지정해 원하는 날에 받았습니다기사님 너무 친절히 설치 잘해주시고 설명도 하주시고 갔어요감사하네요~일단 하나 패널로 양쩍 조절 가느해 키작녀인 제가 쓰기 너무 좋아요삼성 세탁기 건조기 직렬설치한 동생은 건조기 꺼낼때 발판에 올라가더라고요 ㅋㅋㅋ이제껏 통돌이 쓰다 넘어왔는데느낌적인 느낌으로 빨래도 잘 되는 것 같아요너무 좋고 만족스럽습니다
5,기존 통돌이 세탁기가 말썽이라 그 동안 빨래감도 밀려 있을뿐만 아니라그동안 스트레스 받은거하면 사장님 번창하세요 배송이 너무 빠르다 저희가 오히러 배송을 미뤘다.기사님도 친절하시고 설치하는데 너무 편하게 환경구조가 되었다고 잘 사용하시라고금방 설치하고 꼼꼼히 여기저기 보시고 갔습니다.이제 밀려있는 빨래감부터..빨리...가동을...뿅~~자세한 내용은 제 블로그에 올려놨어요..(광고절대 아님)세탁기 밑바닥작업 너무 힘들게 해서..https://blog.naver.com/gonsoo21c/222370191176
5,일단 방금 받아서 사용해봐야 알겠지만 가격부분이나 서비스부분이나 배송이나 순조롭게 진행되고 아주 만족스럽습니다. 이것저것 설명도 잘해주시고 일단 이쁘고 제품도 괜찮은갓 같네요. 망설이지 말고 빨리 구매 할 걸 그랬습니다
3,"건조기를 돌릴 때 생각보다 오래 걸리기도 하고, 돌리고 나면 세탁실 안에 수증기가 꽉 차서 놀랐네요. 세탁실에 큰 창문이 있으면, 창문을 열어 두면 괜찮을 수도 있겠지만, 없다면 뭔가 수증기를 제거하는 장치가 필요합니다."
5,아주 잘 쓰고있습니다~ 장마철 대비해서 건조기가 꼭 필요했는데 정말 삶의질이 달라지네요 ㅎ 이불 먼지 털어주는것도 완전 좋구요 ㅎㅎㅎ 대명에서 구매해서 네이버 포인트도 많이 받을수있어서 더 좋은것 같습니다. 👍👍👍
5,2월8일 주문 2월10일 기사님 사전 벙문했고 오늘 2월14일 배송&설치 받았습니다.일단 좀 오래된아파트 다용도실에 설치해야하니까 사전 방문기사님께서 사다리차써야한다고했어요.2월14일아침일찍 전화오셔서 배송시간이 알려주셨습니다.약속한시간에 오셔서 친절하게 설치해주셨어요...전에 다용도실에 있는 세탁기랑 작은기침 냉장고도 꺼내주시고 참 수고많아습니다..기사님 두분 너무 친철하고 잘설치도 해주시고 또 사용방법 잘 설명햐주셨어요...설치고나서 너무 예쁘고 맘듭니다.아직 사용전지만.벌써 너무뿌뜻합니다..
5,13일에 주문하고 16일에 설치 받았습니다. 기사님들이 물량 많다고 저녁쯤 오셨어요. 좁은 세탁실에 넣으라 고생하셔서 죄송.. ㅠㅁ ㅠ 고민 엄청 했던 워시타워인데 사길 잘했단 생각부터 드네요. 빨래 돌리는 일이 즐거워지기도 하니 신기합니다. ㅋㅋ
5,"드디어 12년된 통돌이를 처분하고 워시타워를 들였습니다~~ 말해뭐해~~넘 좋네요^^
매일 빨래하고 건조하고..신세계를 매일 경험하고 있습니다~~ 동영상은 이불털기 기능만 해본건데...이불만 털어도 너무 좋네요.. 먼지 어마어마 하게 나오는거 보고 충격이..... 드럼세탁기도 첨 써보지만 건조기가 정말 신세계라는 말이 너무 잘 맞네요~주변에 적극 추천하고 있답니다"
5,결제하고 여유있게 1 주일 후로 배송 요청했습니다. 원하는 날짜에 맞춰 잘 배송되었습니다.참고로 저는 배송지역이 세종입니다사이즈가 좀 있다보니 세탁기 들어갈 자리가 맞을까 걱정이었습니다. 홈페이지에서 필요하다는 공간보다 깊이가 5-10cm 정도 모자랐거든요. 그래도 잘 설치 되었습니다.세탁기 위치/방향을 미리 결정하지 못했는데 기사님이 잘 도와 주셔서 잘 설치 하였습니다아직 입주를 하지 않아 빨래는 직접 해보지 못했는데 기대되네요!!
5,"일전에 여기서 인덕션 2개를 구매한 적이 있습니다. 그때 사장님과의 상담도 너무 친절하셨고 처리하는것과 배송도 너무 마음에 들어서 다음에도 필요하면 여기서 사야지 하고 있었는데..
마침, 저희 신랑이 센터 오픈을 하게 되어 세탁기가 필요했어요! 그래서 바로 구매했습니다^^ 역시나 신속배송~~ 너무 깔끔하고 좋네요!
앞으로도 필요한거 있으면 또 올께요~ 좋은가격에 잘 부탁드려요! 번창하세요~"
5,수요일 주문했는데 목요일 배송예정이라해서 토요일로 변경했어요~ 설치해주시는 두분 모두 친절하시네요배란다에 김치냉장고 옮기고 아기세탁기도 옮긴다음 세탁기 놓고 두개 다 원상복구해주셨어요~전 가전이 거의 다 하얀색이라 그런지 ㅋ 흰색도 괜찮네용^^ 담날 십일절이라 가격 더 내려서 속쓰렸지만 ㅋㅋ 설치 빨리했으니 위안삼을께요 ㅋ
5,여태 살림하면서 통돌이세탁기만 사용해왔는데 기사님이 설치하자마자 바로 사용했는데 신세계였어요세탁하면서 건조도 예약할 수 있어서 좋았고 건조하고 빨래 접는데 수건도 엄청 뽀송뽀송하고 엄청 좋았어요!!또 건조한 후에 먼지통 확인하니까 먼지가 엄청 많았어요건조기 이제 필수템인것같아요
5,배송 초스피드에욤좁은 세탁실에서 두분이서 고생 하셨어요친절하시고 대만족합니다오브제랑 고민했는데 매장에서 긁힌 세탁기를보니 차라리 화이트가 나을듯해서 결정했어요기존 드럼15kg보다 큰사이인데 폭이 훨씬 슬림한듯싶네요쇼킹딜로 2229000원에 저렴하게 샀어요
5,"일단 원하는 날짜에 빠르게 배송해주셨고 설치해주시는 기사분이 친절하셔서 좋았습니다.기존에 쓰던 세탁기에 비해서는 소음이 적은 편인데, 시용헤보면 신세계라는 주변 사람들 말에 기대가 너무 컸는지 생각보다 건조 시간이 기네요. 그 외에는 아직 잘 모르겠지만, 오래오래 잘 사용해보렵니다."
5,설치희망일 결정할수있어서 좋았고집구조상 세탁기 진입이 어려워 사다리차로 배송해주셔서 좋았습니다또한 LG 공식 설치기사님 두분이서 안전하게설치해주시고사옹법 주의사항등을 알려주셔서 좋았습니다수평수직등 기울기 이상체크도해주셨습니다
5,드디어 워시타워 구입했어요^^벼루고벼루다 설치했는데 우선 너무 이쁘네요중간에 조작버튼이있어 조작하기 편하구요 간단해요설치도 너무 친절하고 깔끔하게 해주시고 갔어요~우선 수건만 건조시켜보는데 뽀송뽀송한 수건 기대되네요^^
5,배송은 빨랐는데 설치하는데 계속 빠꾸? 먹어서 설치가 생각보다 늦어졌어요. 일반건조기보다 설치조건이 좀 까다로웠어요 하지만 설치하고보니 고생했던게 씻겨내려가네요. 너무 이쁨니다.오브제 못지않게 예뻐요.강추합니다.
5,이렇게 설렐수가 있나요ㅜㅜ넘나 좋아요. 배송이 생각보다 빨리왔구요.역시 본사 설치여서 서비스가 아주 좋아요!대만족이에요. 이래서 대기업꺼 쓰나봐요일단 용량이 왕왕 커서 러그도 빨수있어요.처음 건조기 돌릴때 탄냄새가 났는데서비스센터에 문의하니 한달에서 세달까지 날수 있다고 하네요.
5,이사하면서 세탁기 바꿨는데 와이프가 용량이 커서 세탁할 때 아주 시원시원하게 잘 된다고 하네요.다이얼도 심플하게 되어 있어서 너무 좋다고 합니다.이제 이불 빨래도 손쉽게하고 와이프가 너무 너무 만족합니다. 이벤트로 가격도 저렴하게 구입하여 더욱 만족스럽네요. 강추입니다
5,"협소한 세탁실에 설치 꼼꼼하게 해주셨고, 아기세탁기도 이동설치 해주시고, 폐가전 두대도 내려주시고 고생 너무 많이 하셨어요. 감사드립니다.
제품은 말할것도 없이 크고 좋아요. 행사때 혜택도 많이 받고 구매해서 너무 좋습니다."
5,빠른배송 감사합니다.워시타워 높이가 낮아 키작은 소비자 만족도가 높고 도어 손잡이도 위아래 있어 이용하기 편합니다.백색가전은 엘지죠.경쟁사보다 비싸지만 그만큼 좋고 조용하더군요.24에 17키로 현존 최대 용량 건조기 신제품을 좋은가격에 구매했습니다.물류센터도 없는 물건을 창원공장에서 바로 배송되었습니다.
5,그냥 말이 필요 없음..배송 설치 제품 완벽함..월요일 워시타워 구매 화요일 냉장고 구매 수요일 전부 설치인증된 기사 배수타이부터 수평까지 다 맞추고 테스트 완벽제품은 생각대로 완전 좋음..그냥 여기서 사세요..TV도 살껀데 여기서 사야겠음..
4,"구입 바로 다음날 배송문자 와서 배송일 지정하였고 설치기사님도 친절하셨어요!
대리점 여러군데 다녀봐도 이만한 가격이 없어서 반신반의하며 온라인 구입하였는데 일주일째 사용중인데 너무 좋네요! 기존 세탁기도 처치곤란이었는데 알아서 수거해주셨네요! as가 어떨지는 모르겠으나 일단은 만족해요!"
5,"배송은 진짜 일주일도 안되서 도착했고 기사님들 늦은시간까지 너무 친절하게 설치 해주셨어요. 신랑이 된다고 해서 사전점검을 안하고 기사님 오셨는데 우리 세탁실은 설치불가 ㅠㅠ 청천병력ㅠㅠ
그래서 세탁기 놓는곳에 못 넣고 앞으로 당겨설치, 뒤에 공간이 텅 빔 ㅠㅠ 그래도 설치하고 나니 뿌듯하고 좋아요. 바로 수건 세탁하고 설명서에 넣어주신 건조기용 아우라 섬유유연제 향도 좋네요.
●세탁실 사이즈 간당간당 하신분들 꼭 사전점검 받으시는걸 추천합니다."
5,"화이트깔끔하고예뻐요..엘지를 선택한 가장큰이유는 콤팩트한사이즈에 올인원으로 키작은 저도 옷을 건조기에서 꺼내기쉽다는거예요.
사용법이나 세탁력은 사용해봐야 더 알듯해요.
지정배송날짜 딱 맞춰서 배송된것도 넘 좋습니다"
5,설치 공간이 좁아서 도시가스 검침기 이동하고 사전 점검 받았는데 수전을 슬림 수전으로 바꿔야 설치할 수 있다고 알려주셔서 슬림 수전으로 변경하고 겨우 설치할 수 있었네요. 설치 당일날 공간이 좁다고 기사님이 많이 힘들어하셨습니다ㅠ 그래도 어머님이 너무 만족하셔서 대만족입니다!
5,"디자인도 너무 예쁘고, 버튼이 아닌 디지털 방식의 터치 방식으로 되어있어 너무 편하고 깔끔합니다. 내부도 너무 좋구요. 건조기 사용하니 이불 빨래가 너무 쉬워 대만족입니다. 신세계가 펼쳐진 것 같아요. 세탁기, 건조기 세트 강추입니다!"
5,"베란다가 좁아서 걱정했는데 배송오기전 사전답사 나와서 설치할수있다고해서 구매해서 지금 두달째사용중 대만족.
워시타워 이사자주 다니는분은 고객센타에서 문의해보고 구매하셔요 이전추가비용이 나온다는게 단점입니다."
5,10년 사용한 통돌이 세탁기가 갑자기 고장나서 급하게 알아보던중 워시타워가 마음에 들어서 구매했어요. 가격 검색하다 g마켓이 제일 저렴했어요. 설치도 빨리 가능했구 설치하러 오신 기사님들도 친절하셨어요. 세탁기 용량이 24kg이라 겨울이불 빨래할 수 있어서 너무 좋아요.
5,11절날 할인된 가격으로 싸게 구매했네요. 배송도 빠르고 기사님도 친절하시고 설치도 빠르게 뒷정리도 깔끔 사용설명도 꼼꼼 디자인도 눈에 확~역시 LG짱설치 하자마자 세탁에서 건조까지 돌려봤습니다.건조기 처음인데 바로 입을 수 있어 넘 좋네요.
5,세탁기위에 건조기가 일체형으로 탑재되어 설치할 공간 사용효율이 좋고 건조기 작동모듈이 아래쪽 세탁기 상면에 모아져 있어서 편리하고 좋네요.또한 세탁 건조 코스를 다양하게 휴대폰에 앱을 깔아 다운로드해서 활용할수 있어서 좋네요
5,"처음엔 건조기가 대박이다 얘기만 들었지
살생각을 안하다가
여름... 도저히 꿉꿉함이 싫어 과감히 샀는데
건조기 없던시절엔 어떻게 살았지..합니다...
여기저기 싸이트 확인하고 비교하고 ssg에서 샀는데
지금도 타워가격 말하면 다들 안믿어요ㅎ
너무 잘샀대요
좋은제품 빠른배송 친절한사용법설명.. 감사합니다~~^^"
5,가격이 비싸면 비싼만큼 더 좋은 기능이 많겠지만육안으로 봤을땐 더 비싼거 못지 않게 기본기능에 충실한 제품인것 같아요~이불빨래도 할수 있는 넉넉한 용량에문의글도 바로바로 답변받고 설치도LG전자배송센터에서 바로 해주니 믿음도 가구요~
5,11번가에서 착한가격으로 행사해서 바로 주문했네요 키가 작은데 통돌이 쓰느라 신발정리하는 집게로 빨래 꺼내느라 힘들었는데 세탁기건조기 워시타워로 바꾸니 집게 쓸 필요가 없어서 너무 좋네요.용량도 제일 커서 극세사이불빨기도 좋을거 같고 한파가 와도 집에서 건조기 돌리면 되니 너무 좋네요.배송해주신 기사님들도 친절히 잘 설치해주셔서 감사합니다.
5,어머니 집에 설치해드렸는데 정확한 날짜에 배송기사분들이 오셔서 힘든 설치 구역에도 땀흘리시면 잘 설치해주셨습니다. 성능은 말할것도 없어 폐가전도 가져가시고 설명도 너무 친절하게 잘해줬네요. 다시 특가 나오면 저희 집것도 구매하려고합니다.
5,"오브제랑 워시타워랑 고민고민하다가 더 저렴함 워시타워를 구매했어요! 구입후 일주일만에 설치한다고 연락왔는데 제가 미뤄서 이틀후에 받았어요 기사님들 친절하신건 입아프구요 ^^ 워시타워가 세탁실로 안들어가서 기사님이 한참고민하셨어요 ㅜㅜ 그래서 창문앞에 설치했는게 답답할줄 알았는데 그런대로 괜찮았어요! 다음날 수건,면티 등 세탁 건조해보니 신세계입니당!!"
5,"구매한지 3일만에 배송, 설치 받았습니다.
배송기사님 설치도 깔끔하게, 설명도 친절하게 해주셨어요. 베란다가 좁아 설치 안될까봐 걱정했는데, 뒷정리까지 깔끔하고 만족스럽게 잘 설치해주셨어요.
빅세일이라 가격도 만족스럽고 상품은 더 만족스럽네요.
원바디라 모양도 깔끔하고 소음도 적어요.
바닥 고정 테이핑땜에 설치 후 3시간쯤 후 사용하라해서 막 울빨래 돌려봤어요.
빨랫감 감지해서 자동으로 셋팅되니 신기하네요.
좋은 제품 감사합니다 ~~^^"
5,"원하는 날에 배송 도착.기사님 친절하시고, 설명도 잘해 주셨어요.설치하지마자 담요, 이불 등을 세탁하고 건조기를 돌려 보았는데, 좋네요.건조기 먼지 거름망에 걸러진 먼지를 보고 놀라지 않을 수 없더군요.고양이 털이며 각종 먼지가 수북..ㅎㅎ장마철에 건조기 덕분에 빨래 건조 걱정은 덜었네요.소음도 적고, 디자인도 굿!"
5,지정일에 맞춰 배송해주셨어요. 기사님도 친절하게 잘설치해 주셨고요. 오브제로 하려다 그냥 저렴한 트롬으로 결정했는데 디자인도 예쁘고 저렴하게 잘 구입해서 만족합니다. 진동이나 소음도 거의 없고 thinQ앱 으로 사용하니 편리합니다. 가전은 엘지만 쓰는데 역시 엘지네요.
5,일단 구매한지 3일만에 배달이 와서 좋았습니다. 기사님들도 정말 친절하시고 잘 설치해주셨어요. 건조기를 처음 써보는데 신세계를 경험하고 있어요. 뽀송뽀송하게 마르니 정말 좋아요 :) 세탁기도 24kg나 되어서 이불빨래도 맘껏 하고 있답니다! 정말 만족해요!!
5,뒤늦게 건조기샀는데 좋은걸로 산거같아 너무좋네요 기사님도 친절하시고 설치도 깔끔하게 해주시고 좋은물건 좋은가격에 산거같아 만족합니다 기능도 복잡하지않고 간단하게 되있고 생각보다 크기도 크지않아 좋은거 같아요
5,"정말 가전은 엘지!!!
세탁 은 말도 할것없이 최고!!
정말 건조기는 요즘 말로3대 가전이모님의 최고인듯 합니다.
배송은 정말 제가 빠를 수록 좋다 했더니 바로다다음날 배송 …약간 아쉬운거는 사전 전검과 배송날짜가 같은 날이라서 ..전 친구가 같은 아파트 같은 구조 여서 슬림 수도 꼭지를 해야 한다는걸 알아서 미리 하긴 했으나 ..
만약 몰랐다면…다시 날짜 잡고..휴…
어쨌는 가격도 만족하고 무엇보다!!제품 만족도가 최고
배송도 만족 합니다"
5,"워시타워 좋아요~~

디자인도 깔끔하게 잘 나왔네요

연휴가 끼어 배송이 좀 늦고 해피콜 없이 배송 당일 아침에 연락이 왔어요.

기다리던 거라 바로 정리하고 받았지만

있는 중이라 미리 알았음 일처리가 더ㅇ편했을듯 하네요.



!!!"
5,기사님 친절하시고 깔끔히 잘 해주셧어요. 역시 가전은 엘쥐~ 시험 작동밖에 안해？f지만 잘되겟죠. 배송은 진짜 빨라서 말할필요도 없네요.. 5월5일 휴일에 주문햇는데 5월7일 오네요. 어버이날 선물 드릴려고 산건데 늦게 올거라 생각햇는데 정말 빨라서 좋네요.굳입니다.
4,배송빠르고 설치 기사님이 매우 친절하십니다!~~~위치 조금 옮기고싶어서 다시.연락드리니. 빨리와주셨어요 '-'*꺼낼때 여니까 불도켜지네요 ㅎㅎ추가 선반은 일단 써보고 구매 생각해볼게요 ㅋㅋ저는 미리 사서 으뜸효율환급을 못받지만 받으실수있으신분들은 바로 사세요! 좋아요
5,고민은..배송을 늦추고..먼지만 쌓일뿐..원하는 시간과날짜에 착착!!!설명도 잘해주시고..역시 엘지..1회 세탁과 건조하고 먼지필터보고 경악..10년넘은 세탁기 망가지면 사야지 사야지하다가..기다리지못하고 샀는데...이럴꺼면 더 일찍 살껄.............엘지 씽큐사용중이라서 워시타워 추가 하고세탁 건조다됐으면 알람도 뜨고옷도 뽀송뽀송...♡♡♡ 너무 좋습니다!!!!
5,"지정일 배송도 너무 마음에 드네요~기사님들도 친절하시고 저는 잘받아 사용하고 있어요~세탁기도 조용하고 건조기도 조용하고 너무 좋아요~기능도 좋고 너무 큰가싶긴한데 이가격에 너무 잘 샀어요~저는 잘몰라서 2만원 더 주고 샀는데 행사 잘보시고 2,455,000원 할때 사셔요~그래도 더 빨리 받은거니 만족합니다~"
5,시킨지 일주일이 조금 넘게 걸렸지만 주문이 밀려있다하니 어쩔수없죠 친절한 배송기사님이 설치해주시고 설명도 해주시고 가셔서 3일만에 열두번쯤은 돌린것 같아요 온집안의 빨랫거리를 계속 돌리고 있어요 전기세폭탄은 무섭지만 건조할만 하네요 ㅎㅎㅎ 너무 뽀송뽀송하고 먼지도 없고 넘 좋아요
5,작년부터 설치 하고 싶었는데 착한 가격대로 구입~^^배송도 빠르고 기사분도 친절하게 설치 잘 해 주셨어요~수전과 콘센트가 가까이 있지 않아 걱정 했는데 다행이 설치 잘 됐네요^^워시타워 설치로 쾌적한 런드리라이프를 기대해봅니다~~
5,요번에 이사을 하면서 건조기랑 세탁기랑 같이있는 제품을 알아보던중행사랑 카드할인을 통해 저렴해 구매했습니다이사철이랑 배송도 오래걸릴줄 알았는데 생각보다 빨리와서 만족합니다또 설치 기사님들도 친절했어요!적극 추천합니다
5,주문하고 거의 이틀만에 배송온것같아요~배송빠른것도 만족했지만 아기가 자고있었는데 기사님께서 밖에서 다 조립하시고 진짜 조용히 설치해주셔서 감동이에요 ㅠㅠ여름마다 빨래 건조시킬때마다 안말서 꿉꿉했는데 건조기는 신세계네요~최고 진작에 구매할걸 그랬어요. 삶의 질이 높아집니다. 강추!!
5,원하는 배송일자에 딱맞게 설치해주시고설치기사님도 아주 친절하셨습니다작동법을 잘 몰라서 설치후에 다시 전화드렸는데도 꼼꼼하게 체크해주시고 끝까지 신경써주셔서 감사했어요건조기는 정말 신세계이고 드럼도 예전에 쓰던것보다 용량이 커서 이불빨래도 쉽게할수있어서 좋습니다가격도 정말 착하고 잘구매한것같아요
5,"8/3에 주문하고 사전답사 신청해서 다음날에 바로 사전 답사오셨었어요!그리고 그 다음날 8/5에 제품설치했습니다.사전답사 날에 미리 전화주셔서 답사 시간 안내받고,배송일 확인 알림톡 받아서 배송일 확정받았답니다.그리고 배송 당일에도 설치기사님께서 미리 전화주셔서 설치시간 안내받아서 아주 쉽고 편리하게 설치받았습니다.설치 완료 후 사용 방법 주의사항 안내받고 궁금한 점도 여쭤봐서 해결했답니다~!!아! 그리고 설치당일 기사님 해피콜 때 회수제품있냐고 여쭤보셔서 그때 이전에 사용하던 세탁기 회수요청드려 진행했습니다!사용방법도 간단하고 쉬워서 잘 사용할 수 있을 것 같습니다.그리고 제품이 깔끔하고 예뻐요!!"
5,"5월9일 구입하고 12일 설치했어요. 빠른배송 너무좋아요.
두분오셔서 설치해주셨구요. 주의사항, 작동방법. 친절히 알려주셨어요.
통돌이만 쓰다가 처음쓰는거라 신기합니다. 건조기 써보면 신세계라는데~ 지금 돌리면서 평써요.
버튼이 가운데 있어서 이용도 편해서 좋아요."
4,주문하고 4일만에 배송받았어요~ 10년된 세탁기 정리하고 산거라 새거가 좋긴하네요ㅎㅎ세탁시간은 딱 절반이구요 소음도 작아요~~인터넷 구매는 잔고장이 있을수있다는 얘기를 들어서 떨리긴하지만 이왕산거 오래오래 잘쓰고싶네요^^
5,17킬로 세탁기 2년사용하고 있는데 일체형이 예쁜거 같아서 주문했는데 대 만족입니다. 일체형이어서 그런지 하나처럼 깔끔하고 좋네요 배송빠르고 설치도 어려운거 고생하셔서 설치완료 ..기사분들 넘 친절하고 작동도 잘되고 외관도 우주선처럼 깔끔해서 넘 좋아요
5,사용하던 건조기 고장으로인해세탁기랑 건조기 같이 바꿨는데 너무 좋아요소음도 너무 적고 빠른시간에 세탁 건조 가능하고 무엇보다 디자인도 너무 깔끔하고 예뻐요 그리고 비가 많이 쏟아졌는데 기사님들 고생많으셨고 친절히 설치해주셔서 감사합니다.
5,"신혼때 산 통돌이 바꿀겸 삶의질을 높여준다는 건조기도 구매할겸 워시타워 구매했어요
둘이살땐 건조기 없이도 살만했는데, 아기 태어나고 빨래가 늘어나면서 빨래지옥이란 이런걸까 싶더라구여 ㅠㅠㅋㅋㅋ
생각보다 빨리 배송받았고, 아침일찍 오셔서 예쁘게 설치해주고 가셨어요ㅋㅋ 폭풍 빨래 건조 돌리는중입니다
완전 만족이요!"
5,일요일에 주문해서 화요일에 받았습니다~배송을 이렇게 빨리 해주실 줄은 몰랐어요설치 기사님들도 친절하시고제품도 마음에 듭니다리뷰에 소음얘기가 있었는데더 써봐야 알겠지만 기존쓰던 제품보다조용한 것 같아서 좋습니다~추천합니다~
5,"친절하게 설치도 잘해주셨어요..공간이 딱 맞게 들어가는 자리라 좀 힘드셨을텬데 설치내내 잘해주셔서 너무 만족합니다..받자마자 세탁기 건조기 모두 사용해봤는데 건조기가 신세계네요..건조기 전과후의 삶이 다르네요..추천합니다..,너무 좋아요..오늘같이 미세먼지가 극성인 날엔 건조기가 필수입니다"
5,쓰던 세탁기가 고장나서 찾던 중에 워시타워를 보고 당연히 이거지 싶어서 구매했습니다지마켓 행사로 할인도 많이 받았네요ㅎ일단은 세탁기는 용량이 커서 먼가 든든하구요ㅎ건조기는 건조 준비 기능이 있어 시간적으로 아주 효율적이네요ㅎ 좋아요ㅎ그리고 배송설치도 진짜 빨랐구요 기사님 진짜진짜 친절하세요ㅎ
5,진작 부모님 사드릴걸 그랬네요 너무 좋구요 세탁기가 하얀 게 너무 예쁩니다. 따로따로 와서 집 안에서 직접 조립 해 주시더라구요. 해피콜 늦어서 걱정했었는데 원하는 날짜에 지정 배송 안전히 되었습니다. 설치기사 님들도 너무 친절하셨습니다.
5,역시 최고의 가전 엘지 워시타워 11절을 맞이하여 11번가에서 최고의 제품 엘지 건조기와 세탁기를 한번에 워시 타워를 최적의 가격으로 구매하였습니다 약속도 잘 지켜주시고 배송도 딱 맞줘주시고 역시 믿음의 엘지 공식 판매점 주식회사 대명입니다 앞으로도 번창하시고 많이 파세요 조만간 제품하나 더 구매하겠습니다.
5,"원하는 날짜와 시간대에 배송완료작업시간은 1시간 반정도 걸림기존 세탁기 수거 해가심생각보다 화이트컬러 깨끗함세탁,건조완료후 건조기 거름망 먼지 장난아님건조기 신세계라는말 이제 이해했네요올 여름 장마가 두렵지 않습니다~~"
4,"LG트롬 워시타워 구매 후, 표준코스로 세탁,건조를 해 보았습니다. 세탁시간이 짧았고 소음도 별로 없었어요. 건조기에서 먼지 거름망에 먼지가 쌓여있어서 잘 구매했구나라는 생각을 했습니다.건조선반도 별도로 구매했습니다."
5,"익일배송 실화입니까
타브랜드 주문하고 한달 넘게 기다리다 취소하고
워시타워 구매했는데 오후에 주문하고 다음날
배송 받았어요. 워시타워 명성대로 예쁩니다.
설치 해주신 기사님들께서 아기 다루듯
조심하고 세심하게 좁은공간에 잘 설치해주고
가셨어요.성능은 엘지라 믿고씁니다."
5,"LG라방 짱!!!
워시타워는 외모부터 부티가 좔좔~
가격도 완전 저렴하고 배송도 완전 총알이였어요,
수요일 라방보고 워시타워주문했는데 토욜 해피콜후 설치,너무 친절하게 설치해주시고 자세한 설명까지,역시 엘지는 달라요,
기사님 감사드려요^^기존에도 엘지가전만 사용했는데 역시 너무 대만족,워시타워 살치후 세탁하니 건조기 신세계예요,워시타워 너무 대만족요,"
5,"대박대박대박입니다!!!!역시LG전자!!!!
새아파트입주해서 워시타워 주문했는데,설치시 가구나 붙박이장 스크레치하나 안 내고 프로답게 설치하시고 또한 너무 친절하셔서 깜짝 놀랐어요ㅎㅎ
오늘 설치하느라 고생하신 두분께 감사드려요^^"
5,사전답사도 두번이나 와 주시고 설치하러도 두번이나 방문해 주셨네요.엘지 기사님들 수고 하셔구요. 너무 친절하게 설치해 주시고 설명해주셔서 감사합니다. 만족하면서 잘 사용하고 있어요.건조기 덕분에 빨래건조대가 할일을 잃어버렸어요 ㅎ
4,워시터워를 설치하기위해베란다 공사까지 실행했던터라 기대감이 높았는데 만족하면서 사용하고 있습니다. 빠른 배송은 아니었지만 고객센터에서 미리 배송지연에 대해서 미리 알려주셨고 빠른 조치를 하셔서 예상날짜에 잘 입고도었습니다. 서비스도 좋았구요 잘 사용하겠습니다.
5,"설치공간이 좁은거 같아서 사전확인 진행했습니다. 사전확인 까지 다소 시간이 좀 걸렸으나, 다행히 설치가 가능하다고 했으며, 다음날 바로 배송이 오네요 ㅎㅎ설치해보고 사용하니 조용하고 빨래도 잘되고 건조도 잘되네요..비싸긴 하지만 맘에 드네요앞으로 오랫동안 잘 사용하겠습니다."
5,"너무예뻐요
베란다 딱맞는사이즈입니다
배송은 일주일걸렸습니다
배송전기사님 방문하시에 놓일 자리 체크하셨구요
설치하시는데 고생들하신 기사님들 감사합니다
타상품보다 빠른배송 인것 같아요
고장난 세탁기도 수거해 가시구요
앞으로10년은사용해야하니~~
믿을만한 LG로 선택했답니다
전가전제품은 무조건 LG 이랍니다"
5,"배송일 지정했다 취소하고 최대한 빠른 날짜 요청드렸는데 정말 빨리 설치 받았습니다.
기사님께서 시간약속도 잘지켜주시고 빠르고 친절하게 설치해주셨어요. 디자인 성능 너무 아름답네요!!! 좋은제품 판매해주셔서 감사합니다."
5,"세탁기가 고장나서 빠르게 배송될수 있는 제품을 찾다가선택을 했는데 주문하고 3일만에 설치 완료되었습니다.배송 문의 바로 답변해 주시고,설치 완벽, 친절하시기까지...밀린 빨래하면서 단 두번에 그 밀린 빨래가 깨끗이보송보송하게 나오는걸 보면서 왜 LG하는지알게 되었습니다. 타사 제품과 비교를 ㅎㅏ면서 망설였는데 높이부분으로 최종 선택을 했습니다."
5,"품질. 배송. 설치까지 너무 만족합니다.월요일 저녁 결제 >> 화요일 접수, 카톡일정조율 >> 수요일 오전 설치 ㅋㅋㅋㅋ 너무 빨라서 놀랐습니다.설치기사님 신경 많이 쓰시면서 작업하시는게 눈에 보이더라구요. 설명도 친절하시구요.시운전 2번/이불빨래 후 작성해요. 이상없구요. 건조기는 처음 2~3번은 고무냄새 살짝 난다고 하길래 걱정했는데 거의 못느낄 정도입니다.완전 대만족입니다."
5,배송지연되서 그냥 매장가서 바로 살까 하다가 가격보고 기다렸어요.처음엔 8/3 배송예정이라 했지만 7/25 설치 완료했습니다!세탁실문이 작아 들어갈 수 없어서 김치냉장고을 들여보내고 냉장고 옆에 설치했어요오자마자 그동안 밀린 빨래로 열심히 돌아가는 중입니다엄마가 행복해해요!!
5,주문하고 바로 다음날 배송온다고 연락와 조금 당황했네요~^^제가 일이있어 하루 뒤로 배송 받고 설치도 친절하게 금방해주셨구요~ 키작은 제가 워시타워 사용하기 딱 좋네요~건조기 기능 중 이불털기가 제일 좋네요~화이트라 색상도 깨끗하고요~추천합니다~
5,"삶의질을 높여준 세탁 건조기~
건조기 너무 잘 쓰고 있어요
왜 이제야 샀을까싶어요 건조기 없이 어떻게 살았나 ~ㅋㅋ
오늘 집앞에 주문하지도 않은 택배가와서 이상하다 싶었는데 대명유통에서 주신
고객사은품 이더라구요
알찬구성에 기분이 참 좋았어요~
대명유통 계속 흥하세요!!!"
5,진짜 신세계 경험했네요~^^ 기사님께서도 친절하게 설명해주시면서 잘 설치해주셨구요~무엇보다도 기능이며 진짜 최고네요 후회없는 선택이였어요~~근데 엄청 조용할줄 알았는데 소리는 조금 나요 ㅋㅋㅋ 그래도 일반적인 세탁기 소리보단 조용해요~^^
5,"기사님들 대박 친절👍👍👍
워시타워는 더 대박👍👍👍
세상에... 거의 한달 고민했는데
다른분말처럼 배송만 늦출뿐입니다!!
주문하고 주말에 받고싶었는데
혹시몰라 금욜에 미리 자리 보러 와주시고
토욜인 지금 받았는데 넘나 좋아요ㅜㅜ
똑같은양 1시간40분 걸리는데 이거 55분걸려요ㅜㅜ
역시 갓 LG~!!!
우리집도 건조기있다!!!
것도 워시타워다!!!!"
5,항상 갖고 싶었던 워시타워 드디어 배송받아너무 기뻤어요기사님도 너무너무 친절하시구요건조기는 정말 신세계입니다뽀송뽀송한 세탁물들 보니 가격이 아깝지가 않아요세탁은 한번 해봤는데 또 얼른 하고 싶어요빨래가 이제 지겹지가 않습니다강력 추천합니다
5,설치 전까지 이사갈 집 베란다에 들어갈까 고민만 엄청 했는데 다행히 꼭 맞게 들어가서 정말 다행이네요.설치기사님도 겨우 들어가서 다행이라고. 이사전이라 사용전이지만 좋을 거 같네요.빨리 이사해서 새 가전들 사용해 보구 싶네요~^^~
5,워시타워 배송 날짜에 딱 맞춰서 배송되었어요! 기사님들 오셔서 문짝 뜯고 넘 고생해서 설치해주시고 가셨어요! 인터넷으로 주문한거라 걱정됐는데 전혀 문제가 되지 않네요 만족합니당 워시타워가 드디어 왔네요ㅎㅎ 20평 집이라 생각보다 세탁실에 꽉찬 크기이지만 너무 예쁘고 만족합니다♡
5,하루만에 배송 문자받고 바로 다음날 배송 받았어요.빠름빠름~배송기사님 일찍오셔서 설치 조용히 잘 해주셨고찬찬히 설명 잘 해주셨어요.오늘 하루 종일 돌렸는데 먼지거름망 보고 깜놀보송보송 좋네요^^일체형이라 딱 떨어지고 군더더기없이 단정하니 이쁩니다.
5,배송어제 주문하고 오늘 받았습니다설치미리 청소 다해놓고기존세탁기 빼놓고수전 다 바꿔놓고 기다렸고요오셔서 치수 측정하시고 설치 애매 하다 하셨지만하는데까진 해보고 앞에 두자고 하셨고결국 딱 들어맞았습니다~40여분 걸렸어요~~빠른배송 감사합니다~
5,사전답사를 따로 신청해야하는지 몰라서 물류센터 배송 미루고 사전답사 후에 배송받느라 몇일 더 걸렸지만 주문하고 설치까지 보름정도 걸렸네요.후기 읽어보면 두번세번사라. 고민하지말고 사라.고 하시던데 백번공감했어요ㅎ 그냥 고민하지 말고 바꾸세요! 신세계입니다~
5,삼성 세탁기 12키로 쓰다가 이블빨래 못하고 너무 힘들어서 큰맘먹고 24키로 대형세탁기 lg로 삿어요~^^이젠 큰이블빨래도 다할수잇고 역시 가전은 lg가 ？오예요 이것저것 다써？f지만 모다좋은 lg역시 힘도좋고 조용하고 큰빨래 맘껏할수잇어 소원 풀엇어요~^^11번가 최저가로 좋은혜택 감사합니다~^^
5,"다른곳보다 저렴하게 구입했고 배송도 희망배송일에 잘 받았습니다
비오는날이고 설치가 힘든 장소였는데 친절히배송해주셨습니다
흰색이랑 회색이랑 고민하다 흰색샀는데 깔끔하니 예쁩니다
세탁할때 미리 건조예열해놓으니 건조기는 따로 설정할필요없이 넣기만하면되고 너무 편하네요"
5,"배송은 3일 빨리 왔구요. 설치기사님도 친절하시고 잘해주시고,테스트하는데 빠르고 소음도 덜하네요빨래가 뽀송뽀송하게 됩니다. 동시에 세탁,건조도 되니간 훨씬 편해서 좋아요공간도 덜 차지하고 대만족입니다^^디자인도 너무나 이쁘네요...너무나 감사합니다.^^상당히 좋아요...상품,배송,설치 모두 굿~"
5,상품 설명 자세하고 사전 설치 답사 신청도 친절하게 잘해주셔서 너무 좋았습니다.그리고 무엇보다 설치가 이렇게 빨리 될줄 몰랐네요 ㅎㅎ최종 설치 후에는 너무 만족 스럽습니다. 너무 깔끔하네요 기사님들 설치하시고 설명도 너무 친절해서 더 좋았습니다. 출산가구라 1등급 전자제품 혜택도 있었는데 여기 상품페이지에 설명이 있어서 해당 홈페이지 가서 신청도 잘했습니다.
5,주문하고 이틀만에 배송해주셨어요~배송 빠르고 설치도 친절하게 해주셨어요. 보일러때문에 위치 결정이 어려웠는데 미리 상담도 해주셔서 잘 설치된거 같아요. 첨으로 건조기 돌려봤는데 생각보다 먼지 마니 나와서 놀랬어요. 그덕분인지 수건이 보송해서 구매 잘했다고 가족들이 좋아하네요~맘에 듭니다^^감사합니다
5,고민 많이하다가 결국 구매했습니다뭐 제품성능이야 워낙 유명해서 별걱정은 없었습니다가격도 타 사이트에비해 저렴하게 구매했고배송 날짜와 시간도 내가 원했던 시간에 왔습니다배송기사분들 정말 친절하시고베테랑답게 뚝딱 설치 해주셨습니다잘쓸께요^^
4,상품은 좋아요. 건조기까지 있는데 생각보다 부피가 크지 않아요. 세탁도 잘되고요. 단지 배송이 너무 느려요. 주문하고 3주정도 걸린 것 같습니다. 고객센타에 전화해도 알아본다고 하고 감감무소식.. 하~ 답답해 미치는 줄 알았습니다. 암튼 배송 받아 잘 쓰고 있습니다.
5,"13일 추문하고 15일 토요일에 배송&설치 받았어요.희망일에 딱 설치해주셨어요판매 상담원도 친절했고설치기사님도 친절하고 깔끔하게 설치 다 한 후자세한 설명 감사합니다.세탁 24kg 건조 17kg로 용량도 어마무시하네요!극세사이불, 요커버의 건조시간이 2시간 50분 걸린다 했는데늦은시간 건조기 돌리기 좀 그래서 1시간 30분 남았을때강제 종료했는데도 잘말랐어요!좋은가격에 빠른배송, 친절한 설치 감사합니다!"
5,"이마트에서 비슷한제품을봤는데
360만원에 작년모델이더군요
전자제품은 LG를 선호하시는 어머님~
제일 중요한 가격도싸고!
배송일도 딱 맞춰오시고!
전에쓰던것도 가져가주시고!
친절배송 감사합니다.
어머님이 대단히 ^^"
5,빅스마일데이 특가로 주문하고 2일만에 배송 받고 설치 했어요.설치 기사님 너무 친절하게 설명 잘해주셨어요.이제 뽀송뽀송할 빨래 기대되요~최신제품 베란다에 들여놓으니 베란다가 확 살아나네요.건조기 신세계에 입문 했어요~
5,너무너무 저렴한 가격에 잘산거 같아요:) 온라인이여서 품질도 걱정했는데 품질 너무 좋고 소음도 잘 안나구요 배송이랑 설치도 너무 빨라서 놀랐어요! 요즘 빨래할때마다 신세계여서 즐겁게 사용하고 있습니다:) 좋은가격에 좋은 상품 너무 감사합니다!
5,"생각보다 배송이 빨리 되어서 다행이고, 제품은 LG 제품 답게 전혀 문제없이 만족스럽습니다. 판매처에서도 대응이 놀랄 정도로 신속하고 친절하시고, 설치 기사분들도 친절하시고 능숙하게 잘 설치해주셨습니다. 전반적으로 매우 만족하고, 추천합니다."
5,통돌이만 15년째 쓰다가 이번에 LG워시타워로 바꿨는데 너무 조용하고 건조기까지 예열이 되니.... 신세계네요^^기사님 들도 친절 하시고 주문 다음날 배송 해주신다는거 날짜 정하고 몇일뒤 정확히 배송해 주시고 친절히 설명도 잘 해주셨습니다.^^
5,"와우! 배송도 엄청 빠르고 기사님도 친절하고 설치도 완전 깔끔히 잘해주셨어요~~

이제 나의 삶의 질도 올라가네요 ㅎㅎ 너무 맘에 들어요 진작 살걸~~ ㅎㅎ

믿을만한 곳에서 살라고 검색 열심히 했는데 여기가 최고 ㅎㅎ 사세요사세요 너모 좋아요"
5,정말 만족합니다 시간이 빠듯하게 배송일자 지정 요청하였는데 이틀만에 세탁기를 배송해주시네요기존에 10키로 작은고 쓰다가 24키로 대용량으로 바꾸니 신세계가 펼쳐지네요 앞으로 빨래하는시간이 행복할거 같애요 감사합니다~~^^
5,"배송도 원하는날짜에 딱 오시구 오기전에 전화미리주시고왔어요!! 배송기사님 두분오셨는데 두분다 왕친절,,ㅠㅠ집에 쫌 문제아닌 문제가 발생했었는데 기다려주시구 신경써주셨어요 진챠감덩,,세탁기 이뿌고 성능도좋은데 설치기사님들도 좋아서 만족도 최고예용ㅎㅎ 감사합니다아아"
5,친정집 세탁기가 고장나서 주문했는데공휴일 포함 2주내 배송이라 안내 받았는데세탁기가 고장나서 부모님께서 손빨래 한다고 빠른 배송 드린다고 했는데사장님께서 친절히 상담도 해주시고 배송은 특급 배송으로 3일만에 왔네요!!세탁기는 성능은 두말하면 잔소리 당연히 좋고건조기의 신세계에 빠지셔서 너무 좋아하시네요~신경써서 배송해주셔서 너무 너무 감사드립니다.
5,"결제 후 2일 만에 배송 설치 완료했습니다.온라인 최저가 구매였고,매우 만족합니다.사정으로 배송 당일 집에 없어서 기사님들께서설치해 주시고 가셨네요선 정리 깔끔하게 해주시고, 친절하셨습니다.오래 잘 사용하겠습니다.~"
5,설치기사님들 설치 너무 잘해주셨고 뽈래도 잘되고 건조기도 잘 마릅니다. 너무 만족합니다.설치공간이 좁아서 장 일부 철거했구요.기사님들도 친절하셨고 배송일정이 몇번 변경됐는데 친절하게 잘 해주셨습니다 잘 쓰겠습니다^^
1,"태어나서 가전 배송 받기 가장 힘들었던 기억. 업체랑 LG설치기사님이랑 전혀 소통이 안되는 느낌. 처음 기사님께 연락받고 스케쥴 조율했습니다. 출장이 잦아서 근시일내는 힘들 것같아서 2주 정도 후의 날짜로 미리 지정했습니다. 그런데 2주 지나서 발송일 하루 전날에 업체에서 전화와서 전산상 문제로 취소가 됐다고 합니다. 다시 1주 후나 2주 후 날짜로 가능하다고 했어요. 1주 후 날짜로 해달라고 하니, 그게 어려울 수 있으니까 확정되면 전화 준다고 했습니다. 전화 안 줬습니다. 그래서 제가 그 전전날인가 전화했더니 확정이 났답니다. 그런데 당일날 기사님한테 전화가 안오더라고요. 업체에 전화했더니 또 하루가 밀렸다네요.(그걸 왜 당일날 말해주냐니까 그걸 실시간으로 본인들이 확인할 수는 없지 않느냐... ㅋㅋㅋㅋㅋㅋㅋ 왜? 오늘 배송되어야 할 사람들이 밀렸는지 아침에 확인하고 문제 있으면 전화주면 되는거 아닌가? 이해불가.) 내일 온대요. 내일 안 와요. 가만히 기다렸어요. 월요일날 저 어이없는 답변 듣고, 목요일날 첫 전화 받았습니다. 당일날 받을 수 없어서 다음날로 옮겼고 그제서야 겨우 받았습니다. (다시 1주 정도 후로 날짜 지정했으면 아마 지금까지도 못 받았겠죠) 제가 전화해서 당장 내일날짜로 바꿔달라고 한 것도 아니고, 2주 정도 계속 여유 주면서 날짜 좀 확정지어달라고 하는데 그것도 잘 안되고. 결국 스케쥴 다 망가지면서 세탁기 받았습니다. 무슨 난리인지. 세탁기 하나 받는데 너무 스트레스받았습니다. 직구로 TV 구매했었는데 그때보다 더 진빠지고 힘든 기억이었습니다."
5,베란다 입구가 좁아서 작은방 창으로 이동했는데 옛날아파트라서 좀 튀어나온 부분은 있지만 빨래도 조용하게 잘되고 건조기 먼지 쌓이는거 보고 놀랐어요.디자인 이쁘고 아주 만족합니다.
5,더운데 기사분 2분 오셔서 잘 설치해주시고 가셨어요~이쁘고 빨래 돌리고 건조했는데 좋아요다만 배송이 느려~기다리다가 눈 빠질뻔했내요~저렴하게 구입해서 맘의 위안 삼아봅니다
5,"백화점 매장에서 품질은 확인했고 네이버에서 저렴하게 구입했어요 할인도 많이 받고 :) 물론 상품도 예상했던 만큼 최고에요
사자마자 아기용품 아기이불 세탁했는데 깨끗하고 성능도 만족스러워요 잘 쓸께요"
5,"대리점과 인터넷 비교 후 구입했는데, 넘 만족해요~ 가격할인도 많이 되고, 세탁기능에 건조설정 해 놓으면 빨래 끝나자 바로 건조 시작하니깐 너무 편하고 좋아요~~ 배송도 빨랐어요~ 번창하세요~^^"
5,배송이 오래 걸릴줄 알았는데 생각보다 빨랐어요.배관 때문에 쫌 앞으로 빼서 작업했고 그래서 기사님이 최대한 자연스럽게? 설치해 주셨습니다.어떤 모델 살까 고민 엄청하고 고른 보람 있어요.
5,세탁기 10년 써서 이번에 lg 워시타워로 구매했는데 잘 산거 같네요 더 써보고 후기 남길께요참 새수건 사서 빨고 건조하고나니 필커에 솜털이 어마무시하게 생기네요건조할때마다 필터는 비워줘야 겠어요
5,워시타워=삶의 질 수직상승! 가족구성원 모두 직장인이라 주말 짬에 집안일 처리할 때 건조준비 설정해두면 신경쓸 것 없이 나머지 집안일에 집중할 수 있어서 너무 편리합니다. 가장 만족하는 가전이에요!
5,좀더 싸게 살수있는 타회사 제품도 알아봤지만 성능.내구성봤을땐 선택은 엘지네요. 색상 화이트도 깔끔하고 실내가 좁아보이지 않아 만족합니다. 워시타워 적극추천!! 신세계가 열립니다.
5,구매한지 일주일도안되서 설치받았고 직장맘이라 설치하는거 못보니까 동영상까지 찍어서 세심하게 설명해주시는거에 감동~ 오프라인매장 가격에 후덜덜해서 g마켓 검색해본건데 완전 만족합니다^^
5,설치기사님도 친절했고 세트로 놔두니 사용감도 좋구 보기도 좋고 매우만족입니다. 워시타워의 장점은 다른게 아닙니다 조작버튼이.가운데 있어서 편한것전 이거 하나 봤습니다 리모컨보다 손맛이죠
5,"결혼해서 쓰던 만 16년 차 드럼 세탁기를 보내고 신셰게를 보여준다는 건조기 세탁기 일체형인 워시타워를 장만하였다.
테스트 결과 이건 뭐... 천국이 따로 없다. 전기셰는 많이 나올 듯 하다 열기가 따근 하다. 여튼 좋다"
5,이사하느라 바로 설치된다기에 반신반의하며 구매했는데 예정일 보다 더 빨리 연락이 와서 심지어 하루 늦춰서 받았어요. 결제 후 바로 십만원이 더 다운되서 아쉬웠지만 그래도 너무너무 만족합니다.
5,타 제품들과 이것저것 비교해보다가 지마켓 스마일 할인이용해서 그나마 알맞게 구매한것 같네요 할부기간은 길지만 사용만족도는 좋네요 건조기에 빨래를 돌리니 바로 사용가능해서 좋은데 전기세는 약간 걱정되네요 ^^
5,"원하는 날짜에 맞춰서 설치 잘해주셨네요
실물이 훨씬 이뻐서 마음에 듭니다
역시 건조대 높이 낮은게 큰 장점인거같아요
키가 작아도 건조기에 불편하지 않게 옷을 넣을수 있으니까요"
5,3일만에 받았어요 세탁실 입구에 냉장고가 있어서 그것도 옮기고 넣어주시느라 힘드셨을텐데 척척 잘하시더라구요 바로 세탁돌려봤는데 빠르고 건조기도 보송보송하니 오래 안걸리고 좋아요 그
5,"정말 좋아요 통돌이 쓰다가 바꾸니 신세계임, 조용하고 깨끗하게 잘 빨고 기분좋게 잘 말려주네요 전엔 세제 많이 써도 잘 안빨렸는데 세제도 딱 적정량만 쓰고도 참 빨래 잘되네요 빨래날이 설래요 많이파시구 대박나세요"
5,"6일 주문 14일 배송 완료.

예정일이 월말로 나와서 걱정했는데 다행이네요



삼성드럼 12년 썼더니 세탁물 냄새와 간혹 재시작을 해서 구매했어요 예전 가스식 건조기 썼었는데 건조시간은 비슷 한거 같네요"
5,"원하는 날짜에 딱 맞춰 배송해주셨고, 설명도 자세히 해주셔서 좋았어요.
새로 세탁기, 건조기 사서 신나는 마음에 이불이며 베개며 다 세탁하고 있습니다. 버튼도 가운데 있어서 너무 편해요~~~~"
5,집에 세탁기가 망가져서 엄마 선물로 사드렸는데 너무 만족하세요. 그동안 못 빨았던 온 집안의 이불을 다 갖다 빠는 중이랍니다:) 돈쓰고 굉장히 뿌듯하네요!
5,엘베 없는 4층인데 힘들게 설치해 주셔서 감사합니다!베란다가 환하네요~ 드럼 처음인데 세정력 나름 괜찮은 것 같아요 건조기가 같이 붙어 있어서 예열할수 있어 좋고현재까지 불편함 없이 잘 쓰고 있어요!!
5,18년된 10kg트롬세탁기 대신 새로온 이모님입니다. 아직 사용에 익숙치 않아 표준으로만 막막 돌리고 있는데 외관도 이쁘고 맘에 들어요. 다만 예전과 같은 세탁기에 붙이는 간편 사용 설명서가 없어 아쉽습니다.
5,"배송 설치빠르고 사전답사요청했는데 그것도 잘 처리해주셨어요~~트윈워시가 각각 세탁기 건조기 따로 사는것보다 훨씬 경제적이네요
모양도 예쁘구요~~~"
5,"주문하고서 궁금한 점 문의를 남기면 바로 바로 연락 주셔서 너무 편했어요
구매하고 기간이 얼마나 걸릴지 몰랐는데 생각보다는 빨리 된거 같아요
기사님께서 사전 방문 오시고 친절히 설명해주셔서 아주 좋아여"
4,크고 고가라 품질이 탁월히 좋을 줄 알았는데 기존에 쓰던 작은거랑 별 차이 못 느낌그냥 넉넉히 들어가 좋다는 것 외에는 가격만큼은 못하는것 같네요
4,건조기 신세계네요. 살까말까 망설이다 지인들 추천으로 구매하게 되었는데 삶의질이 달라졌습니다. 조용하고 우선 빨래 널 필요없이 바로 건조해서 말리면 된다는게 너무 편하네요. 적극추천요
5,설치공간에 딱맞고 너무예뻐요통돌이 쓰다가 큰 드럼으로 바꾸니 빨래 할맛나요ㅎ건조기랑 붙어있어서 옮기기도 편하고 너무 좋네요설치기사님 친절하시고 깔끔하게 해주셨어요
5,구매한지 사흘만에 왔구요 설치 잘 됐고 지금 수건 빨아보는 중 입니다 건조기를 쓰면 새로운 세상이 열린다는데… 마침 비도 내리는지라 건조기 쓰기 좋네요 이제 장마가 두렵지 않아요~
5,딱 10일만에 왔네요.11절 가격이 10만이나 내렸는데 속이 상하네요.저도 기다렸다가 할걸...13년된 드럼세탁기가 가고 최신형이라 세탁시간도 엄청.빠르네요.오늘 워시타워 온 기념으로 간만에 야식타임 가져야겠어요~^^
5,결재 후 일주일안에 원하는 날짜에 딱 맞춰서 잘받았습니다~사전 점검도 설치도... 친절하게 안내해주셨고 꼼꼼히 작업해주셨어요~10년넘게 10키로 드럼세탁기만쓰다 바꿔보니 시간도 반절 단축되고 아주 좋습니다~~
5,"너무 좋아요!
시간이 생각보다 오래 걸리는 듯 하지만
다용도실도 넓어지고,
바로 접어서 넣을 수 있다는 것도 정말 좋네요!!

설치도 너무나 친절하게 잘 해주고 가셨어요!!"
5,소리도 그닥 크지않고 아주 잘 돼네요건조기까지 있어서 비오는날 걱정할일도없이 바로 옷장속으로~쏘옥정말 듬직하네요 효자가 따로 없어요 굿!적극추천합니다
5,이전에 LG통돌이 세탁기와 삼성 건조기를 따로 나누어 사용하다가 이번에 LG트롬 타워워시로 바꾸었는데 나머지 공간을 다른 용도로 활용할 수 있어서 좋습니다.
5,"예정일보다 빨리 배송되어서 좋았어요

많이 알아보고 주문한건데 대만족입니당

조작부가 가운데 있고 사이즈가 슬림해서"
5,주문하고 3일만에 설치 받았어요자리가 좁아서 문짝떼고 설치했구요기사님들 친절하시고 고생 많으셨습니다워시타워 세탁 용량도 크고 건조 용량도 커서 넉넉하게 돌릴수있어서 좋아요
5,"원하는 날짜에 빠르게 설치해주셨어요.
생각보다 너무 이쁘네요 오브제하고 고민하다가 구매했는데 맘에 들어요 자리 많이 차지하지 않고, 좋아요 강추합니다"
5,주문하고 바로 다음날 오셨어요! 세탁기가 고장나서 걱정하고 있었는데 너무 감사해요. 베란다 문으로 못들어가서 작은방 창문 뜯고 조심조심 옮겨주시고 최고로 만족합니다.
5,빠른배송에 설치도 잘해 주셔서 감사드려요세탁실에 좁아서 워시타워로 샀는데 너무 잘한것 같아요건조기는 처음이라 먼지보고 놀라네요장마철에도 걱정없을것 같아요
5,신세계에요 생각보다 컴팩트해서 삼성보다 부피가 작아요 건조해도 구겨지지도 않고 너무 좋습니다~~~~ 오브제 할 돈이 부족해서 이 제품을 구매했는데 오히려 잘한듯 싶어요~ 깔끔합니다^^
5,설치공간이 협소해서 건조기만 사야하나 고민하다가 어느 분이 올린 설치사진을 보니 분리시켜 설치하는 모습을보고 속 시원하게 주문 설치 잘 했습니다.워낙 키가 높은 제품이라 배송시 분
5,세탁실이 좁아서 설치하는데 기사분들이 많이 고생하셨는데 제품 자체는 딱 좋아요 오브제컬렉션으로 안 해도 제품 자체 기능 보고 산 거라 만족합니다. 건조기 있으니 신세계네요 매일 편하게 살아요
5,터치방식에 버튼 조작을 중간부에서 컨트롤할수있어 편리하며 스타일러스 기능이 있어 의류 먼지와 냄새 제거에 탁월하네요 디자인도 심플하니 만족합니다
5,전에 드럼세탁기 소음으로 인한 스트레스 이제 걱정없네요..집안이 너무 조용 작동도 잘되고 일단 소음공해에서 해방 넘 좋아요..설치기사님 넘 고생했어요...
4,삼성세탁기10년쓰고 LG로바꿨네요 세탁기탈수시소음이있네요 건조기는처음인데 빨래널고걷는수고로움덜어서정말좋아요~설치기사님들친절하시고 수고많이하셨어요~매일 열일중입니다~^^
5,이리 저리 고민하다가 집에서 나만 볼껀데 하고 가성비로 선택했어요. 딱 좋네요~~~^^배송도 빠르고 예전 세탁기 바로 철거 해주고 좋아요
5,"10만원은 오르락 내리락 하지만 하루라도 빨리 주문 하고 예정일이 2주 뒤였는데 1주일만에 받은 것 같아요.
빠른 배송이 제일 좋습니다.^^"
5,설치도 뚝딱~ 기사님이 설명도 잘해주시고~ 제품도 완전 만족하고 쓰고있어요. 라이프스타일이 워시타워 전과 후로 극명하게 달라지네요~ 완전 추천합니다~
5,이사하느라 산더미처럼 쌓인 4인가족 침구이불빨래를 이틀동안 다해서 장안에 다넣었네요. 건조기없이 살다 들여놓았더니 너무좋아요.
5,입주 시기가 더운 여름이었는데 원하는 날짜에 맞춰 친절하게 설치해 주고 가셨어요! 소음도 적고 생각보다 빨래양도 넉넉히 들어가요!
5,"저렴한 시즌에 사서 잘 쓰고 있는데
너무 좋네요 단점이라고 한다면 세탁기 사용하기전애 건조기준비를 누르고선 사용을 해야지 시간이 절약되요 그거 말구는 너무 좋아요!"
5,원하는 날짜에 맞춰서 배송 잘 왔고 lg 전자에서 나오셔서 설치도 꼼꼼히 해주셨습니다. 오브제 제품과 고민했는데 컬러도 주방과 잘 매치되고 만족합니다.
5,일체형이라 높이가 낮아서 편리합니다 건조시간 단축도 살짝되는거같아요 기존 통돌이만 쓰다가 넘어왔는데 세탁력은 그렇게 못？∏¤쨉？ 편리하네요
5,"그동안 이런 신세계를 모르고 살았다는게 참...
저희집에 오셔서 세탁기를 보고 가신 어머님이 본인도 사시겠다며 알아봐 달라시네요^^"
5,"사용하던 세탁기가 갑자기 고장이 나서(오래되서 바꿔야지 하던중)수리비도 많이 든다 하길래 폭풍검색을 했죠^^
아이들도 다자라 집을 떠나고 부부만 사는지라 10키로 세탁기로도 일주"
5,"신혼때 통돌이구매했다가 4년만에 바꿨어요ㅎ
태어날아가도있고ㅋ세탁실이 너무 훤하게 바꼈네요!
배송도 주말끼고5일밖에안걸리고 너무잘쓸께요^-^"
5,트루스팀도 있고 용량도 큰데 싸게 잘 산거 같아요~ 설치도 원하는 날짜에 잘 해주시고 친절한 설명까지~디자인도 너무 이쁘네요~^^
5,"좋은제품 저렴하고 빠르게 구입할 수 있어서 매우 만족 합니다.
제품을 만드신분 판매하시는분들의 빛나는 노력을 설치하시는 분이 따라가지 못한것 같아 아쉽지만 신속한 처리에 감사 드립니다"
5,사전 답사로 수전교체로 설치가능하다하여 수전교체후 설치했습니다 지금 사용중인데 소음도 좋고 너무 괜찮네요크기가 너무 커서 깜짝놀랐는데 한번에 얇은 이불과 침대시트가 총4개 한꺼번에 들어가서 편했어요
5,가격도 너무 저렴하고 다자인도 일체형이라 깔끔하고 이뿌네요 건조해서 바로 입으니까 뽀송뽀송 너무 좋아요 그리고 따로 빨래를 건조대에 널 필요도 없어서 시간도 단축되고 진짜좋아요 엘지 워시타워 강추~~~~~
5,빠른배송 고맙습니다. 제품도 맘에 들어요. 세탁소음이 작고 건조도 짧은 시간 안에 뽀송뽀송 잘돼요. 세탁 건조 조작버튼이 가운데 있어서 편합니다. 다만 문이 좌우 선택할수 있음 좋았을거 같아요
5,운이좋았는지 주문하고 이틀만에 설치받았어요~ 기존에 아기사랑 세탁기도있었는지 원래있던 세탁기 건조기 잘빼주시고 설치도 너무 깔끔하게 잘해주셨어요~ 기대이상으로 더만족하며 사용하고있습니다~^^
5,세탁실 입구가 좁아서 힘들게 방 창문으로 넘겨서 설치 하시느라 기사님들 고생 많으셨는데 자세한 설명과 꼼꼼하고 친절한 설치까지 넘 감사했어요~~^^
5,사고 매우 만족합니다. 널고 말리는 과정을 더이상 안해도 되서 너무좋아요. 건조도 잘되고 먼지가 나오는게 눈에 보여서 좋네요~~
5,"넘 좋아요~

신세계내요^^

하루라두 빨리 경험해 보세요~~

넘 싸게 구매해서200%^^

오프라인 롯***하***

70~80만원정도차이나요ㅠ"
5,"일체형이라 깔끔하고 배송도 빠른편이었습니다
사다리차 써야했는데 추가비용없었고요
잘 설치해주셔서 어머니께서 만족하셨어요"
5,상품은 말한것도없죠ㅋ 입주전이라 에어컨도 없었는데 더운날인데도 설치기사분너무 친절하고 상냥하셔서 기분이 더 좋았네요.
5,"일찍 구매해놓고 이사날짜 맞춰요청해서 잘 설치됐습니다. 옛날아파트라 자리가 참 애매했는데, 깔끔하게 잘해주셔서 감사해요."
5,장마전에 구매. 부모님 한참 오래된 세탁기 바꿔드린 건데~ 뿌듯해요. 설치하자마자 빨래 돌리고 건조 해보시더니 장마때 딱 이라며 너무 좋아하세요.
5,워시타워~ 진정한 굿 초이스였습니다. 외관도 마음에들고 대용량이라서 성능도 굿!! 건조기는 정말 신세계입니다. 사전방문때는 설치자리 문제로 고민했는데 실제로 설치할때보니 자리가 괜찮더라구요. 잘 설치했습니다.
5,역시 만족합니다. 기능부터 디자인까지 다 맘에들어요. 물론 나온지 조금 지난 제품이지만 매장가격보다 훨씬 저렴하게 샀네요~
5,신혼때 쓰던 세탁기가 고장나서 구입했는데 세탁시간도 반의 반으로 줄고 건조도 되고 너무 편리하네요.가격도 쿠폰써서 저렴하게 구입했구요.엘지기사님들도 너무 친절하고 만족합니다.^^
5,"혹시나 설치가 안되면 걱정했는데, 설치장소 사전점검도 알아서 꼼꼼하게 해주시고 설치도 깔끔하게 해주셨어요. 아직 설치만 해놓고 사용은 하지 않았는데 기본 작동 잘되고 디자인도 예뻐서 매우 만족합니다 ㅎㅎ"
5,드럼세탁기가 고장나서 새로 샀는데 너무 좋네요~세탁도 빨리되고 소음도 적고...건조기로 돌리니까 수건이 더 부드러워요..스팀기능도 기대됩니다.
5,옛날아파트라 세탁기가 안들어갈줄알았는데 기사님께서 창문을통해 아주 잘 넣고빼고! 배송도 빠르게 해주시고 좋았어요~ 요즘세대에 건조기붙은 세탁기 너무편해서 계속 돌리고돌리고!
5,15년된 일반세탁기 하나만 사용하다가 워시타워로 바꾸니 신세계네요. 진작에 바꿀껄 그랬습니다. 한전환급금도 신청했고요.ㅎ
5,"원하는 배송날짜에 지연없이 잘 받았어요~
설치도 잘 해주시고, 설치 후 설명도 넘나 잘 해주셔서 만족합니다!!^^ 디자인이나 색도 무난하면서도 예쁜게 잘 산것 같아요~"
5,"3일만에 설치완료!
배송완료로 안넘어가서 이제서야 후기 남기네요.
세탁실 구조상 이렇게만 가능해서 문 여닫기가 불편하지만 제품은 만족합니다~"
5,빠른배송에 오나벽한 설치... 그리고 섬세한 안내까지 만족합니다.색상 때문에 고민 많이 했었는데흰색이 정답인 것 같네요...
5,제품구매 후 설치가 빨랐어요건조기 설치하니 날씨영향도 안받고 먼지가 털려서 너무 좋아요빨래도 보송하고 특가로 저렴하게 잘 산 것 같습니다
5,"쓸때마다 너무좋아서 주변에 계속 추천하고 있습니다이불,수건 빨래 할때가 제일 만족이고
건조기는 신세계 딱맞는말이에요"
5,처음으로 세탁기와 건조기세트로 사보는건데 너무 이쁘네요ㅎ건조기도 처음써는거라 기대반 설렘반이예유ㅎ베란다가 장소가 좁다보니 걱정을햇는데 기사님이 위치선정을잘해주셔서 설치잘햇네요ㅎ
5,세일할때 사서 너무 좋아요~ 비가와서 한번 미뤘지만 약속 잘지켜서 배송와주셨어요~ 설치도 꼼꼼히 잘해주셨구요~깔끔하니 너무 이쁘네요~~ 잘사용할께요~~
5,"뒷쪽에 보일러랑 하단에 턱도 있는데

기사분이 받침대도 설치해주시고 ..

통돌이 쓰다가 트롬 건조기 쓰니간 신세계 ^^"
5,원하는 시간에 배송 받아서 너무 만족합니다.2층 단독주택이었는데 사다리차 이용하여 설치해주셨어요~기사님들 너무 고생하셨네요 제품은 역시나 너무 이쁘고 백프로 만족입니다
5,"기사님께서 친절하게 잘해주셨고
세탁기와 건조기 모두 좋았어요
구매하길 너무도 잘 한 것 같아요
가전은 역시 LG~짱~~"
5,"워시타워 오늘 받았어요, 기사님들이 친절하시네요.사용후기까지는 이용을 해봐야겠지만 디자인 참 마음에 듭니다^^"
5,21kg/16kg 구매할까. 하다 큰사이쥬로 주문하고 이사하고 3일째 되는날 어제받아서 차렴이불 두개빨고 건조해서 장롱에 넣고 인형들 스팀살균하고 나니 속이 후련하네요
5,국내 최저가로 구입한듯!! 매우 만족 별 5개에 0하나 더 붙여서 50개 주고 싶네요~😄 빅스마일행사에 완전 득템요!!!
4,자리를 많이 차지하지 않아 좋아요아쉬운점은 아직은 건조기에 돌리면 안되는 제품이 은근 있네요 대나무 재질 제품은 수건도 줄어들어요
5,제일커서 구매를 결정했는데요진작 사지 않은걸 후회 할 만큼 좋네요빨래개빌때 먼지가 안떨어지고 뽀송뽀송 말려 나오니 너무 좋습니다
5,뒷베란다 문으로 통과를 못해서 작은방 창을 통해 넘겨서 설치했습니다. 창이 높아서 걱정했는데 기사님들이 잘 해주셨어요. 만족합니다.
5,흰색이라 고민하다 그냥 질렀는데 ..와서보니 넘 예쁘고깔끙하니 괜찮네요~~배송기사님들도 조심히 잘배치해주시고가셨어요~~소음도크지않고 건조기는 신세계예요~~우리집에서 세탁&건조가 열일하는것같아요~^^ㅋ
5,"설치도 너무 잘 해주시고 감사합니다
오브제사려다 기능똑같길래 이걸로구매했는데 너무만족스럽네요
고민하지말고 이거주문하세요!"
5,워시타워 나오기 전에는 건조기가 위에 있을 때 맨 안쪽 빨래물을 꺼내기가 어려웠는데 키 높이 만큼의 버튼이 생겨서 너무 편리해졌어요.
5,착한 가격과 최고의 서비스로 트롬 워시타워 제품 잘~ 받아 사용중입니다^^ 앞으로 우리집 가전은 sk스토아와 함께 하려구요! 감사합니다~
5,배공도 빠르고 세탁 건조 디자인부터 성능꺼지 너무 좋아 대 만족입니다.삶의 질이 한단계 높아진 기분이네요..ㅎ
5,"장소가 협소하여 기사님불러서 공간 확인후 설치 하였습니다.
수도꼭지부분을 교체하여 공간을 확보한후 작업을 하였는데
사진에서 보시다시피 마춘것 처럼 딱 맞아요"
5,"원래있던자리에 설치를 못해서 배.급수 호수가 길게되었어도 잘 되고 너무 좋네요

디자인도 좋고 세탁.건조도 진짜 잘 되네요

감사합니다"
5,"설치 사전점검 부터 고객센터 통해 기사님 시간 예약까지
그리고 깔끔하게 잘 설치되어서 지금 건조기 돌리는
중인데 너무 대만족입니다"
5,"배송이 많이 늦어. . 불편했지만
제품설치 깔끔히 해주셔서 정말감사드립니다
용량대비 제품은 슬림해서 공간 여유도 있고 넘 좋으네요~"
5,"생각보다 빨리왔어요
첫 배달은 2주 안되서 오고
시간이 안되서 3일 미뤄서 설치했어요
40분만에 후다닥 설치하고 가셨어요
스티로폼이 떨어져있어 치우느라 조금 애먹었지만 상품이 좋네요"
5,여러군데 비교해보고 제일 저렴한곳이었어요LG전자물류에서 바로 배송 설치까지해주셔서 너무 만족스럽습니다
5,"주변 말 들을껄.. 이걸 왜 이제 샀나 싶습니다 ㅠ
버젼업된거 나오자마자 타이밍 맞아서 잘 구매했습니다. 별개제품 올려둔거같은 삼성보다 훨씬 깔끔하고 신뢰가는 제품"
5,"아 진짜 미쳤어요.
디자인부터 역시 LG기사분들이 너무 친절하시구.
어제부터 밀린 빨래를 하고있는데
혁명입니다.
정말 건조기 없이는 못살 듯 싶어요.
세탁기 건조기 너무 조용히 잘 돌아가고 :)
사랑해요 엘지입니다."
5,세탁기가 고장나서 늦게 받을까봐 걱정했는데 지정일날 오셔서 설치 해주셨어요.세탁실 문이 좁아서 작은방 창문으로 설치 잘 해주셨어요.설치기사님들 감사합니다..크고 조아요..이제 이불 빨래 맘껏 할수 있을것 같아요~~~
5,부모님댁에 건조기가없어서 이번에 바꿔드렸어요공간이 애매해서 수전교체하고 설치했네요엄청좋아하십니다
5,"건조기는 신세계이네요. 왜 진작 안샀나 후회했어요.
한달을 고민하다가 워시타워로 구입했어요.
세탁기 용량이 커져서 빨래를 모아서 할 수 있어서 빨래하는 횟수가 줄어들었어요."
5,전에쓰던 세탁기가 오래되기도 했고 5월에 이사가는김에 이제품으로 바꾸었네요용량도 넉넉하고 건조기도 있어서 매우편리합니다
4,"원하는 날짜에 설치해 주셨구요
제품은 아직 사용전이지만 세탁실이 환하네요.
.믿고 쓰는 LG제픔이니 고장없이 잘 사용했으면 합니다"
4,건조기 처음 접하는데 신세계네요삼성제품이 더 저렴하고 성능도 비슷해서고민했는데 이제품은 일체형이고 높이도 낮아서선택했고 조용하고 좋은데 건조 시간이 한시간넘게 걸립니다
5,빨래할맛 나네요며칠사이로 10만원 가격 떨어짐고 실화입니꽈~??제품이 좋아서 매우 만족하며 사용하고있아요
4,생각보다 깊고 넓어요. 이불빨래 무난하게 가능하고 주문하고 받기까지 4일밖에 안걸려 매우 좋았어요삼성과 고민했는데 lg선택하길 잘한 것 같아요.
5,워시타워 최대용량 제품으로 기능도 다양하고 세탁건조도 잘됩니다. 트루스팀 기능도 주름 꽤 펴지고 유용합니다.엘지물류에서 설치나옵니다. 매우 친절하게 해주셨고 수평도 매우 잘잡아주십니다.
4,디자인은 정말 예쁘네요. 다만 불림 기능이 없고 세탁방식 때문에 통돌이에 비해 세척력은 많이 떨어집니다.
5,지인 소개로 11번가에서 같은 상품 구매했어요.이사한 집과 잘 어울리고 세탁.탈수 아주 잘 되어 만족합니다.
5,워시타워 쓰니까 넘 편리하고 좋네요. 주말에 주문해서 배송이 좀 늦었지만 사용해보니 정말 좋아요. 세탁 끝나고 바로 건조할 수 있어서 정말 편리해요.
5,"드럼, 건조기 첨써보는데 너무좋네요
설치공간이 깊이80cm밖에 안되서 설치될까 걱정했는데 다행이 딱 맞게 설치되었고요
카펫같은걸로 바닥 보호하면서 설치해주셨어요"
5,저렴한 가격에 좋은세탁기 잘 구매했습니다..와이프가삶의 질이 달라졌다고 하네요 설치도 깔끔하게 해주셔서 별5개드립니다~~^^
5,"건조기 들어오고나서, 신세계가 열렸어요. 수건은 너무 부드럽고, 이불 청소 너무 좋습니다
필터에 먼지보면, 왜 이제 샀나 싶네요.."
5,좀 가격이 높은데 공식인증점이라 그런지 배송빨라서 정말 좋았습니다. 가전은 엘지 성능은 엄청 좋아요.
5,11일절에 라이브방송을 놓쳐 그날에 구매했어요.토요일주문해서 운좋게 오늘 받았고요배송기사님이 친절하게 설치후 설명도 잘해주고가셨어요.건조기 강추합니다일체형이라 높이도 163인저에거 딱 좋아요
5,역시 가전은 엘지네요 버튼도 가운데에 있어서 편하고 무게를 알아서 인식해서 빨래시간 조절하고 세월참 좋아졌네요. 건조기하고 너무 생활이 편리해졌습니다.
5,공간차지도 덜하고 깔끔한 디자인에 사용도 편해요. 설치도 시간맞춰와주시고 자세한 설명도 좋았어요.
5,설치하는 기시님들이 너무 설명도 잘해주시고 바로 사용중 이랍니다..^^ 디자인도이쁘고 성능도 좋아요..
5,주문하고 3일이내에 설치 완료했고 부모님이 너무 마음에 들어 하세요! 기사님들 친절하셨고 좋은가격에 좋은제품 구입했어요^^
5,"굉장히 꼼꼼하게 설치해주셔서 만족하고
기능이나 제품은 말할것도 없네요
미관상도 예쁘고 세탁종료전 건조기 예열기능이 너무 마음에 들어요"
5,제품은 좋아요. 기존 초창기모델 8키로 건조기 썼던터라 이불건조가 너무 힘들었는데 17키로 건조는 신세계네요. 좁은 공간에 억지로 끼워넣느라 설치기사님이 화가 많이 나신것 같더라구요. 설치기사님 별로였네요
5,용량이 커서 엄청 뽀송하게 건조됩니다 ㅎ 앱과연동 해 알림을 받을수있고 다운로드코스를 사용하면 간단한세탁물도 빠르게 세탁가능합니다 ㅎ
5,"15일에 샀으면 국민카드 청구할인도 받아 좋았을텐데
아쉽지만 배송빠르고 설치 잘해주어서 만족합니다"
5,소리가 조용하고 생각보다 슬립해서 너무 좋아요^^!!설치도 후딱 꼼꼼 친절하게 해 주시고 가셨어요..^^
4,"오브제와 오랜 고민 끝에 이 모델을 구매했는데 잘 산것 같아요. 단, 불림기능이 없는건 다소 아쉽네요."
5,"수도꼭지때문에 설치가안되서 슬림형 3만원주고 교체했더니 딱맞네요 건조기는 진짜예술입니다
드럼세탁기 빨래잘되네요"
5,구축아파트라 사이즈가 애매해서 고민 걱정 많이 했는데 배송기사님들이 너무 친절하게 꼼꼼히 최대한 맞춰서 설치해주셨어요..너무 감사드려요..용량 커서 이불빨래 맘껏 할 수 있어서 그게 제일 좋아요^^
5,턱땜에 턱연장작업해야하나 걱정했는데 기사님이 친절하게 받침대를 설치해줘서 너무 고마웠습니다.
5,"인기제품이라 설치가 늦지만 아주 좋습니다.
오브제 살필요 없어요~ 색상차이말고는 기능은 동일해요~"
4,설치는 잘 되었습니다. 아직 사용전이라 성능은 잘 모르겠네요. 가격이 좀더 착했으면 좋겠어요!. 디자인은 이쁘네요! 감상중
5,날짜 변경관련해서 신속한 처리가 만족스러웠고 방문설치과정에서도 아주 흡족하게 진행되었습니다
5,삼성이랑 고민하다가 워시타워로 결정~!!사전답사로 친절히 설명도 해주시고..세탁실이 환해졌어요^^
5,생각보다 크지만 워시타워여서 딱 좋네요수건 돌려봤는데 먼지가 장난아니에요 정말 마음에 들어요!
5,"부모님 사드렸는데 너무너무 좋아하십니다
진작 사드릴걸 그랬어요
좁아서 안들어갈까바 작은거샀다가 실사나와서 큰것도 들어간대서 취소하고 이걸로 샀어요
넘넘 만족합니다"
5,"이사하면서 트윈워시와 건조기 직렬배치가 어려워 고민끝에 워시타워로 구입했어요
설치기사님 정말 친절하십니다 역시 가전은 엘지입니다"
5,드디어 오늘받았습니다.세탁실입구냉장고때문에 사다리차로 올려서 기사님께서 고생하셨어요.빠르게 꼼꼼히설치해주셔서 고맙습니다~^^
5,이전 사용하던 제품보다 소음도 개선되고 매우 만족입니다. 설치도 어려운 환경에서 잘 해주셨어요
5,"약속한 시간 정확하게 맞춰주셨고,고생많이 하시면서 깔끔하게 설치해주셔서 너무 감사했어요.제품 아주 좋고 만족합니다."
5,"매장가서 알아보다 인터넷으로 가전 처음 샀어요.
배송도 이틀만에 오시고, 기사님들 친절하세요.
통돌이쓰다 드럼쓰니 너무 조용하네요. 손으로 버튼 터치하고, 키작은데 문열고 닫기도 편해요. 강추요!"
5,"세탁기 기능도 많고 효율적입니다.
건조기 사용시 옷감 손상도 거의 없습니다.
무엇보다 건조시 꿉꿉한 냄새가 나지 않고 기분 좋은 섬유유연제 향이 지속 됩니다."
5,고민에 고민을 하고 비교후 구매했는데아주 만족합니다저렴한가격에 디자인도 이뿌고 이불빠래 건조후 뽀송뽀송한 느낌이 너무 좋으네요
5,기존에 쓰던 드럼세탁기보다 소음이 적은것 같고 처음 써보는 건조기로 설치하자마자 이불빨래하고 건조까지 너무 좋아요
5,3일만에 받았는데 좋네요 조용하고 신세계 입니다. 건조기 첨 쓰는 사람으로써 전기세가 걱정되긴하나 괜찮다고들 하네요.
5,부모님이 필요하시다해서 친정으로 보내드렸어요~설치기사님들도 친절하고 상품도 만족하신대요
5,건조기와 대형 세탁기를 가전으로 추가하며 우리가족의 여유가 한층더 업그레이드 된것 같습니다
5,화이트톤이라 깔끔해서 좋고요. 일체형으로 타 제 품 대비 실용적인것 같아 매우 만족스럽습니다
5,"믿고사용하는 lg제품입니다.
디자인도, 성능도 좋아요^^
설치기사님들도 친절하시고 최고였어요^^"
5,단점은 주문했는데 늦게도착했어요. 장점은 사용해본결과 신세계에요. 빨래에서 물냄새도 않나요~ 이제 냄새나는 수건않써도 될거같아요
5,"친절한 기사님이 꼼꼼히 챙겨 주셔서 고마웠습니다
디자인 성능 모두 만족합니다
앞으로 고장없이 오래 썼으면 좋겠네요^^"
5,구매한지 이틀만에 배송받아 놀랬습니다. 건조기만 구매하려다 세트상품으로 구매한건데 공간활용하기도 좋아서 워시타워로 사길 잘했네요. 여러모로 편리합니다.
5,"좋습니다..
배송은 LG에서 해주셔서 시간지정.사전답사까지 모두 만족했고 여기가가장 저렴해서 구입했는데 막족합니다"
5,주문하고 이틀 후 설치 받았어요.기사님들 친절하셨고 매장보다 싸게 샀네요.설치하고 바로 세탁하는데 소리 크지 않고 블랙과 고민했는데 화아트 넣었더니 세탁실이 화사해졌어요.
4,일주일정도 기다려서 설치 받았네요 ㅎ 건조기 신세계라 좋습니다 ㅋ 일체형이라 쓰기 좋구요^^
5,장모님 이사하셔서 하나 장만해드렸어요 정말 저렴하게 잘구입했네요 제발 잔고장 없어야될낀데 너무좋아하시네요
5,이걸 왜 이제 샀나 ~ 하고 생각했지요.세상은 건조기가 있는 세상과 없는 세상으로 나뉜다지요.색은 좀더 저렴한 흰색으로 했고 만족하지요.집안에 먼지가 확실히 줄었구요.고민하지 마세요.배송만 늦지요..^^
5,워시타워 정말 좋네요.건조기가 원바디일체형이라서사용하기 편해요.왜 이제야 구입했는지....
5,원하는 날짜에 설치 해주셨고 친절하셔서 좋았어요또 세일기간이었어서 저렴히 잘 구매했네요
5,배송원하는날짜에잘왔구요 실버랑 화이트돈을떠나서 고민 많이했는데 화이트에검정유리도어 너무이쁨니다 건조기첨써보는데 완전 유레카네요 만족합니다
5,배송도 빠르고 사전답사를 할 수 있어서 도움이 되어 정말 좋았습니다 제품또한 너무 좋네요 ~
5,"제품은 LG라 달리 말할게 없구요.설치기사님 두 분이 친절히 설명해주시고,꼼꼼한 설치와 깔끔한 뒤정리 등 정말 감사하네요. 항상 건강하시고, 안전하시고,평안하시길 축복합니다."
4,기존 세탁기보다 커서 설치가 어려워 당황했지만 기사님들랑 상의해서 설치했어요 세탁부터 건조 까지 시간이단축되고 디자인도 이뻐요
4,집이사 선물로 드렸는데 오셔서 넣을 공간 사이즈 재주시고 다음날 다시 상품 갖고 오셨대요.
5,주문하고 바로 다음날 설치해주셨어요설치 기사님들 너무 친절하시고 상품 설명도 잘 해주셨습니다.바로 사용해보는데소리도 그렇게 크지않고 특히 건조 준비 기능 너무 좋아요!!
5,배송도 진짜 빠르고 기사님분들도 엄청 꼼꼼하게 설치해줬어요 만족합니다 앞으로 10년 가족
4,일주일 기다리긴 했지만 좋은제품 싸게 잘 산것 같아요~앞으로 빨래하는게 즐거워 지겠네요~
5,와 이때꺼지 건조기 없이 어떻게 살았나 싶을정도로 좋아요가격도 착하고 성능도 완전좋음!!
5,설치 기사님중 한분은 너무 힘든티를 앞에서 내시고 좀 그랬지만 세탁기 자체는 너무 좋네요~ 할인할때 구매 잘했습니다
5,초기모델 9키로 건조기랑 통돌이 사용하다가 워시타워 구매했어요. 사용하기 무지 편하구요. 좁은공간에 설치해주시느라 감사합니다.
5,세탁력과 건조력 모두 만족스럽습니다. 디자인도 너무 이뻐서 인테리어에 그만입니다. 통돌이 사용하다 넘어왔는데 소리는 의외로 더 시끄러웠습니다.
5,상품은 깨끗하구 좋아요 높이도 낮아서 빼는것도 편해서 자주 사용중이에요 화이트라 다용도실도 너무 깨끗해보여요
5,"쇼핑라이브때 바로 픽 ㅎ
배송도 빠르고 짱예요
처음으로 수건돌리고있어요 ㅎ
기대중입니다"
5,저렴하게 잘 구매했어요. 1등급제품이라 전기료도 많이 안나오고 구김없이잘 말려서좋아요
5,"설치도 깨끗하게 잘 해주셨어요
기사님들 더운날 고생하셨네요
감사합니다 상품은 넘좋아요"
5,"드뎌 만난 워시타워 ㅠ
오브제 살필요 없이 이 제품도 너무예뻐요 ㅠ
정말 잘산것 같아요 ㅠ"
5,다른 색깔있는 제품들 가격이 많이 올라서 이제품 오르기전에 빨리 구매했습니다.. 디자인도 깔끔하고 성능도 좋아요
5,용량크고 세탁도 금방되고 너무 좋아요. 볼수록 예쁜데 베란다에 있는게 아까울정도네요.
5,기사님 너무꼼꼼히 친절하게 설치 잘해주셔서 아주 만족하고 제품또한 역시 잘샀네요 ^ ^
5,할인 받고 싸게 잘 산것 같아요다용도실이 작아 설치가능할까 걱정했는데 설치기사님의 능력으로 설치완료했네요. 이제 이불빨래 할수있겠네요 ㅠ
5,엘지 워시타워 탁월한 선택! 너무 만족합니다~~ 에너지효율 1등급 환급까지 받았어욤^^
5,세탁기가 고장나서 주문하고 오래 기다려서 배송완료 됐네요.올인원이라 좋을거 같아요
4,기사님 두분이서 고생많으셨어요. 베란다에 안들어가면 어떻하나 했는데 요리조리 잘 넣어 주셨어요.설명도 잘해주시고~추천합나당
5,엘지 트롬 17년 쓰고 바꿨는데 엄청 크고 소음도 적고 시간도 빠르고 좋아요 번창하세요
5,김치냉장고 때문에 설치하기 힘드셨을텐데 친절히 해주셨어요. 제품 잘 쓰고 있습니다~
5,"좁은 공간인데 잘 들어가서 넘 좋아요.
기사님들도 친절히 잘해주시고 너무 만족합니다."
5,"빨래에 신세계가 열렸어요
이렇게 편한걸 왜 이제 했는지.
너무 잘 사용하고 있습니다 ^^"
5,외관도 깔끔하게 이쁘고 2대가 합쳐져서 조작도 쉬워요. 설치기사님들도 친절했습니다
5,"너무편하고 전엔 하루종일 빨래했는데
요샌 반나절도안걸려요
왜 이제산건지 강추해요"
5,사전에 실측도 바로 해 주시러 오시고 설치도 주문 후 5일 정도 밖에 안 걸린 것 같아요
5,어머니 집에 설치 해드렸는데좋아하시네요날짜도 맞춰주시고 마무리 까지 좋았습니다
5,세탁실 공간이 아쉽게 안되서 작은방에 수도이설해서 잘 설치했네요 이쁜 일체형 포기못해서..ㅎ구매잘했습니다
5,노후 드럼세탁기 교체하면서 삼성과 비교하다 후기좋은 워시타워를 좋은조건으로 구입했습니다. 저에게 건조기는 신세계입니다.
5,적당한 높이에 기사님도 친절하시고 다 좋았어요. 근데 단하나.. 1년정도 살다가 이사가야 하는데 설치기사님 따로 불러야 한답니다???
5,"설치공간이 좁은 공간인데도 불구하고 설치기사님께서 잘 설치해주시고 가셨네요. 구매 후 설치까지 2주정도 걸렸고, 제품은 디자인도 이쁘고 만족스럽습니다."
5,저번에 워시타워 구매 설치 하고나서 사용해보니왜 이제 샀을까 후회 했어요.이번에도 똑같이 구매해서 부모님 에게 설치해 드렸는데요.너무 좋아하세요. 이번에도 설치 날짜 공식대리점 설치는 진리네요.
5,주문한지 일주일만에 왔구요 제품은 두말할 필요가 없네요. 전에 13키로 쓰다 용량이 커져 빨래가 더 쉬워졌네요.
5,대용량이여서 신세계가 따로 없네요.세탁도 깨끗하게 잘 되고 건조기도 빨래가 뽀송뽀송 잘 말려져서 좋습니다
5,"용량도 커서 좋고, 화이트 디자인이라 엄청 깔끔합니다. 무엇보다 배송/설치 기사분들이 고생하시면서도 완벽에 가깝게 설치를 해주시네요~세탁중에 건조 예열하는 기능이 좋은것 같아요!!"
5,배송은 보름 걸렸는데 설치기사님 신속 친절하게잘 설치해주셨어요제품은 흰색인데 깔끔하고 성능은 물론 좋아요너무 만족합니다.건조선반 없는 모델이라 lg전자 사이트에서 9500원 주고구입했어요.
5,"베란다가 좁아 설치힘들줄 알았는데 기사님들
실력이 좋아 잘설치 했습니다 이제 빨래방 안가고
집에서 편히 빨래할수있어 좋네요"
5,워시타워라 역시 깔끔하고 건조기는 세상 좋네요! 배송 오자마자 맨날 빨래돌려요^^
3,세탁후 문쪽에. 뭔가. 얼룩이 생겼는데. 왜 인지 모르겠넹ㅛ. 그거 빼곤 크고 좋아요
5,"이삿날에 맞춰 사전답사후 설치해주셨어요
세탁과 건조 모두 잘됩니다 엄청 검색하고 결정했는데 만족합니다"
5,설치하고 바로 수건세탁하고 건조했는데 먼지가 ~~오메 이 먼지를 매일그냥 얼굴을 닦았다 생각하니띵 하네요앞으론 뽀송한 깨끗한 수건을 매일 쓰게 되었네요진작 살걸요
5,통돌이 쓰다가 건조기를 쓰니 널 필요도 엄고 혁신이네요삶의 질이 향상된 느낌^^
5,배송도 일정보다 빠르게 와서 너무 만족스럽습니다설치또한 깔끔하게 해주셨네요
5,목요일날 결재해서 토요일날받았습니다 기사님들도 엄청지친절하셨어요 오랜고민끝에 구매했는대 와이프가정말좋아해요
5,"너무 좋아요~
용량이 큰 거라서 이불도 막 빨고 건조하고
흰색이라 깨끗해보이고 이제 건조기 없인 살수 없어요~~^^"
5,"말이 필요없습니다. 좋은기회에 아주 잘 장만했네요 ^^

무엇보다 앞으로 뽀송뽀송하게 이불덮고 잘거에요 ㅎㅎ"
4,"완전 마음에 들어요
너무 설치 기사님들도 친절하시고
역시 가전은엘지!! 짱이예요"
5,설치는 좀 아쉽네여. 배수관을 문여닫는데 걸리게해놓아서 제가수정좀했습니다..
5,아직 사용전인데 기사님 친절하게 설치해주시고시운전했는데 조용합니다 좋아요
5,"배송 9일걸렸어요. 매장물류보다 엄청 빨리오긴 했어요 ^^
설치사진보니 뿌듯하네요 ^^ 할인받아 만족합니다."
5,배송이 바로왔어요 꼼꼼한 설치와 폐가전 수거까지 원스톱으로 진행되었습니다.
5,가격이 수시로 바뀌지만받고 나니 만족해요엄청 큰데 좋아요 큰거사기를 잘햇음
5,지정된 시간에 맞춰서 잘 설치해주셨어요직접보니 더 깔끔하고 예쁜 세탁기네요
4,잘설치해주셨어요 약간의헤프닝은 있었지만ㅋ 생각보다 넓고크네요ㅎㅎ 편해요
5,잘 받았어요. 엘리베이터 없는 2층인데 무사히 잘 설치해주시고 가셨어요. 생각보다 공간을 많이 잡아먹네요. 잘 썼으면 좋겠어요!
5,"설치 잘 해 주시고 사용 방법도 잘 안내해 주셨습니다.
디자인도 예쁘고 좋네요^^"
5,문제없이 설치해주시고 세탁기 사용방법에 대해 친절히 알려주셔서 좋았습니다
5,원하는날에 맞춰서 잘받았어요기사님께서 친절하게 설치도 잘 해주시고 좋아요
5,"건조기 돌리면서 먼지양보고 깜짝놀랬어요
빨래도 잘되고 따뜻하게 건조된 수건 개는 재미가 있네요 좋아요"
5,워시타워 진짜 좋아요ㅜㅠ지정배송일로 했는데 지정일에 딱 맞춰서 잘 왔구요! 제품 구매한거 후회없네요~^^
5,지정한 날짜에 정확히 배송 설치가 완료되었습니다. 기사님들도 무척친절하시고 더욱이 요즘같은 시기에 엘지전자의 인증 판매 제품이라 믿고 구매할수 있어서 좋군요
5,저렴하게 구입하고 잘 설치받았습니다 금요일 사전방문 토요일 설치 기사님들 전문가라 정말 빠르고 신속하네요 확실히 높이가 낮아서 편리할것 같습니다~~
5,"드럼,건조기 처음 사용해보는데

왜 빨리 구입안했나 후회될정도로

대만족입니다"
5,"세탁기 들어가기 너무 힘들었는데
정말 인상한번 안쓰시고 설치해주시고 가셨어요.
건조기 넘 좋아요~~~~ㅎㅎ"
4,개원선물로 준비한건데 배송일도 늦었고 가격도 더 주고 구입해서 속상합니다
5,건조기 처음 써보는데 좋아요?설치기사님 설명도 너무 잘해주시고 친절하세요
5,"한달간 고민하다 워시타워로 결정했습니다~^^ 사전설치점검, 설치가 바로이어지고 추석전날 받아 덕분에 추석선물？楹六？~"
5,다른 곳 보면 주문 후 상당히 시일이 지난 뒤 설치해주는 것도 있던데 여기는 바로바로 진행이 되어서 좋았어요
5,"가운데 컨트롤부에서 세탁기와 건조기 모두 조작 가능해서 좋고, 세탁하고나면 건조코스가 자동으로 설정되는것도 편하네요"
5,"배송엄청빠릅니다
건조기팔고 워시타워로구입했는데
정말잘한선택인거같아요"
5,배송도 원하는 날짜에 해주시고 워시타워도 사용해 보니 너무 편하고 좋아요~
5,건조기 없이 살았던 지난10년의 나에게 말해주고싶다 빨리사 이 멍청아라고...
5,이쁘고 깨끗하고 깔끔한 디자인 소음도 적당하고 건조도 짱~^^ 세탁도 잘되고 건조기 처음 사용하는데 생활의 품격이 달라집니다
5,삼성 그랑데와 수없이 고민하고LG 트롬 워시타워 구매했습니다.가격은 좀 비싸지만 제값하는 제품입니다.
5,정말 설치기사님들 좋으시고 설치조건도 까다로운조건인데도 불만없이 깔끔히 설치해주셔서 좋네요 그리고 값싸게 구매해서 만족합니다
5,실물이 훨씬 예쁨. 오래 썼던 세탁기와 비교해 조용한 편이고 빨래양에 따라 시간도 맞추는지 세탁시간이 줄어든거 같아요. 만족!
5,드디어 워시타워를 받았네요 설치잘해주시고 지금 건조돌리고 있는데 생각보다 조용한건아니네요ㅎㅎ
5,일단 잘받았어요오전에 받겠다구 했는데 밤에 오겠다하구설치전에 설치가능한지 보러 오시는분도 안오시구설치하기까지 우여곡절이 있었지만현재 잘 사용하고 있습니다
5,가전은 확실히 엘지네요 ! 기능도 다양하고 설치며 서비스며 단연 최고에요!
5,"일단 장마철 완전 좋습니다

이젠 건조기 없던 시절 상상이 안가네요

강추에요"
5,원하는 날짜가 있어서 설치를 조금 미뤘는데저희 요청 다 들어주시고 원하는 날짜에 맞춰서 설치까지 해주셨어요제품도 아주 좋고 가격도 만족할만한 수준에 구매해서 아주 만족합니다감사합니다.
5,배송 하루만에와서 너무 빠르고 설치도 한시간에 뚝딱해주셔서 좋았습니다
5,"제가운이진짜좋네요~~^^명장님께서 직접설치를 해주시는 행운이^^ 제품이쁜건물론이고 세탁실이환해집니다.
배송 설치 너무 감동입니다."
5,배송은 일주일 정도 걸린 듯해요. 상품은 매우 좋고 설치도 잘 해주셨어요.
5,"빠른배송 감사합니다
워시타워 상단에 약간의 들뜸이 있어 고객센터 접수후 점검받았으나 그냥 써야한대서 조금 찜찜하네요
기능이상은 아니라 그냥 쓰지만 자꾸 눈에 들어와서ㅠ"
5,배송도 빠르고 제품도 안전하게 설치해주셨어요! 잘 사용하고 있습니다 :)
5,여전히 잘 사용하고 있어요!! 이사 기간에 이벤트해서 잘 샀습니다 좋아요
5,기존 트롬 세탁기 사용하다가 건조기 셋트로 구매했습니다.역시 가전은 LG
5,세탁용량도 크고 건조기까지 모두 만족합니다역시 엘지 짱!!!대박나새요~~
5,1등급 가전이고 디자인 깔끔하고 설치도 빠르고 기능과 성능 다 좋습니다.
5,원하는 날짜에 배송 잘 받았고 대리점보다 50만원 이상 저렴하게 샀습니다
5,"저렴한 가격에 잘 샀습니다
베송도 잘받고 설치기사님들도 친절하시네요^^"
5,통돌이만 쓰다가 드럼건조기 겸용은 처음인데 정말 조용하고 편하고 세탁도 정말 잘되네요세탁실이 좁아서 힘들었지만 가스계량기 이전하고 설치했어요 비용은 더 들었지만 잘 구입한것 같아요^^
