,Title,Score,Comment
0,더 킬러: 죽어도 되는 아이,7,여러장르가 섞여있는데 장혁이 그걸 담을 만한 연기가 부족함.
1,대무가,10,색깔도 예쁘고 볼거리가 풍부했음.
2,서울괴담,1,공포와 다른 무언가 다 놓친 느낌.
3,여인의 향기,10,편하지만 자신의 이익만 쫓는 그릇된 신념으로 얼룩진 하인간 투성이인 사회 속에서 힘들지만 나약하고 비겁하지 않는 참된 신념으로 가득찬 상인간의 삶을 살아가게 용기를 주는 영화네요. 오늘 밤은 존 다니엘 한잔합시다. 후~아!!
4,"오늘 밤, 세계에서 이 사랑이 사라진다 해도",10,보고 영화관에서 눈물 실컷 흘렸어요..
5,배드 럭 뱅잉,8,생각보다 나쁘지는 않았다.
6,교섭,5,이게 정말 실화라고? 정말 우리나라에 이런 협박영상을 보내 당황감을 줫다고...? 미국이라면 모를까 우리나라에도 이런일이 있었다는게 믿어지지 않는...
7,컴온 컴온,10,생각보다 더 눈물이 많이 남.
8,6번 칸,7,시리도록 차가운 바람에도 한줌의 온기를 머금고 간다.
9,샤잠! 신들의 분노,7,요즘 마블보다는 DC가 더 무난한 편
10,에브리씽 에브리웨어 올 앳 원스+,1,평점 5점이상 줄 수 없는 영화.아카데미 이해안간다.
11,애프터썬,9,알고 싶은 기억과 믿고 싶은 기억의 감정선들...
12,다음 소희,9,실화 기반이라서  그런지 안타깝네요...정부 교육부 학교 교사 기업 다 문제고요 여러 문제점들이 개선될때까지는 실습제도를 당분간 금지시켜야 할거 같습니다
13,극장판 검정고무신 : 즐거운 나의 집,1,검정고무신 4기때부터 이상하다 싶었는데위키 보니까 이미 그때부터 형설이 멋대로 했다고 하네요결국 작가님은 떠나시고… 이 회사가 이후로 또 멋대로 기영이 기철이 캐릭터 상품화 해서 낸다면 그건 진짜 악마보다 더하는 행동임.진짜 별 한개도 아깝다! 작가님 살려내라!
14,에브리씽 에브리웨어 올 앳 원스+,9,과거든 현재든 미래든 모든것은 의미없는 것은 없다...
15,소울메이트,10,아~~어느댓글을 보고 마지막장면이 감동이확몰려오네요ㅠ 자유를 찾은 널 잊지않을게~~
16,우아한 세계,10,먹고살기 힘든세상이라는걸 깨닫게 해준영화
17,무간도 IV - 문도,1,지금 티비에서 해서 보고있는데..와사비 레옹파트2처럼 제목가지고 장난친영화
18,기생충,9,한국에 서민들이라면 나또는 친구 지인들이 반지하서 사는분들이 꼭한분이 있었다...그래서 더 몰입되었고 충격이었다 마무리가 비약하다는분들이 있는데 난 엔딩이 너무 신선하고 봉감독이 천재라 느꼈다
19,스즈메의 문단속,10,짠한 ost가 좋았습니다.
20,스즈메의 문단속,8,캐릭터들의 개연성이떨어지다보니 이야기에 집중을못하겠음. 큰그림을 단순히 대지진에 싸우는 소년소녀에 초점을맞추는게 통하는곳은 일본이지 한국은아닌듯.. 영상미는 여전히좋았지만 이번에도 너의이름은을 넘기지못한영화라는게 아쉬움
21,스즈메의 문단속,1,
22,샤잠! 신들의 분노,8,역시 기대 안하고 보니깐 볼만 한데 요즘 극장표 가격 생각하면 평점 낮추고 싶음ㅜㅜ
23,스즈메의 문단속,6,생각없이 보면 재밌음이게 맞나 싶지만 아무생각 없이 보면됨재미는 있음
24,스마트폰을 떨어뜨렸을 뿐인데,10,"신파가 어디있음..? cj계열 영화(ex. ㅂㄹㅋ)보다 신파 덜한데? 배우들 연기력도 좋고 스토리도 신박하고 재미있길래 평점 볼려고 검색했다가 놀람.. 안티 붙음? 충분히 있을법한 일이고 스마트폰을 소재로한 비슷한 영화인 보이스 (변요한, 김무열 출연) 보다 더 재미있게 봤음. 심지어 보이스는 영화관에서 봤고 이 영화는 집 티비로 빨리 감기 해서 봤는데도 불구하고 눈을 못뗐음 영화 괜찮은데? 마지막 찝찝함도 그렇고 충분히 좋았음"
25,아임 히어로 더 파이널,10,몰입도가 장난 아니었어요. 봐도봐도 지루하지 않고  지꾸만 생각나고 또 보고 싶어요. 지방이라 서울까지 가서 본 보람 있어요. 히어로는 사랑 입니다.
26,소울메이트,4,"원작 스토리가 갖고 있는 작위적이고 고전적인 단점들, 개연성의 부족과 반전의 허술함 문제를 그대로 답습하고 있고, 학창 시절 씬은 여행광고를 보는 듯한 유치함과 90년대에 안 어울리는 현대적 감성으로 가득하다. 무엇을 리메이크 했다는 건지 모르겠다. 김다미 연기는 아주 출중했고 전소니도 좋았다, 근데 변우석은 대사 처리가 많이 미숙."
27,스즈메의 문단속,6,영상미 좋긴한데 스토리를 커버할정도로 대단한건 모르겠다
28,바빌론,10,마고로비 진짜 존나 매력적인 배우임
29,사냥의 시간,2,참나 무슨 꽁트찍냐 이제훈 최우식을 데리고 이런 개잡스런걸 찍다니 .... 내용도없고 뭐 이런 영화가 있냐ㅋㅋㅋ 도박장터는게 이해가 1도 안가고 그냥 잡혀서 빨리 죽어라 이러고 봄
30,샤잠! 신들의 분노,7,그냥 딱 킬링타임용 영화. 기대를 내려놓고봐서 볼만했지만 1편에서의 유치함은 여전히 남아있음.
31,데시벨,7,캐스팅 담당자가 제일 열일한듯
32,이니셰린의 밴시,9,
33,스마일,1,고급식당가서 밥도 잘먹고 적당히 술도 잘마시다가 슬슬 취기 올라오면서 엉망이 되서 마지막엔 취해서 아무것도 못하고 끝나는 허무한 느낌..배우들 연기가 너무 아깝다.
34,양과자점 코안도르,4,빈말로도 좋다고하기 힘들지만 아오이의 리즈시절은 진짜 빛났다
35,이니셰린의 밴시,8,"이웃을 사랑하라는 기독교적 메세지의 폭력성에 대한 영화. 편협한 기독교 사상에 빠져든 상태에서 사랑에 대한 갈망, 욕구가 채워지지 않는다면 자살에 이르게 된다. 때로는 그것이 타인에 대한 지독한 폭력으로 나타난다. 내가 싫은걸 남에게 하지마라. 내게 좋은걸 남에게 하는건 폭력이 될 수 있다."
36,암수살인,8,범인을 잡는 기존의 형사물과는 달리 범인이 잡힌 상태에서 벌어지는 범인과 형사의 두뇌 대결이 참 인상적이다.
37,데시벨,4,진짜 좋은 배우들로 뭐한건지.. 스토리 무슨 80년대도 아니고 감독이 너무 촌스럽고 해군복 입히면 멋지겠지? 하고 쓴 중2병 걸린 학생이 쓴 스토리같음. 오직 차은우 얼굴만 볼만함
38,어떤 영웅,9,"띄워 올리고 깎아내리기의 정치, 영웅과 악당은 공용 계단 같아서 올라갈지 내려갈지는 선택의 문제이기도 하지만 시기의 문제이기도 하다. 불명예에 관해 말하려는 사람은 본인이 명예롭다는 것을 내보여야 하는데 그것은 그 자체로 불명예의 표시이다. 이곳의 작은 감옥은 큰 감옥의 파레르곤이다."
39,보이저스,3,천재 유전자는 어떨 땐 발현 되고 어떨 땐 퇴화 되는 선택적 요소인가? 15소년 표류기 스페이스판이 떠오르려다가 얘들의 바보같은 천재 설정이 어깨 잡아 내려 앉히네?
40,스즈메의 문단속,8,별을 쫒는 아이+ 너의 이름은 + 날씨의 아이= 스즈메의 문단속
41,살수,1,신현준으로 되겠냐??
42,똑똑똑,8,똑똑똑 재미있게 잘 봤습니다
43,곡성(哭聲),1,감독이 예술병에 걸렸나 떡밥도 적당히 던져야지 개찜찜하네
44,곡성(哭聲),1,감독이 예술병에 걸렸나 떡밥도 적당히 던져야지 개찜찜하네
45,소울메이트,10,소울메이트 재미있게 잘 봤습니다
46,아수라,10,이야 우리 시장님 진짜 무서운 분이셨네 ㅋㅋㅋ
47,더 메뉴,5,"상류층들의 지적 허영심을 신랄하게 비판하지만, 가장 웃긴 건 정작 영화 자체가 허세로 가득 차 있다는 점"
48,부산행,4,K좀비에는 역시 K신파지.. 올드한 아조씨 감성
49,샤잠! 신들의 분노,5,히어로 영화가 점점 별로네요
50,옆집사람,4,오동민 배우 연기 잘하네요
51,리멤버,10,좋아요 죽을 때까지 의용군.
52,날씨의 아이,10,"내게 소중한 사람이 맑음 소녀가 되어야 한다면 그 누구라도 호다카처럼 행동하지 않았을까 싶다. 적어도 난 그랬을 것이다. 결말이 세상을 위함이 아닌, 나와 너를 위해 이 미친 세상에 함께 살아가는 것이여서 좋았다."
53,더 퍼스트 슬램덩크,10,진심으로 추천합니다.
54,소울메이트,8,왜 이리 마음이 아프냐! 나는 너가되고 너는 내가 된다.
55,다음 소희,8,현실은 영화 보다 더 심하다는걸 알기에 더 답답하고 먹먹 했다 하지만 소희도 퇴직금이 50억이라면 버텼을것이다
56,퍼펙션,10,진짜 간만에 신선한 공포영화 너무 잘 봤음보고나면 기분 더러워지는 딱 내스타일 공포영화였음 공포영화는 원래 깔끔하면 안돼
57,카센타,10,뉴스 기사에서 보았는데 너무나 재미있게 표현해주셨어요
58,너의 이름은.,10,신카이 마코토 감독님의 역대 흥행 애니메이션인 너의 이름은. 많은 사람들이 선택한 데엔 이유가 있다. 보면서 감탄하는 영상미와 그 장면에 딱 떨어지는 래드윔프스의 ost는 그저 소름이 돋는다. Ost가 영화에서 얼마나 중요한 역할을 하는지 알 수 있는 영화.
59,헌트,2,
60,스즈메의 문단속,10,이번꺼도 그냥 말로 설명이 안될만큼 재밌지만 너의이름이 너무 대작이라서 이번껀 무난했음 근데 무난한거 치고는 또 재밌음 두번 이상 봐도 안질림
61,압꾸정,6,동석이형 원투펀치 날리는 한장면 빼곤 볼게 없음...
62,소울메이트,8,
63,타이타닉,10,중학교1학년때 극장에서 본 영화 다시 볼때마다 감동과 그리움이 전해진다.
64,아임 히어로 더 파이널,10,
65,아이 엠 어 히어로,3,그나라 갬성....ㅋ일본 찐따어른과 여고생
66,아이 씨 유,5,특이한 소재 하나로 승부 보려는 B급 영화
67,애프터 양,8,가족에 대해서 다시 생각해보는 계기가 되는 영화였어요.
68,마녀(魔女) Part2. The Other One,6,1편보고 너무 재밌었기 때문에 기대했는데 2편은 그냥 그랬어요
69,탑건: 매버릭,10,탑건 안봤는데 이번 영화 너무 재밌어서 예전꺼도 찾아봤어요
70,윤시내가 사라졌다,7,재밌게 봤어요. 나름 웃기더라구요
71,더 노비스,8,병적으로 노력하는 주인공보니 참 짠한 마음도 들었어요
72,버즈 라이트이어,6,어릴때 추억이 뿜뿜하는 영화였어요
73,위플래쉬,8,19일만에 촬영한 게 믿기지 않는 완성도였다. 내 안에 내재되어 있던 트라우마를 자극할 만큼 영화가 아닌 다큐로 느껴졌다.
74,헤어질 결심,10,진짜 너무 재밌었어요.
75,플레인,6,2023 .03.15 개봉
76,컴온 컴온,8,너무 감동적이였어요. 재밌게 봤어요
77,소울메이트,10,"정말 이쁘고 감동적이고 아름다운 영화입니다 험난한 과정을 거쳐 캐릭터와 하나가 되는, 사랑에 빠지는 느낌이 재대로 느껴집니다"
78,큐어,8,묘한 매력이 있는 영화였어요.
79,한산: 용의 출현,9,영화가 조용조용한데 그래도 너무 재밌고 마지막 전투 장면이 재밌었어요
80,킹덤스쿨-절대악-,2,할말이 없음..  이런게 후속작이 있다니..
81,트윈 픽스,7,영화만 봤더니 너무 이해가 안되더라구요. 알고보니 티비판이 있었...
82,로스트 도터,8,연기가 진짜 미쳤어요.
83,스즈메의 문단속,9,일본 대지진의 피해자들을 위로하는 내용을 판타지로 풀어서 여러 세대가 즐길 수 있게 만든 느낌이었습니다.. 너무 불쌍하고 슬프더라구요
84,너의 이름은.,10,정말 재밌는 애니. 본 애니메이션중 최고라 생각함
85,레드 로켓,6,영상미가 좋았어요. 쨍한 색감. 근데 스토리는 참...
86,소울메이트,10,
87,명탐정 코난: 할로윈의 신부,7,코난 시리즈 다 재밌게 보긴했지만 전 베이커가의 유령 이때가 그립네요
88,바빌론,10,뭐.. 난 내용이 3시간까지는 개안은 영화였는데 브래드 피트나 다른 배우들 연기 보는 것도 즐거웠고. 근데 다른 관람객 분 평점론 읽어보면 3시간이 걸리는 내용이었다 싶기도 하다. 왜냐면 3시간을 보기에는 그 레이 찰스 영화 <레이>처럼 쫄깃한 딴 할 때 딴 이런 박자감이 나랑은 다르게 느껴졌어서. 일단 내가 평가할 뭐가 아니라서 리뷰 평점은 쓸 때마다 10점인 건데 기자평론가 평점 중에서 씨네21| 배동미 님 의견이 가장 공감.
89,배드 럭 뱅잉,5,전 블랙코미디가 잘 안맞나봐요...
90,아이 엠 러브,6,엠마…엠마…엠마…I am love.
91,비상선언,6,억지로 쥐어짜내는 그런 느낌이 참 별로였어요. 아니 피해주기 싫다고 이대로 안돌아가겠다고 그러는게 넘 현실성없는느낌?
92,헌트,8,여기저기 나오는 카메오 보는 재미도 있고 이정재 정우성 배우님 연기도 잘하고 재밌었어요
93,놉,8,영화 진짜 너무 재밌게 봤어요. 이해하긴 힘들었지만 영화보고 나와서 해석영상 엄청 찾아봤네요
94,불릿 트레인,6,그냥저냥 시간떼우는 용으로 보면 딱이에요
95,스타게이저: 아스트로스코프,10,아스트로의 찐매력 압축판
96,풀타임,9,진짜 넘 안쓰러웠음 ㅠㅠ 저렇게 어떻게 사나싶고ㅠㅠ
97,아더 우먼,8,기분 꿀꿀할때 이런 영화가 좋더라
98,썬다운,8,처음엔 이해가 안됐는데 결말을 보니 너무 공감가도 휴양지라서 영상이 너무 예뻐요
99,사랑할 땐 누구나 최악이 된다,8,영화 자체는 재밌었지만 여주의 선택들이 진짜 너무 속터지는줄
100,바빌론,10,조금은 성급할 수도 있지만 감히 23년 최고의 영화라고 말할 수 있을 듯하다. (나에게는..)
101,공조2: 인터내셔날,7,무난하게 재밌게 볼 수 있었어요
102,정직한 후보2,8,진짜 너무 웃겨욬ㅋㅋ 영화보는 내내 상영관에서 다들 빵터져서 재밌게 봤어요
103,스즈메의 문단속,2,이게모지 ? 죙일 문만닫다  제목따라문단속만하다진짜끝나네ㅎ내시간내돈 내놔세요 ㅠ 하아..  기대한껏했건만 ost만좋은걸로 확 끌어들이는 임팩트가 없음
104,여름 이야기,6,솔직히 전 너무 지루했어요 ㅠㅠ
105,늑대사냥,2,베테랑 형사 노가리 까고. 간호사 술 마시고 등 스토리가 산으로 가네 잔인하면 다인감
106,스즈메의 문단속,10,일본산 역대급 인생 영화
107,오펀: 천사의 탄생,7,오펀 재밌게 봤어서 이번에도 재밌게 봤습니다
108,코르사주,8,그 시절 옷도 예쁘고 화려한 느낌에 보는 재미가 있었어요.
109,라 비 앙 로즈,10,노래 진짜 홀린듯 들었어요. 인셉션에 나온 노래 하나만 알았는데 나머지 노래도 너무 좋았습니다.
110,멍뭉이,10,
111,메모리아,7,정보없이 보러갔는데 재밌게 봤어요
112,크레이지 컴페티션,7,아무 정보없이 보러간건데 재밌게 봄ㅋㅋ
113,서울대작전,1,아무리 병맛이라도 정도가 있는 법인데...
114,스즈메의 문단속,9,재난 3부작의 대미를 잘 장식하는 작품으로서 일본으로 여행가고 싶을만큼 영상미가 좋았습니다. 약간은 지브리의 향수도 있었고 주인공은 늘 뛰어다니는 클리셰도 재미있었습니다. 다만 지진이라는 자연현상을 일본 토속신앙이나 전설로 퉁치기에는 개연성이나 설명이 부족해서 너의이름은 이라는 작품에 크게 못미친것 같습니다. 다이진은 도대체 왜??? 두 전작에 비해 설득력이 떨어지는 로맨스... 하지만 재미있게 봤습니다
115,소울메이트,1,이거 왜 보는지 진짜 후회함
116,비긴 어게인,9,음악인이거나 음악의 리듬을 좋아한다면 한번쯤 보면 재밌을 영화.. 우여곡절과 아마추어 뮤지션의 성장스토리
117,스즈메의 문단속,2,중간에 너무 지루했고 여운이 남는게 없음
118,헬 독스,10,시간가는줄 모를정도 ㅋㅋ 재미있어요
119,악마를 보았다,10,좀 무섭지만 완전 볼 만한 영화입니다
120,내 몸이 사라졌다,10,꼭 봐야하는 영화. 대사도 좋고 감정고 좋고 무엇보다 음악이 좋다. 많은 생각을 하게 만든다.
121,소울메이트,6,원작이 더 나음...11
122,폴: 600미터,6,처음부터 드론에 핸드폰 달고 내렸으면...차 훔친쉑들은 신고도 안해주나?
123,대외비,2,
124,웰컴 투 동막골,10,명작을 결말을 알고도 다시 찾는다.
125,일대종사,10,"왕가위의 미장셴도 아릉답지만 찬란했던 전성기를 떠나보내는 양조위와 장쯔이의 상반된 인생관이 많은것을 생각케한다. 애틋한 맘으로 장쯔이를 떠나보내는 양조위의 마지막 말, 당신은 방향을 바꿀줄 모르는군요. 가문의 명예를 위해 모든것을 포기한 장쯔이의 회한어린 눈빛을 잊을수가 없다."
126,세자매,6,후반부 슬펐고.. 특히 희숙의 딸 보미가 제대로 한방에 사이다였다..
127,다음 소희,10,의미 있고 좋은 영화 잘 만드신 관련된 모든 분들께 감사드립니다.
128,오퍼나지: 비밀의 계단,7,초 중반 흥미진진하다가 후반부로 갈수록 너무 끌어서 살짝 지루한 감이 있다 그래도 끝까지 본다면 이 영화의 진가를 볼수 있다
129,"귀멸의 칼날: 상현집결, 그리고 도공 마을로",5,이걸 굳이 극장에서 볼 필요가 있을까
130,메간,7,"'사탄의 인형' 전체 관람가 버전을 원한다면 괜찮은 영화지만, 무서운 영화를 원한다면 글쎄..."
131,대외비,7,배우들의 연기가 좋았어요~! 정말 추악한 정치판이네요
132,스즈메의 문단속,6,기대보다는 별로....
133,해피뻐스데이,2,이런 영화를 무슨의도로 왜 만든것인지...
134,샤잠! 신들의 분노,2,이렇게 재미없는 영화는 처음이네요.. 앞부분 보다가 지겨워서 잘뻔했어요 . 이상하게 상영관에 저랑 남친 밖에 없었는데 그 이유를 단박에 알았어요
135,헤어질 결심,10,탕웨이 박해일의 연기 그리고 스토리까지 가슴이 먹먹해지고 계속 생각나는 영화입니다..애틋함이 잊혀지지않네요 최고의 영화입니다
136,케이스 39,4,고증 오류 개쩜너무 답답함 그리고 그동안 해온 짓에 비해 너무 허무하게 죽음얼척이 없음
137,샤잠! 신들의 분노,5,다-잠Zzz. 필라델피아 어린이들의 슈퍼히어로 번개맨! 번개맨은 처음부터 용감한 영웅이었을까?! 조이랜드를 지키기 위해 일곱대죄를 찾아 떠나는 번개맨과 형제들의 흥미진진한 모험!    (12세이상 관람불가)
138,플레인,8,진부하지만 그 또한 하나의 매력.
139,태극기 휘날리며,10,40년 내인생 최고의 영화.
140,침묵,6,신선한 소재는 아니죠옛날에 조작 관련 소재 헐리웃 영화가 있었는데 그거 카피한거고부성애만 섞은거니깐일단 전개가 넘 느려서 지루한 면이 있습니다결말이 훤히 잘 보이는 그럭저럭 영상미는 괜찮은 영화정도 이네요
141,스즈메의 문단속,2,영상미는 이쁘지만 반복적인 단순한 스토리로 내용이 아주 지루해요...
142,마루이 비디오,4,결제하고선 평을 봤는데 안좋길래 최악을 생각하고 봤는데 의외로 배우분들 연기가 어색하지 않았고 속도감 있어서 좋았습니다. 어색한 씨지는 안들어가는게 더 나았을거 같지만 나름대로 괜찮았던 것 같아요.
143,압꾸정,2,학생들이 만든 유튜브 드라마같은 느낌..
144,똑똑똑,5,배우들 연기 잘 봤습니다
145,에브리씽 에브리웨어 올 앳 원스+,9,상식을 깨부수는 몰입감
146,멍뭉이,6,끝까지 함께 할 자신이 없다면 시작도 하지 말 것
147,RRR: 라이즈 로어 리볼트,8,"인도영화 특유의 오버액션,긴 러닝타임, 억지스런 개연성, 어색한 CG지만 인도인들이 좋아할만한 요소들은 다 갖춘영화라는 느낌이 든다."
148,비스트,1,사자보다 첫째딸이 비스트네
149,버드 박스,1,진짜 이렇게 재미없는 영화 처음봅니다원인도 안나오고 뜬금없는 장면만나오고 그냥시간아까움
150,스즈메의 문단속,2,그냥 여고생이 등교하다 잘생긴 남자한테 갑자기 반하고 괜히 따라가서 일 벌리고 똥싸고 똥치우느라 급급한 영화였음 너의 이름은이 너무 대작이라 기대를 많이 하고 봤는데 기대가 커서 그랬는지는 몰라도 이번 영화는 개인적으로 진짜 별로였음… 레드윔프스 노래는 그래도 기깔났으니 2점…
151,플레인,10,"평점은 절대평가가 아니라 장르안에서 목적에 충실하면 만점짜리임. 티켓파워 가진 네임드배우가 제라드버틀러 하나로 이 정도 뽑아냈으면 훌륭한거임. 필요이상으로 잔인하지않고, 오함마로 뚝배기 깰 때랑 대물저격총으로 관통샷 날릴 때 타격감은 호쾌함 마저 들 정도. 승객 중에 민폐캐릭터 있을 법한데도, 중요한 순간에 귀신같이 조용하고 말 잘들어서 좋았음. (보통 패닉에 빠져 비명질러서 어그로 끌다가 전체를 곤란하게 하거나, 파당짓고 갈라치기하는 민폐 클리셰가 없어서 좋았음) 마지막에 과다출혈로 죽는거 아닌가 조마조마 했다가 아니어서 다행. 해피엔딩이라 더 좋고, 팦콘도 맛나서 더 완벽."
152,악마를 보았다,10,"손해봤다는 느낌이 들지만, 손해는 아니다."
153,화성인 지구 정복,10,
154,종말의 끝,10,영화의 끝이다. 정말 끝이다
155,슈렉 3,8,:) :) :) :) :) :) :) :) :) :) :) :) :) :) :) :)
156,아임 히어로 더 파이널,10,딸내미랑  함께 영화를 봤는데임영웅 님의 다채로운 매력에 웅며 들었다며 너무나도 멋진 아티스트라고 하네요최고 아티스트의 최고 뮤비 정말 감동이었습니다팬이 아니더라도 꼭 한번 기회가 되신다면 아임히어로 더 파이널 한번 보시고임영웅 님의 많은 매력과 메시지에 감동 받으시길 적극 추천합니다
157,샤잠! 신들의 분노,6,신들이 왜 분노 했는지 알겠다...
158,블랙폰,10,생각보다 탄탄한 빌드업과 주인공들의 연기로 꽉 채운 영화
159,낮과 달,10,잠들다 깨서 보다 다시 자야하는데 ...  못 자고 끝까지 다 보고 잡니다. ㅋㅋㅋ 여운이 남네요.
160,죽지않는 인간들의 밤,8,연극같은 b급 코메디 영화. 맥주랑 흥행홍하면서 보세요. 때로는 인과관계 안따지고 어이없는 소소함에도 웃고 행복해질 필요가 있어요. 이 영화는 그런 웃긴 영화네요. 감사합니다 감독님!
161,교섭,4,아직도 기억난다  정말 가지마라 가지마라  이야기했는데  기어이 가서  나라 쪽팔리는일을 하는 사람들 세금내고 델고온 이야기
162,조 블랙의 사랑,6,시바 개노잼ㅜ 무슨 3/2가 회사 내용이야 사랑 얘기가 아니라
163,소울메이트,6,소울메이트인 그들이 진우만 없었다면 싸우지도 않았을 것이고 하윤이가 죽지도 않았을 것이다 결론은 진우가 잘못했네 남자때문에
164,압꾸정,1,별1개도 아까운 영화 너무 대충 만든듯
165,루터: 태양의 몰락,10,한국판 출연. 남주 이태곤. 여주 조혜련. 선배 김창완. 범인 권해효. 엄마 이휘향.
166,다음 소희,10,당차고 할말하는 소희도 힘든데 다른 소희들은 얼마나 더 힘들었을까
167,아름다운 희생,10,영사기를 사수하려고 값진 희생을 했지만 영사기도 터지고 소중한 호두 두 알마저 터진 장면을 보고 많이 울었습니다. 정말 위대합니다 선생!
168,사랑에 속고 돈에 울고,10,무뇌봉에 속고 상하이조에 울고
169,낮과 달,10,조은지 - 나는 과거든 미래든 그딴거 필요없도 지금이 딱 좋아. 완전 공감. 과거가 그만큼 힘들었던거. 연가 너무 잘해요. 저랑 나이가 비슷한데 얼굴은 옛날 그대로인데 점점 깊이있고 매력있는 배우인것같아요.
170,스즈메의 문단속,10,"지루할틈이 없는 긴박함과 절실함, 중간중간 여유넘치는 장면에는 귀가 즐거워요. 개인적으론 마블보다 재밌었어오...ㅎ"
171,더 퍼스트 슬램덩크,10,소름돋았다…진심…이제야 보다니
172,소울메이트,8,잔잔하게 진행되는 이야기였지만 다 보고 난뒤에 여운이 강하게 남는 영화였다. 물론 그와는 별개로 등장인물들의 이야기에 전부 공감하지는 못했던 거 같다.
173,세자매,10,정말 인상깊게 봤어요.
174,플레인,7,리암리슨의 액션쾌감은 몇년 가질 못했지만 제라르 버틀러의 액션쾌감은 10년이 넘었는데도 여전한  평균치 이상의효력이 있다.
175,낮과 달,10,의외로 영화가 재미있다.
176,서부 전선 이상 없다,10,앵글로색슨과 금융유대인 쓰레기들이 일으킨 전쟁 피흘리는건 숭고한 게르만민족
177,케빈에 대하여,4,쓸데없이 부부관계하는 장면들이 여러번 나오는데 감독은 혹시 엄마에대한 아들의 질투로 시작된 정신적 미약을 얘기하고 싶었던걸까? 암튼 영화는 노잼.
178,블러드 레드 스카이,10,"이런 레전드 뱀파이어 영화가 평점 5점대라니내 인생 공포,감동,몰입도까지 이렇게 완벽한영화는 없었다"
179,영웅,10,"아 간만에 좋았다. 영화보는것 같았네. 국뽕이 누가 지루하다더냐. 사실 국뽕만큼 재밌는게 어딨다고.우리끼리라도 우리가 잘한다고 칭찬해야지., 정성화 노래는 잘하는것도 맞지만 증말 가슴을 후벼파네.김고은이 너무너무잘해서 놀랐고, 박진주도 어마어마하고..  마지막 나문희님 노래는 세상에나 .. 후훠"
180,아수라,10,넷플로 이제야 봤는데 연기력이며 연출이며 시간가는줄 모르고 봤습니다
181,다음 소희,10,이영화 안보는 사람없이 모두봤으면 좋겠어요.어떤식으로든 누가됐든 바꿀수있는 계기가되었으면 합니다.
182,완벽한 타인,10,이런류의 영화는 처음본다. 앞으로도 보기 힘들 스타일..
183,마녀(魔女) Part2. The Other One,10,한국영화 시리물중에 수준급인 영화
184,주(咒),10,"끝에 그 구멍 뭔가요?암튼 영화 끝나고 나면 피나게 긁고 있는 내자신을 발견하고 속도 안좋아서 지금 이렇게 쓰는것도 힘들고 귀찮음! 다른공포영화잊고싶음그냥보세요 유전,미드소마는 청순한거였음 ㅎ"
185,미드나잇 익스프레스,9,지옥에서 나가고 싶으면 직접 나가야된다. 아무도 나를 도와주지 않을것이다.
186,아임 히어로 더 파이널,10,엄마 보여드렸는데 매우 만족하셨어요♡
187,신비한 동물들과 덤블도어의 비밀,8,덤블도어의 비밀이라기엔 넘 약하고 신비한 동물도 넘 부족하고 아쉬움이 많았지만 해리포터 프리퀄로 재밌게봤어요
188,압꾸정,1,너무 재밌게 봤습니다.
189,비바리움,1,인간 삶의 관해서 나름의 생각 대로 풀어 낸 모양인데....진짜 개줬같아요 공감가는 부분도 있었고 하지만 다보고나면 기분 더러운 영화입니다추천하고 싶지 않네요 보지마세요 호불호가 갈린다의 문제가 아닙니다진짜 기분 개더러워지는 영홥니다
190,소울메이트,8,재밌음 김다미 연기잘함
191,다음 소희,10,마음이 아프네요아이들의 얘기에 조금만 더 귀기울여 주시길..
192,스즈메의 문단속,10,
193,영웅,10,잊어선 안되는 우리의 역사.. 정말 감사합니다
194,소울메이트,10,등장인물의 서사 및 스토리 연계성이 그 어느 작품과는 차별점을 명확히 드러냈음을 잘 체감할 수 있어서 매우 좋은 작품이라고 생각합니다.
195,나비 효과,10,매 순간의 선택과 작은 행동 하나 하나가 인생을 바꾼다
196,블랙폰,7,진정한 마기꾼을 볼수있었다.
197,더 수어사이드 스쿼드,5,스토리가 개판인데 이걸 또 후속작 낼생각으로 쿠키영상 추가한게 레전드.존시나로 다음 후속작 뭐또 하려나 본데 전혀 기대가안됨...;; 기존 오리지날 캐릭들 다죽여버리고 갑분 존시나...;;
198,다음 소희,10,대한민국 현주소를 너무나도 잘보여주는영화
199,스즈메의 문단속,9,
200,영웅,8,안중근이 노래를 잘하는지 추가로 알게된영화;;
201,스즈메의 문단속,10,안타까운 실화를 바탕으로 상처를 치유하는 희망의 영화!! 최고였음
202,더 웨일,5,돌팔이 간호사  저게 친구냐??친구를 가장한 악마지.환자를 방치한 죄로감옥에서 몇 년 동안 미트볼만 처 먹여라.
203,8월의 크리스마스,6,사랑이라는 감정을 선물해준 여름의 산타
204,스즈메의 문단속,10,사실 날씨의 아이는 기대이하였어서 이번에는 어떨까 했는데 다들 너의이름은이 넘사벽이라고 하지만 개인적으로 저는 너의이름은보다 이번편이 더 재밌었고 인생 처음으로 두번 본 영화가 되었네요 (물론 이전영화들도 재미있게 봤지만요!) 도쿄상공노래 나오는 부분은 특히나 두번째봐도 소름돋고 또 보고 싶어요 ㅠㅠ 제가 원래 감동위주의 스토리 영화보다는 해결해나가는? 그런 사건위주의 스토리를 조금 더 좋아하는 편이라 그런지 스펙타클하고 다 완벽히 좋았어요  앞으로도 좋은영화 많이 만들어 주세요
205,토이 스토리 3,10,역대 모든 영화 역사상 최고의 엔딩.
206,토이 스토리 2,9,내가 가지고 놀던 장난감을 버리지 못 했던 이유.
207,극장판 검정고무신 : 즐거운 나의 집,1,1점도 아까워요정말 너무하네요
208,"귀멸의 칼날: 상현집결, 그리고 도공 마을로",4,"오티티에서 봤던 내용 그대로 한시간넘게 들어가고 대략 1시간 50분정도의 분량 중 새 시리즈는 거의 미리보기수준만 1시간도 안되는 연출이고, 이 분량중 간주 나오는 것과 방금본 장면 2-3번 또나오고 합쳐 30분은 되는거 같더군요. 보는 내내 사기당한거 같다고 했어요. 영화관에서 1인당 관람료가 15,000원 정도인데 이정도면 진짜 관객을 농락하는 수준인거 같습니다. 설마 비싼돈 주고 보는 극장판이 오티티 다시보기와 다음편 미리보기를 늘리고 늘려 연출해놓을 것이라고 상상도 못했고요.무한열차때 기대감으로 영화관갔다가 너무너무너무 후회스럽고 화가나네요. 정말 실망입니다."
209,토이 스토리,10,시간이 지나면 지날수록 아무런 생각없이 이 영화를 보던 때가 생각나다.
210,러브 & 드럭스,10,내가 생각보다 괜찮은 사람임을 깨닫게 해주는 그런 한 명의 연인을 만날 수 있다면
211,영웅,10,
212,스즈메의 문단속,10,진짜.. 올해 인생영화에요.. 꼭 보세요 제발제발제발
213,스즈메의 문단속,6,날씨의 아이 너무 좋았는데 이건..
214,플레인,8,CG는  바닥인데 그거뺴고는 킬링타임으로 아주 준수하네요.
215,샤잠! 신들의 분노,6,DC 다 망치는 문제적 히어로
216,소울메이트,8,원작을 알고 봤고 어느 정도 결말도 예상했지만 나름 재미있게 봤음. 그랬을수도 있었겠네 하고 각 인물들의 입장에서 바라보면 재미있음. 인생에 정답은 없고 그 인생이 언제 갑자기 끝이날지도 모름. 그때그때 감정에 충실하면서 하고싶은 것 하면서 사는것이 베스트!
217,스즈메의 문단속,9,재앙 후 남은 사람들을 안아주고 가야할 길을 알려준 영화그리고 실망시키지 않은 신카이마코토의 영상과 ost
218,1987,10,예전 극정에서 보고 기억에 남아 최근 넷플릭스에서 다시 보고 평점남기네요영화를 넘어 역사의 진실과 재미와 감동을 드리니 못보신 분들 꼭 보시요
219,양들의 침묵,10,진정한 클래식 스릴러. 명작은 세월이 지나도 명작이네
220,루터: 태양의 몰락,10,영화는 발로보나 이리 재밌는걸 평점을 이리낮게
221,멍뭉이,10,잘 보았습니다. 개들은 오로지 주인이 전부입니다.
222,모노노케 히메,10,
223,스즈메의 문단속,1,솔직히 보는내내 '이게 뭐노? '란 생각이 계속 들었음..
224,디태치먼트,10,그것은 구역질나는 마음의 냉정함이었다.
225,스즈메의 문단속,10,"인생 영화에요다들 작화나 영상미, 음악이 좋은 영화라고만 생각하지말아줬으면 좋겠다정말 좋은 영화에요 ㅠㅠㅠ 이 영화는 미쳤어요다들 잘 해석하고 이좋은 영화로위로받았으면 좋겠어요재난= 주인공이 살아온 고난 ,어려움, 트라우마 함축적 의미)마지막은 미래의 자신이 과거의 나를 위로하는 장면이에요 앞으로 사랑하는 사람도 만날거고 잘살아 갈거라고,,ㅠㅠ개연성부터 영상미 모든게 완벽한대 ㅠㅠㅠㅠ 다들 그냥 판타지로만 보는게 아쉬워서 글써요..ㅠㅠ"
226,스즈메의 문단속,10,우리집 고냥이한테 더 잘해야겠다 처음에는 오글거렸는데 나중에는 나도 모르게 집중해서 눈물 흘리고 있었음ㅜ_ㅜ
227,스즈메의 문단속,10,동물 키우셨던 분은 오열 안할 수 없는..일본애니에 눈뜨게 해주셨네요.. 감사해요..진짜 두번 아니 10번도 볼수 있어요 너무재미있어요
228,인민을 위해 복무하라,4,생각만큼 별로는 아니었는데...여주 연기가 진짜 심각한수준; 남주 연기는 고퀄이라 혼자서 영화전체를 하드캐리함.. 여주 대사 한마디 내뱉을때마다 구린딕션으로 집중력 다깨짐
229,소울메이트,10,"연출상 감정선이 이해가 어려운 부분이 간혹 있으나 영상미와 특히 스토리, 연기가 훌륭하였읍니다."
230,플레인,10,재미있게 봤어요. 간만에 집중해서 본 거 같아요
231,소울메이트,6,오글거렸어요 좀.. ㅠ
232,서치 2,10,서치1에 이어서 서치2도 진짜 재밌네요. 반전의 반전의 반전의 반전
233,체인질링,9,다시 봐도 재밌는 영화
234,6번 칸,9,외로움을 감싸주는 사랑
235,더 웨일,4,치킨 피자 햄버거 마지막은 천사가 되는 길
236,뮤즈,8,별 희한한 발상에 이정도면 충분히 볼만합니다
237,아메리칸 선,8,"연극을 영화로 옮겨 만들었다는데한정된 무대에서 단 4명의 배우의 연기로 작지만 큰 울림을 주는 영화이다. 배우들의 연기가 정말 좋다. 흑인 여주인공이 극을 이끄는 중심으로 백인 경관, 백인인 여자의 남편, 흑인경위까지 훌륭한 연기 앙상블로 극을 긴장을 늦추지 않고 끌고 나가는 힘이 놀랍다."
238,갑둔리 흉가,8,긴장감 쩌네요~너무 무서워서 혼자는 못볼듯
239,지금 만나러 갑니다,10,손예진 너무너무이뻐ㅜㅜ
240,헌트,10,
241,불릿 트레인,10,내가 이런 분위기를 좋아해서 그런가? 되게 재밌고 질질 끄는 것도 없이 잘 봤음.
242,서치 2,8,기생충 처럼ㅋㅋ빗속 인터폰 부터 전개가 달라짐
243,스즈메의 문단속,2,영상미는 좋았는데 개연성 최악..  극 F들만 보세요.. 뭘 그렇게까지 희생하는지 저는 도저히 이해불가..
244,타짜: 원 아이드 잭,2,캐스팅 미스...영화..대작을 음....   망첫다는느너낌 역시 타자1못따라가네요..
245,스즈메의 문단속,10,너무 감동적이었습니다.자연재해 인한 피해 가족들의 아픔을 공감할수 있었어요.
246,소울메이트,10,연기도 연출도 배경도 다 너무 좋았습니다 재밌게 잘 봤어요다시보고 싶은 영화네요 n차 관람하려구요
247,뉴 폴리스 스토리,8,"생각하는 대로 말하지 않고 남들이 적어주는 대로 생각하게 되니 이 영화를 함부로 깎아내리지. 실제로 그럭저럭 나쁘지 않은 액션 영화고, 설정이 엉성하긴 하지만 그런대로 때릴 때는 때리는 영화입니다. 적어도 2004년경까지는 성룡이 몸싸움 액션에 한해서는 상당히 몸 관리를 잘 하고 있다는 사실을 알 수 있습니다. 게다가 이 영화의 제작 연도를 고려해보았을 때, 다크나이트에 상당한 영향을 주었다고 강하게 추정할 수도 있죠. 가면을 쓴 악당들, 은행털이, 텅빈 대로 대로 한 가운데에서 적을 불러내는 악역, 뒤집어지는 자동차, 등등 보고 있으면 합리적 의구심이 들고요. 나름 볼만한 구석이 많은 영화인데 제대로 음미하지도 않고 깎아내리네요. 아무런 창의성 없는 우리나라 범죄 정치 영화보다는 훨씬 낫습니다."
248,스즈메의 문단속,10,마지막 울뻔 초반도 진짜 좋은데 마지막이 ㄹㅈㄷ
249,미드나잇 인 파리,10,가슴에 여운이 남았네요
250,클래식,10,잔잔한 감동  그리고  감미로운  음악
251,스즈메의 문단속,10,꼭 봐라 누가 좀 별로였다 성인미자 뭐라고 하더라도 다 ㅈ까고 제발 봐줘 제발 진짜 제발벅차오르고 진짜 영화값 하나도 안 아까움 영화 끝나고 가는 길에 ost 들으면 걍 극락
252,아임 히어로 더 파이널,10,
253,스즈메의 문단속,10,
254,스즈메의 문단속,8,전 작들 보다 재난에 집중하여 마음따뜻한 위로를 전하는데 성공한 신카이 감독님
255,샤잠! 신들의 분노,4,남주 진짜 개존못이라 개짜증. 저렇게 못생긴 존못 탈모 대머리스타일이 주인공이라니...토나와서 못보겠어...
256,폴: 600미터,1,작위적이고 쓰레기같은 영화
257,소울메이트,10,연기스토리 모두 좋음
258,다음 소희,10,우리들의 이야기..네요
259,아임 히어로 더 파이널,10,임영웅의 명품 목소리와 멋진 모습에 감동 스토리까지 너무 좋았어요 영화지만 저절로 나오는 박수와 함께 장단 맞추고 춤추고 노래하고 싶은데 참느라 혼났네요 너무 좋았어요 매일 보고싶어요
260,디센트,9,
261,어쩌면 우린 헤어졌는지 모른다,10,헤어짐은 자연스러운 일.헤어지고싶은사람의마음을이해한다고알겠다며나는걱정말라며뿌리쳤던기억이 또오르네요…시간이지나면모든게마무리가되는것처럼우리도언제아팠었냐는듯바쁘게살고있겠죠…이별이란 단어가 처음으로 아름다워보이네요.. 헤어짐도 사랑이니까…..
262,신비한 동물들과 덤블도어의 비밀,2,세글자로 표현 가능개 노 잼스토리도 볼거리도 없음의리고 팬심이고 볼 이유 전혀 없음 2시간을 비효율적으로 쓰고 싶지 않다면영화에 평점 이따위로 남긴 것도 처음임감상포인트 OST (해리포터 OST 나옴ㅋ)
263,이니셰린의 밴시,8,영상미에 놀라고 연기에 감탄하다
264,앤트맨과 와스프: 퀀텀매니아,4,그놈의 멀티버스!!!!
265,스즈메의 문단속,10,배경음악이랑 영상이랑 연출 모두 감동했네요...
266,다음 소희,10,"내가 다음소희를 보며 분노심과 안타까움이 생긴 이유는 영화의 스토리 때문도 있겠지만 무엇보다 이러한 대한민국의 학교,노동 현실이 나아지고 개선될거라는 일말의 기대도 생기지 않았기 때문이다 이사회가 어디까지 삭막해지고 비인간적이 되어야 할까"
267,"내 어깨 위 고양이, 밥",9,"언젠가는 떠나겠지만, 떠나기전까지 나를 배신하는 일이 없는 애완동물..실제 기반으로 영화가 만들어졌지만, 대다수 자식들을 분가 시킨 부모님들은 알죠."
268,킹 아서: 제왕의 검,8,이정도면 킬링타임용으로 괜춘. 화장실에서 보기 좋음
269,텔 잇 투 더 비즈,8,찰리는 기특한 아들램이다..
270,샤잠! 신들의 분노,10,디씨의 시대다신선도 굿굿
271,서치 2,9,반전의 반전의 반전SNS 화면으로 전개되는 연출이 신선하면서도 익숙해서 좋았습니다
272,스즈메의 문단속,3,세부적인 연출에 너무 신경을 써서 영화 전반적인 서사와 개연성을 내다버림.
273,소울메이트,10,"정말 또 보고싶을 만큼 정말 재미있게 본 영화입니다! 정말 여운이 많이 남는 것 같아요,,"
274,사이드 이펙트,10,이 작품이 7점대라니...어이가없네...개인적인 의견이지만 반전영화로 재밋다고 생각함. 근데 여주 눈빛이 진짜 약한거같은 ㅋ
275,프레이 포 더 데블,10,괜찮은 공포영화였어요 ㅎㅎ
276,마녀(魔女) Part2. The Other One,8,잘 봤습니다…0!!!
277,대외비,5,사골을 끓이다 못해 원효대사 해골물 된 알탕 영화
278,이니셰린의 밴시,9,마틴 맥도나의 각본은 진짜 경지에 오른 것 같다
279,마들렌,10,풋푸한 신민아 배우님 넘~ 사랑스럽다 그나저나 하정우 20년전이나 지금이나 똑같네 ㅋㅋ
280,서울괴담,9,안무섭네요 ㅎ
281,페르시아의 왕자: 시간의 모래,10,몇OO전 김포공항cgv에서 봣는데 핵꿀잼이엇던 무비. 주차장에서 나가는데 주차비 내라고해서 카드밖에 없어요 햇더니 쿨하게 보내주던 그때~
282,더 퍼스트 슬램덩크,10,미쳤네요 이건 3번째인데도
283,더 퍼스트 슬램덩크,10,처음 본 애니메이션인데 영화본후엔 이미 20년지기 친구가 되어 나옴..
284,살수,2,오 마이 살수 ㅜㅜ 어이없단 말밖에
285,아임 히어로 더 파이널,10,CGV스크린엑스는 콘서트 영화 상영을 적극 늘여야해요영상미가 최고인것 같아요~ 덕분에 콘서트의 감동 그대로 몇배더 행복하게 보았습니다임영웅콘서트 영화 IMHERO 짱이에요
286,대외비,7,배우들 연기만 볼만함
287,소울메이트,10,배우들의 연기와 감독의 연출이 맛있게 어우러져 단백하지만 맛깔나는 음식을 먹은듯하세요~^^
288,스마트폰을 떨어뜨렸을 뿐인데,8,요세 인스타만 봐도 많은 정보가 나올듯해요 그런 정보로 누군가 우연인척 운명인듯 접근한다?  완전 소름;;; 영화 재미있게 봤습니다
289,스즈메의 문단속,9,영화 보는 동안 스즈메가 옮겨가는 지역 곳곳을 함께 여행하고싶은 마음과 그 지역에 담긴 슬픔에 가슴 아픈 순간들. 소타와의 감정이 잘 와닿게 전달되진 않지만 그럼에도 그 둘이 그렇게 문을 닫아야만 했던 마음만큼은 잘 전해졌던. ost와 영상미가 그 자체로 빼어난 영화. 추천합니다
290,압꾸정,1,이걸 본 내 시간이 아깝네
291,샤잠! 신들의 분노,5,
292,더 퍼스트 슬램덩크,9,하.. 둥둥듕둥둥 듣자마자 미치는 줄 알았습니다.
293,비스트,2,첫째 정말 쳐 죽이고 싶다.
294,대무가,5,"신선한 소재이긴 한데? 얼렁뚱땅 스토리텔링이기도 하고! 이상하게 다음 영화는 기대가 되는데, 과연 보고 싶어지려나?"
295,다음 소희,10,49살 실업계 고등학교 졸업한 선배로서 소희에게 너무 미안하네요. 눈이 퉁퉁 부었어요. 대한민국에서 다음 소희는 없길 간절히 기원합니다.
296,더 퍼스트 슬램덩크,10,이미 10번 넘게 봤지만 리뷰는 이제야 남기네요 네 제가 이정도로 여러번 볼 줄 몰랐어요
297,스즈메의 문단속,10,"개인적으로는 전작들보다도 훨씬 재밌었다. 일단 캐릭터들이 다 당차고 미형에 매력적이다. 고구마가 없고 그러면서도 확실한 메세지, 지브리의 향수를 떠올리게 하는 오마주들, 감독 특유의 정말 대단한 영상미와 (정말 영상미 하나만으로도 극장에서 볼 이유는 충분한듯) 전율이 흐르는 음악들까지. 스토리에 개연성이 없다는 말이 있는데 내 생각엔 사소한거 빼면 큰 스토리 흐름은 잘 흘러간다. 마지막엔 눈물만 댕청하게 흘리는 자신을 발견할수 있음.. 암튼 올해 슬램덩크와 더불어 극장에서 보길 잘한 영화에 손꼽힐것같다. 회전문 돌아야겄다.."
298,소울메이트,10,너는 내가되고나는 너가되고이걸로 영화 한편 스토리를 관통할 수 있습니다. 소울영화 등극
299,도희야,7,약자는 약자가 알아본다
300,스즈메의 문단속,5,영상미가 좋아 일본에 가고 싶았던 거 제외하곤 그저그랬다. 서사 실종.
301,드라이브 마이 카,1,하루키 원작과 전혀 다른? 무엇을 말하고 싶은가? 정말 위로가 되었다고?
302,스즈메의 문단속,10,정말 고양이 4마리를 키우는 입장에서 정말 고양이 나올때마다 눈물 주체할수 없었음 지금 영화 끝난지 1시간 지났는데 아직도 훌쩍이는중 ㅠㅠㅠ 너무 재밌다
303,이니셰린의 밴시,8,"너와 나에서 우리 사이에 놓인 심연의 황량함, 일상의 막다른 지점에서 만나는 폐허같은 평온,그 어느 곳에 우리는 머물고 맴돌고...공허와 적막감 속에 웅웅거리는 인간들의체취가 들려오는 내적 바람소리 같은 영화."
304,누구나 아는 비밀,8,아내와 남편(현실)가족끼리 찍으면?패밀리 비즈니스...둘이서 다 해먹네?
305,샤잠! 신들의 분노,8,나는 토르.블랙팬서.앤트맨 보다 훨씬 재밌게 봤다.기대 안해서 그런지 ㅋㅋ 적당한 물량.적당한 병맛. ㅋ
306,더 킬러: 죽어도 되는 아이,1,…..????ㅋㅋㅋㅋ
307,스즈메의 문단속,10,인생이다 진짜 인생이라 했다
308,플레인,10,이런 평범한 액션영화는  졸릴뿐이다.. 내일 보러가야지
309,파더 앤 도터,10,좋은영화네요 눈물이마니남
310,나르코 서브,4,
311,너의 췌장을 먹고 싶어,10,
312,데시벨,10,와.... 미처따..
313,세상에서 가장 빠른 인디언,9,"”5분만이라도 오토바이를 탄채 전력을 다하는게 다른 사람들이 평생을 사는 것보다 더 의미 있을 수도 있단다.“ 무언가 한가지 분야에 미쳐서 믿겨지지 않는 열정을 쏟는다거나 그 분야에 대해 상기 된 얼굴로 열변을 토하고 있는 사람의 모습은 참 그렇게도 빛날 수가 없다. 버트 먼로는 그래서 가야할 때 갈 수 있었고, 지구 반대편까지 가는 과정에서 닥친 수많은 위기들에도 만나는 사람들마다 그 순수한 열정으로 감화 시키며 그들의 도움을 받아 꿈의 자리까지 설 수 있었던 것 아닐까"
314,더 퍼스트 슬램덩크,10,진짜 심장이 떨리게 만들었다
315,은지: 돌이킬 수 없는 그녀,8,신안 앞바다 천사도
316,플레인,6,뻔한듯 보이지만 약간의 변주의 기술이 좋다
317,날씨의 아이,10,스즈메 보고 다시 봤는데 명작이네요
318,인비저블 킬러,1,이거 어떤 관객층을 노린걸까?  유치원생? 초등학생?
319,샤잠! 신들의 분노,2,디씨 마블 완전히 나락으로 떨어졌구나... 히어로물이 7점대가 뭐니
320,압꾸정,4,최근 본 컨텐츠중 최악배우가 아까워요
321,무정의 제3부두,7,남자의길을 막지 마
322,더 퍼스트 슬램덩크,10,슬램덩크 이라는 애니의 이름만 알았던 21살인데 아무것도 모르고 봤는데 나올때 감탄하며 나왔습니다 어렸을때 tv 틀면 나오는 단순 농구 만화인줄만 알았는데 단순 농구뿐만아니라 그안에 삶과 사람이 담겨있네요
323,유체이탈자,6,소재는 신선했으나 뻔한 내용배우들 액션신만 볼만했음제작비에 투자 좀 하지. .
324,에브리씽 에브리웨어 올 앳 원스,8,"홍현희씨 열연 잘봤고, 화려한 액션씬들 대단하더군요. 메시지는 고리타분한데 오스카뽕맞고 보면 감동입니다"
325,소울메이트,10,"너는 나를 그리며 살았고, 나는 너를 그리며 살았다. 같은 공간에서, 다른 공간에서 너와 내가 그려온 모든 청춘의 한페이지"
326,멍뭉이,5,감동과 웃음을 동시에 주기가 이렇게 힘들다네.
327,스네이크 아이즈: 지.아이.조,1,이런 개OOO 영화 진심 처음 봄 내용부터 모든게 OOO 였음 진짜 뭐 할말이 없다 쓰레기 밖에
328,코렐라인: 비밀의 문,10,스톱모션의 정수같아요 스토리가 질리지않아요
329,스즈메의 문단속,9,"너의 이름은, 날씨의 아이와 같은 맥락이지만 확연히 다른 영화"
330,스즈메의 문단속,5,세상을 나를 속이는건가..? 절대 7점 이상 별점이 나올 작품이 아니다 이건. ost도 참새 하나 빼고는 다 별로고 특히 스토리는....개연성도 너무 부족하고 떡밥 회수도 못하고 그냥 못만들었다. 너의 이름은이랑 같은 감독이라는게 말이 안될 정도로 못만든 작품. 영화관에서 보기 돈 아깝다
331,더 킬러: 죽어도 되는 아이,1,아저씨와 존윅을 교묘히 섞은 졸작... 개폼 잡는다고 어눌하게 하는 발음을 듣고 싶거나 장혁의 발연기가 보고싶다면 추천~~
332,스즈메의 문단속,8,미려한 작화에 역동적인 연출. 다만 재난을 공감하기엔 어쩔수 없이 조금은 먼 거리.
333,스즈메의 문단속,10,"사랑에 빠지는 것도 갑자기, 가족을 잃는 것도 갑자기, 좋은 인연을 만드는 것도 갑자기, 재난도 갑자기인생은 그런것이 아닐까 어느 순간 모든것이 갑자기 사라졌다가 다시 채워지는 것. 재난에서 살아남은 이들과 삶의 목적인 가족을 잃은 이들에게 하고픈 말을 보여준 영화"
334,로스트 시티,4,산드라와 채닝의 케미는 재앙수준이다. 브래드가 등장했을 때가 가장 그럴듯했다.
335,원피스 필름 레드,1,25년 정 때문에 첨부터 끝까지 욕하면서 본 최악의 극장판
336,샤잠! 신들의 분노,6,기대 없이 보면 의외로 볼만하다. 다만 높은 티켓값에 기대 없이 볼수 있을런지...
337,육사오(6/45),1,너무 병맛이어서 충격 받았다
338,소울메이트,7,섬세한 감정선을 따스하고 아름답게 표현
339,스즈메의 문단속,10,재밌어요 떡밥은 회수안된듯
340,플레인,10,믿고보는 제라드버틀러 영화액션신 최고! 몇번을 봐도 질리지 않을거같음!!
341,압꾸정,1,허세뿐인 전형적인 망한 영화. 안봐도 알거같은 망한 한국영화 그 스타일. 한국영화는 욕 빼면 못만들지 라는 생각 들게하는 그런 영화 중 하나. 포인트가 없는데 하나는 무조건 선택하라해서 선택함. 배우들도 결과물 보고 괜히 했네 했겠지. 수고하셨습니다.
342,싸이보그지만 괜찮아,10,___지만 괜찮아우리 모두 빈칸에 들어갈 자격이 있다
343,스즈메의 문단속,8,오랜만에 느껴본 일본식 순수한 애니 갬성
344,스즈메의 문단속,8,애초에 남주가 못생겼더라면 일본은 멸망했음 ㅋㅋㅋ
345,마담 싸이코,1,평점 높은 이유를 모르겠음여주인공 완전 답답하고 현실에서는일어 날수 없는일 평점 믿고 보다가 뒤에는 먼가 있겠지 하며 참고 봤는데 웬만하면 열불 터지니까 보지마시길
346,살수,2,결말보니   이걸  2편 만들 작정이엇냐? ㅋㅋ 요즘은 드라마도 이거보다  잘만든다
347,육사오(6/45),1,좀 더 잘 끝났으면 했다. 끝으로 향할수록 애틋한 영화..
348,스즈메의 문단속,10,오랜만에 재밌는 영화 봤네요
349,스즈메의 문단속,8,사람들 웃김 ㅋㅋ 자기랑 의견 다르면 비공감주더라으이구~~ 발 닦고 잠이나 자라!!!!연출 좋았어요. 스토리 개연성은 아쉬웠지만
350,트위스터,7,2023년 3월 19일 일요일밤에 ebs 일요시네마 ‘트위스터’ 보실 분?
351,극장판 주술회전 0,10,"진짜... 리카 떠날 때 울었다...ㅜㅜㅜㅜ 진짜 유타랑 리카 사이의 그 끈끈하고 끈끈했던 애정이 너무 잘 느껴져서 더 서럽고 슬프고 감동적이였던 듯...그리고 유타를 친구로서 받아준 판다랑 이누마키, 또 마키를 구하려고 게토 스구루라는 강적을 목숨을 걸어서라도 죽이려 함...결국엔 쫒아냈지만...진짜 싸울 때 그 연출이랑 효과음..그리고 리카 목소리 저주걸렸을 때 일그러지는 거 너무 좋았음...그리고 저주를 6년이나 걸렸는데도 정서는 아직 어린 아기인 게 뭔가 짠하면서도 감동적임.. 그동안 일편단심이 것 까지..진짜..응원합니다, 주술회전!!!!>_<///"
352,킹 아서: 제왕의 검,10,의외로 좋았다.
353,더 킬러: 죽어도 되는 아이,2,생각나는 영화들이 많네요. 주인공이 연기가 아닌 멋있는 모습만 보여주려는것 같아서 집중도가 많이 떨어지는 것 같습니다.
354,"귀멸의 칼날: 상현집결, 그리고 도공 마을로",8,"1,2화는 졸린데 상현집결은 쩌네용"
355,늑대아이,10,진짜 인생영화…언제 봐도 힐링되고 감동이에요!!
356,킹 아서: 제왕의 검,10,간만에 괜찮은 판타지 영화를 봄. 가이 리치 특유의 연출이 돋보이는 영화
357,블랙 팬서: 와칸다 포에버,4,주인공이 miss인듯 너무실망
358,디바이드,9,한정된 공간에서 인간이 제일 사악한 존재라는 것을 깨닫게 해주는 잘만든 밀실 스릴러..
359,블랙폰,10,이정도면 그래도 넷플릭스에 본거 중에 다섯 손가락에 들 정도로 몰입해서 재밌게 봤습니다.
360,전선 위의 참새,7,2023년 3월 18일 토요일밤 ebs 세계의 명화 ‘전선 위의 참새’ 보실 분?
361,소울메이트,4,"어린 시절부터 시작된 여성들간의 우정이 해를 거듭하며 각자가 처한 환경과 조건이 두드러지고, 서로간의 불가해함 속에서 어긋나는 면과 그럼에도 그 찢어진 면을 다시 이어 붙이고 싶은 무구하면서 동시에 이기적인 욕망을 섬세하게 표현하고자 시도한 귀한 작업이라는 생각이 든다. 그러나 후반부로 치달을수록 이것은 마치 불행 포르노같다는 인상을 지울 수 없었다…물론 원작을 한국화시키면서 같은 동아시아권이라도 외국 문화와 정서이기에 한 바퀴 돌아 붕 뜬채 넘어갈 수 있었던 묘한 이질감이 더 크게 느껴진 바도 있겠지만. 어째서 이 두 여성들을 고통 속에 몰아 넣는지, 미소가 제주를 떠나기로 한 선택을 보다 섬세하게 조명했다면 어땠을런지. 두 인물간의 크고 작은 어긋남에 대한 맥락이 그저 기승전결을 위한 것으로밖에 여겨지지 않아 아쉬웠고, 특히나 그런 면에서 하은의 죽음은 더욱 더 의아했다. 진우는 두 인물 간의 관계를 나타내는 데 있어서 미학적으로 방해만 되었다."
362,소울메이트,10,진짜 오랜만에 너무 재밌었음..감동도 있었고..대작임 진짜
363,에브리씽 에브리웨어 올 앳 원스+,2,참 아카데미 어렵다 어려워
364,킹스맨: 퍼스트 에이전트,10,"최근에 봤는데 영화 너무 잘 만들었네요. 감동도 있고, 액션도 좋네요. 킹스맨 시리즈 중 가장 맘에 드네요."
365,스즈메의 문단속,1,내 시간 돌려줘 제발 부탁이야
366,아임 히어로 더 파이널,10,내용이 알차고 볼거리많고 진실성이 높아 행복한 시간이었음
367,인간중독,6,임지연 엄마역 배우 더글로리에서도 임지연 엄마네요~
368,에브리씽 에브리웨어 올 앳 원스+,10,이것이 멀티버스지!  양자경의후광
369,스즈메의 문단속,10,꼭 보세요 제발 ㅜㅠ 너무 재밌습니다
370,똑똑똑,6,"""인위적인 대립구도, 긴장감을 끌고가는 스릴러 영화로서의 주제의식 부족""스릴러 영화와 성경의 메시지, 심판이라는 재난의 조합은 신선했으나 스릴러 영화로서 형편없는 각본을 보여준다. 작의 극초반 낯선 공간에 이방인이 찾아온다는 긴장감은 끝까지 유지되지 못하며 모두가 심판을 받을꺼라는 다소 허무한 결론으로 치다른다. 같은 말을 반복하는 매력없는 캐릭터, 한치 앞을 모를 수 없는 김이 빠진 스릴러, 어설프게 짝이 없는 동성의 브로맨스, 진정 감독이 말하고 싶은 바는 무엇인가?"
371,카운트,6,재밌어요
372,스즈메의 문단속,10,킹갓제네럴 고양이가 최고다이말이에요
373,서치 2,9,긴장대박 재밌습니다~!!!
374,똑똑똑,4,뭐지
375,샤잠! 신들의 분노,3,샤박! 관객들의 분노
376,콜 제인,7,좋아요
377,멋진 하루,9,하정우와 전도연을 한층 더 알고싶게 만드는 영화 느린 주먹이라 피하지도 않았는데 맞고 나니 3미터는 날라간 듯한 느낌
378,더 웨일,9,카데미 남우주연상 수상 축하드립니다ㅜ
379,스즈메의 문단속,10,
380,리슨,6,"둘 다 해봐야 뭐가 좋은지 알 수 있는 거 아닐까? 아이가 다른 선택지도 있다는 걸 충분히 안다면 그래도 지금같은 삶을 택할지. 이 영화에 관심있다면 <나, 다니엘 블레이크> 감상을 권하고 싶다."
381,초속5센티미터,10,가슴이 먹먹해지는 영화
382,스즈메의 문단속,7,"쿠마모토, 한신, 동일본 대지진으로 사랑하는 사람을 잃은 사람들에게 전하는 위로의 메세지"
383,스즈메의 문단속,10,날씨의 아이나 너의 이름은 보다 더 재밌게 봤음
384,소울메이트,10,지루할 수 있는 주제이나 지루하지 않은 전개
385,찍히면 죽는다,10,이런b급 영화는 발연기와 병맛으로 보는건데나름 흥미있고 볼만함
386,스즈메의 문단속,10,감동이네요. 영상도 음악도 스토리도 다 좋네요. 역시 일본은 애니메이션입니다.
387,서치 2,10,"와… 진짜 대박,, 한순간도 긴장을 늦출 수 없었어요 ㅋㅋㅋㅋ 재밌네요.. 진짜 연출과 스토리에 박수를! 강추합니다 ㅎㅎ"
388,스즈메의 문단속,10,하 이렇게 좋은 영화 만들면 얼마나 좋아....제발 반이라도 따라가자 한국....또 만들어 ㅈㅂ
389,플레인,6,킬링타임용 영화로 괜찮으나 먼가 부족한듯한....
390,스즈메의 문단속,10,스즈메의 문단속 재밌어요
391,영웅,10,"배우분들 연기, 노래 모두 완벽하고 .. 모두 다 한 번씩은 꼭 보셨으면 좋겠습니다 여운이 계속 남네요"
392,그레이 맨,10,어지간한 액션영화는 그냥 능가한다. 멧데이먼 제이슨스타뎀 다음선수같음
393,교섭,2,하옇튼 교회것들은 안돼!
394,스즈메의 문단속,10,"빛의 마술사 별명답게 명암,그림체,영상미 너무 좋았구요 스토리 문제는 3시간짜리를 2시간으로 압축하다보니 설명이 부족했던점이 좀 아쉬웠고 스토리에 허점이 있는것처럼 보이는 이유는 일본지역 설화를 바탕으로 제작되었기 때문입니다 조금만 찾아보시고 그 빈공간을 자신이 생각해보는 과정에서 또 다른 재미를 느낄수 있었습니다 스토리 걱정 필요 없이 눈,귀 즐겁게 보고 오시는거 추천합니다 막상가면 웅장하고 그 장면 하나하나에 감상하다보면 뒷이야기 그렇게 신경 안쓰입니다 그리고 다이진 엄청 귀엽습니다!!"
395,이층의 악당,8,한석규가 이렇게 재밌고 김혜수가 이렇게 귀여운 사람이었단걸 알게 됨 자잘한 부분들이 조금씩 튄다는 느낌을 받긴 했지만 전체적 흐름이 매끄럽고 악당의 개입이 결과적으로 한 가족에 긍정적 영향을 미쳤다는게 재밌었음한석규 지하실 씬이랑 버럭하는게 진짜 웃겼어요
396,리멤버,10,엇 너무 슬픈데요...반전이 있었네요..우리나라의 역사를 같이 기억하면 좋겠습니다뼈아픈 역사가 소재가 되는 모든 콘텐츠는 많은분들이 보고 우리 다들 각성했으면 좋겠습니다.이성민 배우님 연기 정말 잘봤습니다.감사합니다.
397,스즈메의 문단속,10,상당히 잼있네요. 그림 자체도 만화가 아닌 작품퀄리티 대깨들이 뭘 알겠습니까 문죄인만 알지. 슬램덩크나 스즈메 강추여
398,스즈메의 문단속,10,너무 슬퍼서 울었어요ㅠㅠ
399,소울메이트,1,이런 개영화는 아니야...게이 레즈...
400,카운트,10,웃음과 잔잔한 감동까지.  진해의 벚꽃배경의 풋풋한 고딩들과   열정의 선생님^^  마음이 따뜻해지는  지루하지 않아요~
401,플레인,6,재미있게 잘 본 영화입니다.저는 필리핀에 살고있는 이슬람 극단주의자들 가장 혐오합니다.이슬람교는 악의 축입니다.
402,아멜리에,7,예쁜 재개봉 포스터에 끌려서 보게 되었는데 포스터보다 더 사랑스러운 영화. 크렘브륄레 톡톡
403,피와 뼈,10,피를 뒤집어쓴 기분이다
404,놉,8,재밌게 봄. 호불호가 있어서 걱정했는데 묵묵히 참고 본 보람이 있네. 초중반까지  적응하기 힘듦.
405,페르시아의 왕자: 시간의 모래,1,걍 킬링타임용으론 볼만한데 명작이라고까지 칭하기엔 부족한 부분이 많다. imdb 평점 6.6 현지에서도 평가는 그닥. 위에 나이별 평점비율만 봐도 알 수 있듯이 고평가한 사람들은 대부분 10~20대 여성
406,플레인,4,"음,,, 그냥 돈안들인 b급영화 입니다오늘 5000원에 보고왔는데,,,딱 5000원짜리 영화입니다,,2시간이 길다고 느껴졌습니다킬링타임용 안되니 기대하지 마세요"
407,데시벨,8,여운이 남고 슬프네요 ㅜㅜ
408,이니셰린의 밴시,8,사랑한다는데 왠만하면 좀 받아주지…
409,소울메이트,10,감동그잡채였습니다.
410,베네데타,7,"입체적인 여성 캐릭터, 언제나 환영."
411,교섭,2,일단 소재가 똥물교회 얘기라 비호감으로 시작
412,스즈메의 문단속,1,일본애니 특유의 감성인듯하나 보는 내내 닭살돋음 유치했고  스토리 개연성 다 흐리멍텅놉
413,애프터썬,9,담담하게 연기하는 폴 매스칼의 연기도 끝 엔딩의 여운도 오래 남아요. 그래서 극장에서 2번 봄..
414,이니셰린의 밴시,9,시대적 배경과의 어우러짐. 콜린파렐의 최고의 연기
415,소울메이트,10,이게 사랑이지 우석인 좀 비켜봐봐
416,혼자 사는 사람들,10,"""나는 원래 혼자서 밥도 잘 못먹고,혼자 잠도 잘 못자고"" 라는 말에서 혼자 사는 사람들이라는 영화가 보내는 메세지를 모두 담았다고 생각한다.  주인공은 혼자만 있는 삶속에서 혼자 밥을 먹고 혼자 잠을 자는데 익숙해졌지만 자신의 감정을 드러내는법은 점점 잊어갔다. 그러던 와중 신입사원이 들어오고 신입사원이 자신의 감정을 솔직하게 드러내는 모습을 보고나서자신의 감정을 들여다보기 시작한다. 처음에는 돌아가신 어머니의 죽음을 인정하지 않는것 처럼 핸드폰에 저장된 ""엄마""라는 단어를 바꾸지 않았지만 주인공은 자신의 마음을 있는 그대로 받아들이고 결국에는 어머니의 죽음을 받아들이고""엄마""라는 단어도 ""아버지""로 바꾸게 된다.혼자사는 사람들이 자신의 감정을 들여다보기 쉽지않다. 왜냐하면 다른 사람과 감정을 섞을 일이 많지 않고 이 때문에 나의 감정을 놓치기 쉽다.  이 영화가 혼자사는 사람들에게 주는 메세지가 ""스스로의 내면을 바라보고 받아들여라""가 아닌가 싶다."
417,스즈메의 문단속,5,개연성이 부족하고 영상미는 볼만하였음.
418,스즈메의 문단속,10,너무너무 즐겁고 재밌게 봄 영상미가 진짜 대박임
419,에브리씽 에브리웨어 올 앳 원스+,10,가장 다정한 자가 가장 강한 자다
420,압꾸정,1,우엑 넷플로 봤는데
421,루터: 태양의 몰락,2,아니 그많은 경찰들이 싸이코노인네 하나를 못잡고 저리 휘둘리냐 ㅡ 형사를 뒤쫒을땐 가까이에서 덥칠생각으로 좁혀와야지  멀리서부터 100미터 달리기도 아니고 칼로 인질잡고 있는 싸이코노인네  버젓이 노치고 참나...너무 억지스럽다  노인네가 1대1로도 경감보다  뒤지질않네 ㅡ수갑부터 채우고 잡으래도 멍청하게 뒷통수나 당하고  무슨.특수경찰이 저리멍청한지
422,스즈메의 문단속,6,음 ..너의 이름은을 재미있게 봐서 봣지만너의 이름은 보다 스토리 개연성이 너무 떨어짐시간을 달리는 소녀나 하울의움직인성 센과치이로 포뇨 이런 영화는 확실히 스토리가 탄탄하다고 느꼇는데 이런영화를 바라고 보면 실망하게 되는영화..영상미는 나쁘지 않았음
423,스즈메의 문단속,10,꺄~~오타쿠의 심금을 울렸다 너무 좋아ㅠㅠ다이진 너무 귀여우어우엉또 볼래
424,스즈메의 문단속,9,즐겁게 관람했습니다.
425,스즈메의 문단속,2,의도는 뭔지 알겠으나.. 난잡한 내용..  그래도 영상미는 인정
426,스즈메의 문단속,10,믿고보는 신카이마코토!
427,갓파 쿠와 여름방학을,10,정말 잘봤습니다 인간은 너무 잔인하고 인간은 너무 착해요 인간이란 존재는 마음먹기에 따라 천지차이만큼 달라지는거같아요 갓파 쿠 좋습니다 아찌도 좋습니다
428,몸 값,9,별기대없이 봤는데 겁나 재미있음웃기면서 스릴있고 개운하고시즌2나왔으면 좋겠음연기자들 연기가 찰져~잘만들었음안보신분 꼭보시길
429,소울메이트,10,"우리는 살면서 동성이기에 우정으로 넘겼던 사랑이 많고, 이성이기에 사랑으로 착각한 많은 순간을 살아간다."
430,더 웨일,8,브랜든 연기 뿐 아니라 스토리도 좋아요
431,소울메이트,10,영화볼땐 그냥 감동이네~  이러고 나왔는데주인공엄마가 하은이한테 한 대사가너무 나에게 위로가되어서 집가면서 펑펑 울었습니다ㅜㅜㅜㅜ
432,소울메이트,10,사랑이었네.. 펑펑울다가 나왔어요
433,유령,2,개연성 없는 스토리와 뜬금없는 한국식 신파극의 향연... 추리물로도 액션물로도 애매한 장르가 되어버림
434,스즈메의 문단속,10,
435,에브리씽 에브리웨어 올 앳 원스+,9,감독이 혹시 ADHD가 아닐까 싶은 전반부를 참으니 꽤 괜찮은 후반부가 나왔어요! 중간에 나가시는  분도 계시던데 좀만 참아보시길!
436,바람 바람 바람,8,한국영화 왠만한건 성에 차지 않는데 이건 나랑 좀 맞는듯. 재밌다.
437,플레인,10,평점에 후한 편이 아닌데 개꿀잼입니다 ..함 보세요
438,스즈메의 문단속,10,"역시 실망따위는 시키지 않는 신카이 마코토.. 주인공인 스즈메와 소타의 캐릭터성, 스토리뿐만 아니라 스쳐지나가는 인물들한테까지 생동감을 느끼게 하는 감독의 능력에 다시 한번 감동했다. 영상미와 ost까지 최고였다. 살아숨쉬는 순간순간을 뒤돌아보게 했던 영화."
439,이니셰린의 밴시,1,김빠진 콜라 (주의:신체 일부가 훼손되는 상황이 발생함)
440,소울메이트,10,그저 스쳐가는 사람들인줄 알았던 친구들이 문득 그리워진다
441,데시벨,2,아 좀 영웅심리 버려라.. 목숨이 왔다갔다 하는데 눈앞에 노인이있던 애기가 있던 나살잘고 뛰는게 더 현실이지 노인이나 애기나 죽던말던 뭔상관이라고 남인데
442,사바하,10,개독교 그만 평범테러 하세요 :)
443,무뢰한,8,'진심이야?' 4음절에 100마디의 감정을 응축시키는 연기의 압력.
444,플레인,10,버믿보 버틀러는 믿고 본다 걍 최근 나온 영화들중 제일 재밌음 저형은 늙어도 잘생겼어
445,모가디슈,7,영화는 극장에서 봐야 제맛
446,날씨의 아이,8,초반에는 미성년자한테 왜이러나 생각했고 몰입못함.(여주가 돈벌기위한 선택이나 가출 등등.. k할미는 보기불편했음. 너무 현실적이여서 그럴지도)총도 결국 극적인장면 연출을 위함이겠지만 억지스러운 느낌... 근데 후반부로 갈수록 좋았고 마지막엔 감동까지.. ost 와 연출 분위기 다 후반부로 갈수록 극대화되고 몰입도를 높여줬어요.빗소리도 듣기좋음. 추천
447,스즈메의 문단속,10,다이진…사랑해./.사랑해 다이진…내 아이가 되어줘….
448,젠틀맨,5,.
449,로또쉐어,1,연기 연출 스토리 모두 그자체가 스릴러다..
450,신비한 동물들과 덤블도어의 비밀,5,어쩌라는 건지
451,중경삼림,10,왜 좋은지 모르겠는데 미칠듯이 좋다
452,가재가 노래하는 곳,10,원작에서 궁금한 활자를 화면으로 잘 살려냈다고 생각합니다. 카야의 성장을 응원합니다.
453,스즈메의 문단속,10,최근에 본 영화중에 제일 재미있어요
454,헤어질 결심,10,"마침내,"
455,스즈메의 문단속,10,정말 여태껏 영화보면서 눈물이 났던 적이 없는데 저의 경험과 연관이 있어 그럴수도 있지만 정말 최고의 작품인 것 같습니다.
456,소울메이트,10,여운 남네요. 보면서 울었어요.
457,플레인,8,캡틴이 너무 멋졌습니다.
458,압꾸정,1,중간에 ytn 나와서 기분 잡침
459,다음 소희,2,"저예산에 독립영화같아도 다 그냥그냥 볼만한데 악플달려는 것도 아니고, 참견하려는 것도아닌데. 화면이 너무 흔들림. 화면만 안 흔들렸어도 더 볼만했을거같은데 화면흔들리는게 자꾸 보여서 집중이안됨."
460,파어웨이,8,50대 꼰대남 오랜만에 웃다
461,플레인,9,
462,데시벨,10,실제로 있을법한 이야기..천안함이 기억나네요ㅜㅜ
463,영웅,10,나라를 독립시켜 살리려했던 수많은 독립운동가들의 뜻을  다시 생각하게 된 영화.김고은배우의 솔로신은 전율이  일어나  무한 감동을  하게  한다
464,스즈메의 문단속,10,스즈메 사랑해.. 진짜 디테일도 미쳤고요..제 인생영화..ㅠ
465,한산: 용의 출현,10,엄지 척  명량도 재미잇엇지만 한산도 너무 재미만땅~
466,에브리씽 에브리웨어 올 앳 원스+,10,아빠가 항상 하던 말이 생각났다내가 태어나서 가장 잘한 일이 첫째로는 너네 엄마 만난 거고 두 번째로는 너네 태어난 거야
467,상견니,10,6번 봤습니다…또 보러 갈거에요ㅠㅠ
468,스즈메의 문단속,10,정말 재밌습니다!!!! 꼭 보세요 신카이 마코토님의 영화는 믿고 보세용!!
469,비스트,2,도대체 구급상자에 뭐가 있다고 그렇게 찾는겨? 반창고 붙이게?
470,비상선언,4,임시완 전후로 영화 재미가 극과 극임;
471,킹메이커,10,"연기가 불 같은 사내와 물같은 사내의 연기 빅뱅. 평소에 퍼붓던 사내는 물처럼, 물처럼 잔잔하던 사나이가 불처럼 에너지를 내뿜음."
472,스즈메의 문단속,1,돈 아깝습니다 돈아까워요
473,소울메이트,9,사랑보다 가족처럼 소중한 친구의 진한우정에 감동했습니다 여러모로 좋은영화인거같고 무엇보다배우들의 연기가 괜찮았습니다.
474,바빌론,7,볼만하나 투머치
475,스즈메의 문단속,10,역시 최고!!! 재미 웃음 감동 모두 기대 이상이었습니다!!
476,탑건: 매버릭,9,1보다 훨씬 재밌고 보는 맛이 있다
477,소울메이트,10,인생영화입니다..!!
478,유령,5,명절특수로도 별로
479,살수,2,"이게 진짜 2023년 영화 맞냐;; 스토리, 연출, 액션등 모든 분야가 90년대급인데ㄷㄷㄷ 진짜 10노잼이엇다"
480,에브리씽 에브리웨어 올 앳 원스,10,두 번째 관람 땐 처음부터 끝까지 오열하면서도 웃고 있었음
481,교섭,4,예상되는 스토리
482,스즈메의 문단속,10,"너의 이름은,날씨의아이 보단 아니지만 영상미가 아름답고 ost도 좋았음 볼만한? 영화"
483,블랙 아담,6,액션 괜찮고 히어로들도 다 매력있음
484,소울메이트,10,감성충만 김다미 이뻐요
485,바빌론,6,할리우드를 보여주는 영화
486,비밀은 없다,9,전 재밌게 봤어요. 첨엔 별로 기대 안했는데 마지막으로 갈 수록 대박. 손예진 역시..!
487,블랙 팬서: 와칸다 포에버,5,연기는 다 잘함
488,다음 소희,10,"""힘든 일을 하면 존중받으면 좋을텐데, 그런 일을 한다고 더 무시해."" 배두나 배우님의 대사가 마음을 울립니다. 현실을 바탕으로 한 영화라서 더 마음이 아프고, 이 영화로 인해 열악한 노동 환경, 부조리한 사회와 사람들의 인식에 변화가 있길 바랍니다."
489,서바이벌 패밀리,10,굿  재밌어요  수작입니다
490,스즈메의 문단속,9,영상미가 아름답습니다.
491,원피스 필름 레드,7,"우타 콘서트, 게스트 샹크스. 그래도 재밌었음."
492,소울메이트,10,기쁨 슬픔 행복 애잔함 따뜻함 그리움..사람의 여러가지 감정을 한번에 느낄수 있었던 좋은영화였습니다 곱씹을수록 의미있고 시간이 흐름에 따라 자연스럽게 어우러지는 모습과 감정연기 최고였습니다!
493,본즈 앤 올,8,잔혹동화
494,대외비,8,배우들 연기가 좋네요.
495,샤잠! 신들의 분노,10,다들 평이 안좋은데.. 요즘은 영화좀문가들이나 진지충들이 많아서 그런데..그럼 니들이 만들어봐라... 그냥 적당히 마음을 비우고 즐기면 볼만한 영화 많다...여친이랑 킬링타임용으로 봤는데 그냥 재밌게 봤고 웃으면서 극장 나왔다
496,폭격,10,다시는.. 두번 다시는.. 절대로..
497,스픽 노 이블,2,정말 어의가 없는 영화 말도 안돼 욕 나온다!!! 열받는 영화!!!!
498,디 아더스,9,반전 영화계의 걸작
499,소울메이트,10,잔잔하지만 몰입하게 하는 힘이 있네요. 정말 잘 리메이크한 영화이기도 한 것 같습니다.
500,스즈메의 문단속,8,오프닝 시퀀스랑 도쿄상공은 길이길이 남을 명장면
501,블랙 팬서: 와칸다 포에버,10,아우...내눈물ㅠㅠ와칸다포에버~~~♡♡♡
502,건축학개론,10,감정에 잘 몰입하게 됨 재밌음
503,아쿠아맨,10,이런게 판타지지.
504,어떤 영웅,7,"(정치적?,도덕적? 가치가) 어떤 영웅?"
505,데시벨,1,
506,스즈메의 문단속,4,작화는 좋았지만 감동도 여운도 없는..
507,스즈메의 문단속,10,엉엉 울면서 봄 마스크써서 다행이다..
508,더 퍼스트 슬램덩크,10,오래전 정말 재밌게 보고 내용이 기억이 잘 안나는채 영화를 봤는데 눈물이;;ㅋㅋ 그리고 그냥 최고
509,"힘을 내요, 미스터 리",10,유머와 감동 모두 잡은 수작
510,샤잠! 신들의 분노,1,"일단 너무 유치해서 보기 좀 그랬고, 어린이날에 유치원 아가들 데리고 보면 좋을듯.."
511,소울메이트,4,원작 영화 봤던 입장에서 한국에 적용하기엔 말도 안되는 어거지 요소가 많아서 몰입이 안된다. 영화 중간에 뛰쳐 나왔음. 그냥 원작인 중국 영화 보시길. 배우들 연기력은 좋음. 4점은 배우 연기임. 돈 아깝다.
512,나이브스 아웃: 글래스 어니언,10,정말 잘 만든 영화라고 생각합니다.
513,샤잠!,8,한번은 봐도될 영화...
514,교섭,1,똥물교회? 요즘은 기독교다닌다고 하면 믿고 거르는게 답이라며?
515,소울메이트,7,너는 내가 되고 나는 네가 되는
516,힐빌리의 노래,8,"그럼에도 불구하고,넌 잘 살아갈 수 있어!알겠지?!"
517,스즈메의 문단속,10,영상미도 그렇고 스토리도 너무너무 좋지만 이번에 OST가 진짜 미쳤다..!!
518,늑대사냥,1,울 형사님은 죄다 성인국자인가...보는 내내 답답해 미치겠네 ㅋ 뭐 영화를 이따위로 만드냐 ㅋ 추천 찍을게 없어서 ost 찍었다...
519,스즈메의 문단속,10,개울엇어요 하……..
520,금의위: 14검의 비밀,1,"머리 땋은거 인물 : 레게머리는 중국이 원조 우기기 -> 아프리카 및 흑인 다수 국가는 중국 속국일부 이종 격투 무술 : 현재의 이종 격투기는 중국 기원.  한복, 김치, 심지어 한글까지…. 중국은 정말 별로다"
521,스즈메의 문단속,10,
522,스즈메의 문단속,10,진짜 부족할게없는 영화
523,샤잠! 신들의 분노,8,별 4개는 영화 만드느라 고생했다는 수고의 표시고. 음 집에서 그냥 쉴껄 그랬다. 아까운 내불금 내놔라
524,스즈메의 문단속,6,"한마디로 요약하면 화려하게 치장한 빈 껍데기. N회차 관람자 이해안감. 잔잔하다는 게 어떤의미인지 모르시는듯. 주인공에 애정이 가지도, 스토리 전개에 이해가 가지도 않는다. 주인공의 감정선과 선택이 고개를 절레절레하게 만든다.  늘 느끼지만 이 감독님은 관람자와 주인공이 친해질 수 있도록 노력하시는 게 중요할 듯. 밤하늘만 넣지 말고. OST와 중간 중간 명장면 연출만 볼만하다. 곧 나올 미야자키하야오감독님의 마지막 작품이 더욱 기대되게 만든다."
525,전설의 라이타,10,액션씬도 좋고 스토리도 무난합니다. 재밌게 봤어요.
526,소울메이트,9,너무나도 서로를 동경해서 불행까지 삼켜버리는 우정은 감히 사랑이라 불러주는 것이 좋겠다.
527,블랙폰,9,기대안하고 봤는데 아주 재미있게봤어요.
528,올레,10,박희순의 새로운발견 ㅋㅋ 재밌습니다 ~ 꼭들 보세요 ^^
529,타이타닉,10,"내 인생 대명작인거같음.. 3시간 영화인데 한번도 지루하지않고, 몰입도도 엄청 높아서 집중해서 봤음. 3시간이 1시간처럼 빠르게 지나감..댓글중에 “로즈를 위해 죽은 잭, 잭을 위해 산 로즈” 라는 댓글이 있었는데 이거보고 한번더 울컥함.. 정말 진정으로 사랑한다는게 뭔지 알것같았음. 마지막부분이 진짜 슬펐음.. 잭과 로즈가 함께 하기로한 것들을 로즈 혼자 해낸 사진을 보여주는 장면인데 잭은 영원히 로즈 마음속에만 남아있다는게 너무슬픔... 모든사람이 다 봐줬으면 하는 영화임 진짜 재밌고슬픈데 가족이랑은 보지 말길"
530,에브리씽 에브리웨어 올 앳 원스+,10,결국 사랑은 반드시 이긴다.
531,소울메이트,8,영상미는 좋았는데 마감이 너무 대충인듯.그리고 만약 내가 애이빠면 애 대려갈듯.왜 가끔보러가지？그냥 좀이해가 안되요.중국판을 이미 봐서 그런지 스토리는 특별할게 없었어요. 그래도 두여배우가 개성있게 잘연기한듯하네요.볼만해요~
532,에브리씽 에브리웨어 올 앳 원스+,10,매트릭스 이후 최고혁명
533,스즈메의 문단속,10,여운이 남네요 좋았어요
534,마루이 비디오,1,나는 신이다 보고 좀 배워라 ㅉㅉ다신 이바닥에 얼씬도 말기를 이딴것도 영화라고...
535,소울메이트,8,그 때 그 시간과 지금의 우리
536,스즈메의 문단속,8,낯선이야기 재밌게 잘봤습니다 내 실패한 인생을 다시금 곱씹으며 ?
537,소울메이트,7,원작을 안 봐서 그런가 영화가 썩 매끄럽지는 않게 느껴졌다.
538,플레인,10,갠찬다 킬링용으로 (무슨열자를채우라고  길막질이냐 )
539,유령,10,배우들 아주 멋짐 브라보
540,포제션 오브 한나 그레이스,8,제인도 짭이지만 볼만 함
541,미 비포 유,9,"원작 책이 500페이지가 넘어서 영화로 어떻게 녹여냈을까 궁금해 하며 봤는데 역시 많은 내용을 정해진 시간 안에 다 풀어내야 하기 때문에 전개가 빠른 감이 있네요. 중간중간 장면 연결이나 감정선이 편집된 느낌이 들어서 좀 아쉬웠어요. 제가 책을 읽고 봐서 더 그런 느낌이 들었을 수도 있어요. 원작 책은 더 감동적이고 감정선이 디테일하기 때문에 책을 읽으시는 걸 추천드립니다. 그래도 이 정도면 잘 녹여냈다고 생각합니다. 안락사, 존엄사에 대해 깊이 생각하는 계기가 됩니다."
542,데시벨,2,와...심각하다 진짜
543,스즈메의 문단속,10,오랜만에 나온 신카이 마코토 감독의 작품
544,이니셰린의 밴시,8,"아주 고전적이고 무겁고 우울한 게 지금, 여기, 우리의 삶과 다르지 않다"
545,압꾸정,7,나름 킬링타임용으로 볼만 하던데 .나 근데 궁금한게 있는데 마동석이 제작한 영화는 왜 다 피쳐폰 쓰는거임?? 다른영화야 등장인물들 형편이 안좋나 했지만 뭔 여기서는 의사도 피쳐폰을 쓰고 있어??
546,스즈메의 문단속,10,스토리는 호불호가 갈릴 수 있겠지만 지진을 주제로 여러 메세지를 남기려고 한 마코토 형님 잘봤습니다. 도쿄상공 ost 다시 듣는데 소름 듣는다 ㅋㅋ
547,스즈메의 문단속,10,신카이 마코토 특유의 분위기가 돋보이네요
548,살인의뢰,2,"진짜 연출도 유치하고 스토리,결말 다 최악 결말보려고 억지로봤는데 결말 보니 더 화가나고 열받음 절대 안보는걸추천"
549,똑똑똑,5,그닥...ㅜ
550,데시벨,10,내동생 차은우가 죽었는데 화나는게 당연하지
551,스즈메의 문단속,7,안 보고 후회하느니 보고 후회하는 게 낫다. 쨋든 후회함
552,애프터썬,8,"막연한 불안감, 애매한 감정에 허우적거리다 아빠의 우는소리에 나도 숨죽여 따라 울었다. 그가 너무 불쌍하다"
553,소울메이트,10,"한 번 더 보고싶은 영화. 돈 주고 봐도 절대 아깝지 않은 영화. 친구란 무엇인가, 사랑이란 무엇인가, 가족이란 무엇인가에 대해서 다시 한번 더 생각하게 만드는 영화 도움이 되는 영화 !!!배우분들 너무 연기잘하시고... 내 인생영화됌??"
554,샤잠! 신들의 분노,8,저는 나름 재밌게 봤습니다. 다만 아쉬웠던점은 샤잠 일행들이 싸우는동안 저스티스 멤버들은 뭘했는가가 의문이었어요. 차라리 원더우먼이 등장을 안했으면 좋았을텐데 잠깐 나와서 정말 중요한역할을했지만 아쉬웠어요. 그리고 빌리가 어른의 샤잠이 되었을땐 너무 방정맞아서 그런부분이 좀 아쉬웠어요. 적당히 방정맞아야하는데 너무 방정맞아요. 그런부분이 집중이 사실 잘안되더라구요. 그리고 용타고다니는 여신의 능력을 더 보여줬으면 어떨까 싶었어요. 용과 지팡이로만 싸우는 액션이 약했다고 생각합니다. 하지만 그럼에도 즐겁게 봤습니다. 같은 혈육은 아니지만 가족이라는 구성원의 소중함을 일깨워주는것같아서 좋았어요. 지금은 지극히 개인주의 시대잖아요. 이기적인 사람들이 너무 많아져서인지 이런 부분이 저는 개인적으로 좋더군요.
555,6번 칸,8,추운 겨울을 녹이는 그의 자상함. 절대 잊지 못할 여행으로 남았다
556,우리 사랑이 향기로 남을 때,10,영화를 보면서 쌍팔년도 갬성이 느껴져서 눈물을 뚝뚝 흘리면서 보았습니다. 나중에 다시 한번 더 보고 싶을 정도로 만족.
557,소울메이트,7,잼있네요~배우들도 좋고
558,더 웨일,8,나는 왜 브렌든 프레이저의 모든 것이이해되는걸까. 삶은 지옥이다.
559,샤잠! 신들의 분노,4,진짜 유치해... 내가 이걸 왜 봤을까 차라리 일본 애니나 볼껄
560,멍뭉이,1,결혼한다고 강아지 남주려는것도 읭스럽고 어린 아이가 어른 때리는 걸 웃기다고 표현한 것도 너무 이상....
561,스즈메의 문단속,10,진짜 보는내내 스토리 감탄하고 소름 돋고 전율이 그냥 막 돋았음 와 개 띵작임 ㅠ사람들 다 너의 이름은 못이긴다 하는데 절대 그렇지 않아 둘다 동급이야
562,올레,1,경박하다..중년남자들이 여자한번 어떻게 해보려고  쯧쯧
563,소울메이트,10,좋은  영화다
564,항거:유관순 이야기,7,재미랑은 상관없이 봐야하는 이야기라고 생각됩니다
565,히트,10,"사람은 무엇으로 살아가는가? 답 없는 인생의 질문에, 작은 등불을 밝혀주는 마이클 만 감독에 감사한다."
566,소울메이트,10,영화 당첨되어서 봤는데 괜찮았음
567,압꾸정,2,뭐지... 싶은 느낌으로 영화가 끝났다
568,영웅,10,평소에도 역사를 좋아하는 만큼 영웅은 매우 기대되었는데 코로나 때문에 공개가 연기되어 많이 아쉬웠는데 그많큼 만족스러운 작품이고 연기 하나하나가 진심이 느껴졌습니다 추천합니다
569,플레인,4,이 영화 플레인을 컴플레인합니다!
570,소울메이트,10,잔잔한 울림과 코 끝 찡한 여운이 있는 영화
571,소울메이트,10,기대이상으로 재미있고  또 한번 더  보고 싶네요~
572,뷰티 인사이드,10,
573,어떤 영웅,7,단 한 방울의 거짓이라도 섞여있다면 그것은 진실이 아니다.
574,검사외전,10,강동원씨 능글맞은 연기 최고였어요황정민씨와 김성민씨 연기는 늘 감탄합니다
575,스마트폰을 떨어뜨렸을 뿐인데,2,괜히봄..내용도 그냥그렇고 연기도 그냥 그러네요.
576,플레인,5,우당탕탕
577,크리드 3,9,캉 포스 미쳤다. 앤트맨3 보다 더 무섭게 나옴
578,플레인,7,이 영화를 액션 팝콘 무비라고 평하는 이들이 많지만 팝콘 무비가 귀해진 이 시대에는 그 표현이 충분한 칭찬이라고 본다.
579,양자경의 더 모든 날 모든 순간,1,갬성타령 좋아하고 갬성글 적는게 취미인 사람들이 평 높게 주고 후기 적기 좋은 영화
580,스즈메의 문단속,10,애니메이션계의 G.O.A.T
581,소울메이트,10,감정연기가 너무 좋았음…
582,똑똑똑,5,샤말란의 전작들을 보지는 못했기에 오히려 다행이라는 생각이 든다. 이 영화는 글쎄... 촬영과 효과 외에는 남는게 없었다.
583,샤잠! 신들의 분노,10,샤잠을 분깃점으로 DC가 마블을 제압할듯.
584,소울메이트,10,어느 하나 거를 것이 없는 타선. 자극적인 것이 넘쳐나는 헌실에 잠시 이너피스를 찾고 싶다면.
585,"오늘 밤, 세계에서 이 사랑이 사라진다 해도",10,나이 50에 눈물 흘려 봤네요.일본은 싫다 정말 싫다.근데 이 영화는 추천합니다.
586,더 퍼스트 슬램덩크,10,"그냥 멋지다가 아닌 설명하기 어려울 정도로 엄청나고 농구를 모르는 사람도, 슬램덩크를 모르는 사람도 집중하며 재밌게 볼 수가 있음,, 제발 보세요"
587,스마트폰을 떨어뜨렸을 뿐인데,1,와...배우들 연기력아까운 스토리
588,파이프라인,3,ㅋㅋㅋ 이게 의식의 흐름이란 거구나 ㅋㅋㅋ 황당해서 말이 안 나옴.
589,똑똑똑,5,못 하나를 박는데 온갖 공구들을 꺼내놓은 격이다
590,조디악,10,"스릴러 중에 츄ㅣ고명자;@,#&-,@*"
591,샤잠! 신들의 분노,10,망해가는 매블빠들이 ㅂㄷㅂㄷ만함
592,압꾸정,2,넷플에서 1위에 등록 되어 호기심에 감상. 이건 영화라기 보다 하~뭐라고 해야하나? 즐비한 인물 상점
593,소울메이트,1,"역대급 재미 없.. 원작이 레전드라 그런가..몰입도 안되고, 대사도 영·· 연기.. 감동도 없고....실화냐....3년을 기다렸는데... 기대가 너무 컷나.. 개연성이 있는 게 맞는 건가... 변우석 배우는 잘 녹아든 것 같음   다른 배우들은 연기를 하는데 가슴이 울리지가 않아. 껍데기만 연기하는 느낌. 우정이 느껴질라 말라 하다가 결국 실패 별 1개도 깝.."
594,어느 가족,10,여운이 오래갈꺼같아요먹먹합니다
595,스즈메의 문단속,1,남자 얼굴이 못생겼으면 바로 입구컷이였을듯 ㅋㅋ
596,"귀멸의 칼날: 상현집결, 그리고 도공 마을로",1,애니 초보들이 그걸 몰랐구나 일본식 짜집기 극장판을
597,오션스 일레븐,6,늙은 테스만 제외하면 볼만함
598,압꾸정,2,이건쫌아니지않나요넷플로본걸다행으로
599,스즈메의 문단속,8,진지하면 한없이 슬퍼지고 아무생각없이보면 같은장면이 계속되어 지루할수있다. 울컥하게만드는 순간순간들 감성적이라면 보면 눈물 흘리게 될 영화ㅠㅠ 마스크써서.다행히 눈물은 보이지않았지만 마음이 먹먹하고 슬펐다 ㅠ사람들을 문에서 들어갔다 나오면서 ㅠ 하는이야기들 그리고 고양이키우는사람이라 보면서 더슬펐다 ㅠ 세상에 모든 이별은 슬프다.
600,루터: 태양의 몰락,8,재밌게 봤어요 어디서 본듯한 내용은 있지만 킬링타임용으로 재밌어요
601,스즈메의 문단속,10,걍 미쳤습니다;; 역시 믿고보는 마코토형… 전 재밌었는데 취향차이가 있나보네요…
602,똑똑똑,7,흐음...좀 아쉽다...
603,"귀멸의 칼날: 상현집결, 그리고 도공 마을로",2,보지마라. 그 돈으로 다른거 해라
604,소울메이트,8,
605,에브리씽 에브리웨어 올 앳 원스+,10,진짜 싸우는 법을 배울 수 있는 영화
606,소울메이트,10,잘만든 영화다 여운이 오래남는구나
607,스즈메의 문단속,9,믿고보는 클라이막스와 전율 호강하는 디자인 색채
608,플레인,8,"단순하고 스트레스 없고, 진정한 팝콘무비"
609,샤잠! 신들의 분노,7,"1편과 대동소이. 스케일은 커지고, 영상미는 좋아지고, 유치한 개그는 여전하고, 빌런의 매력은 떨어지고, 개연성과 스토리는 부실해졌다."
610,소울메이트,10,눙물펑펑 ㅠㅠㅠㅠ
611,서치 2,10,
612,이마 베프,8,
613,콜 제인,10,
614,소울메이트,6,
615,스즈메의 문단속,2,평하기 어려울 정도로 노잼
616,소울메이트,10,좋았다 순수한 감정선... 그마음
617,스즈메의 문단속,10,진짜 신카이 마코토 것중에 최고가 아닐까 싶내요 3편중 젤좋은거같내요
618,TAR 타르,7,연기는 최고였어요
619,소울메이트,8,처음에는 아빠미소로 보다가 후반에김소미가 소시오패스로 나오네요
620,스즈메의 문단속,1,개연성 1도 없음. 지루함. 이해 안 가는 부분이 너무 많음
621,소울메이트,1,포스터는 '청춘물'인데 내용은 그냥 아무것도 없음청춘물도아니고 현실적인 이야기도아니고 무슨 얘기를하고싶은건지 설득력이 전혀없음영상미가 좋은것도아님다신 안볼듯
622,스즈메의 문단속,10,진짜 대존잼 너의 이름은보다 훨씬 재밌게 봤어요
623,다음 소희,10,돈으로 인권을 살수 있는 세상
624,똑똑똑,5,너무너무 지루했음
625,레이크뷰 테라스,6,사뮤엘 잭슨 OOO기같은 악질이네
626,써스펙트,7,마지막이 좀 아쉬웠다. 마지막에서 호불호가 좀 많이 갈리는 것 같다. 그걸 배제하고 보면 초반까지는 괜찮았음.
627,샤잠! 신들의 분노,8,액션 최고였어요 ㅎㅎ
628,스즈메의 문단속,10,"잔잔하게 계속 그냥 울컥울컥하는 부분들, 살짝씩 개그적인 요소들 영상미 음악 ㅠㅠ 개인적으로 너의이름은 날씨의아이보다 재밌었습니다. 저는 또보러갈거예요"
629,대무가,10,처음보고 듣는 소재! 신선하고 굿~ 난 재밌게 봄
630,스즈메의 문단속,10,와 이거 후유증 미쳐요 진짜 아니 그냥 제발 보세요 ㅠㅠ
631,소울메이트,6,설득력은 없었지만 아름다운 청춘물로써는 좋았다.
632,플레인,9,디스 이즈 스뽜르타드 해적놈들아!!
633,스즈메의 문단속,10,진짜 영상미.. 말잇못또 보고싶네요
634,데시벨,10,관객수가 더 많았어도 될만한 영화였어요배우들 연기좋아요
635,샤잠! 신들의 분노,6,"4DX로 오늘 봤는데,주인공이 너무 바보같이 나와요. 다음편에서는 좀 더 성숙했으면 좋겠어요."
636,스즈메의 문단속,3,스토리가 개썩었음. 결국엔 모든게 고양이가 가출해서 생긴 문제고 고양이가 다시 요석으로 변하면서 끝나다니...너무 이해안되고 어이없었음.
637,스즈메의 문단속,10,첫 혼영을 스즈메의 문단속으로 했는데 감동 받고 재미도 있고 여러모로 좋았어요 추천 !!
638,용호상조,8,분노게이지가 점점 더 올라가다가 라스트 씬에서 해소가 됐다....홍콩 느와르의 효시가 된 작품이 아닐지...총 맞아도 여간해서는 죽지 않고 말이지....어쨌든 멋있었다...여주의 노출로 인해. 볼거리가 풍성해진 느낌....역시 배우는 작품을 위해 벗을 줄도 알아야 한다...여주의 죽음이 안타깝지만쿨하게 넘어가는 것..그리고 아이를 공 던져서 도로에서 깔려 죽을 수도 있는 미끼로 쓴다는 게.홍콩 짱꼴라들 특유의 생명 경시 사상을 엿볼 수가 있다. 그 사조가 이후 홍콩 느와르 작품들의 베이스에 깔리기 시작한다....어쨌건 전제적으론 괜찮은 작품이었다...
639,다음 소희,10,너무 안타깝고 슬프다. 어린나이에 너무 가혹한 현실. 다 좀 바뀌자!!!
640,스즈메의 문단속,8,저는 개인적으로 재밌게 봤어요!!! 영상미가 엄청났고 ost가 너무 좋아서 영화 보면서도 내내 흥미로웠어요! 물론 주인공들 감정선이나 중간중간 내가 뭔가 놓쳤나?싶을 정도로 약간 이해가 늦게 됐던 장면들도 있었지만 고양이가 너무 귀여우ㅓ요....ㅠ잘 봤습니다!
641,스즈메의 문단속,1,그냥 너무 내용이 반복적이고 같은 말 계속하고 유치하고 뻔해서 헛웃음이 계속 나서 계속 웃었습니다 어찌보면 본 영화중 젤 많이 웃었네요
642,스즈메의 문단속,8,"스토리가 좀 아쉽지만, 아름다운 영상과 그에 어울리는 음악이 눈과 귀를 즐겁게 해준다."
643,나르비크,8,내가 낳고 키운 자식을 선택할것인가. 나의 조국을 선택할 것인가?  돌을 맞아도 나역시 내 자식을 구하지 않을까...
644,유체이탈자,10,연출 액션 특수효과는 100점스토리는 50점
645,데시벨,10,굿굿 연기 미쳤음 .. 넷플에서 보고 와 이게 왜 안 떴지 싶은데…
646,압꾸정,1,넷플릭스에 있어서 우연히 보게 되었는데....뒤로 갈수록 너무 재미없음.
647,스네이크 아이즈: 지.아이.조,1,이병헌의 지아이조를 잇는 이 시대 최고의 뱀눈까리
648,에브리씽 에브리웨어 올 앳 원스+,10,Be kind be gentle
649,TV소설 - 복희 누나,7,볼만한 드라마.
650,다음 소희,10,사회가 감추려하는 아픈현실을 세상에 알리는 이런 영화야 말로 이 시대의 스크린이 해야 할 일
651,압꾸정,1,심각하다 심각해..21세기에 아직도 이런 영화기 나오네..
652,더 헌트,10,내 생에 손꼽는 몇 안되는 영화
653,초속5센티미터,10,
654,멍뭉이,1,반려견의 새 보호자 찾기...우리는 그걸 파양이라고 부르기로 했어요.
655,대외비,1,너무 뻔하고 재미없어요
656,소울메이트,8,개연성을 생각하는 순간 몰입할 수 없으니 흐린눈...
657,스즈메의 문단속,10,
658,널 기다리며,4,"아무리 범죄자가 쓰레기라도 경찰이 그렇게 폭력을 쓰면 안 되지...경찰이 범법자네..그거 고소하면 빼박이잖아...합의를 보더라도 돈도 꽤 많이 들 테고 범죄자 도와주는 거지 ...그리고 아무리 경찰이경찰 가족이었던 애를 보호한다 쳐도 경찰서에서 지내게 한다는 게 말이나 되니? 너무 말도 안 되는 스토리를 범죄자 새끼에 대한 증오로 다 퉁쳐버리려고 한다... 개연성이 제로....그 훙폭한 범죄자가 여자애 하나 어떻게 못한다는 게 말이 되니? 말 안 되는 게 너무 많아서 평점을 매기기가 어렵다..,또한 약간의 긴장도를 이끌어 냈다는 건 인정한다만 그리 만족스럽질 못했다..."
659,소울메이트,10,
660,아임 히어로 더 파이널,10,
661,스네이크 아이즈: 지.아이.조,1,망작 경연대회나가면 다섯손가락안에 들듯
662,스즈메의 문단속,10,말이 필요없는....
663,유령,2,정말 재미없습니다... 추리는 다필요없고 액션 와다다 다때려부순다 끝
664,앤트맨과 와스프: 퀀텀매니아,8,마블팬이면 꼭 봐야하는 영화
665,더 포스트,10,무조건 보세요.정말 꼭 보세요.정말 가슴이 벅차다.현시대에 진정한 언론은 어디에 있는가.그들이 드러날 수 있는 용기와 지지를 실어주는 국민이 되고싶다.
666,스즈메의 문단속,9,"너의이름은 만큼의 임팩트는 없었지만 마음은 좀 더 가는 그런 작품.한 영화를 영화관에서 두 번 본적은 없지만 한 번 더 보러가고싶은 기분이 든다.ost도 사실 기억이 그렇게 남지않아서 아쉽고,초반부터 의자가 다해먹은 작품!"
667,스즈메의 문단속,10,전작에 비해선 아쉽지만 역시
668,샤잠! 신들의 분노,6,오늘 4DX로 봤는데 확실히 기대를 안하고 가야 볼만하다 유치뽕 하긴 하지만 그래도 나름 볼만했음 마지막에 갤 가돗 등장할때 왠지 모르게 반가웠음
669,데시벨,1,군인이 작전중에 동료가 죽었다고 테러를 일으킨다고? 오히려 군인 모독이다
670,대외비,2,사진관등 이상한데서 시간 다~ 잡아먹고나머지는 생략에.. 알아서 생각해라그런 느낌
671,루터: 태양의 몰락,4,우째 평점이 좋다해서 봤드만 역시 나만 이상한게 아니었네^^1시간보다 껐는데 혹시 이영화 보시려는분들은 과감하게 보지마세요^^
672,나는 가수다 3,7,질리지 않는 프로.
673,아름다운 청년 전태일,10,목숨바쳐 노동현실을 바꾸고자 했는데 2023년에 주69시간 일을 하라네 그래 니들부터 해보고말해라
674,샤잠! 신들의 분노,4,이젠 유치함도 없다
675,소울메이트,7,볼만했어요
676,샤잠! 신들의 분노,8,"샤잠은 원작 코믹스에서부터 어린아이가 멋진 성인 남자로 변하여 히어로 활동을 한다는 설정을 부여하여 어린아이들을 타겟으로 만들어진 히어로 캐릭터였습니다. 그렇기 때문에 해당 작품에서 아이들이 주인공이 되어 가족적이며 유쾌하고, 한편으로는 유치할 수 있는 분위기를 형성하는 것은 샤잠이라는 캐릭터의 설정상 불가피하고 당연한 부분이라고 생각합니다. 앞으로 개봉할 ‘플래시’를 기준으로 새로운 세계관이 쓰여질 DC의 작품들을 감상하시기 전에, 아무래도 대중들에게 어색한 DC 코믹스 속에 이런 히어로도 있구나라는 느낌의 킬링타임용으로 감상하기 좋은 작품입니다."
677,블러드 레드 스카이,10,평점이 6~7점은 돼야 되는데 너무 낮아서 10점 준다. 그리고 애 탓을 하는 평들 뭐지ㅋㅋ어차피 테러범들은 승객들 다 죽일 계획이었음 화물칸 문 열어서 흡혈귀 탑출하게 한 그 아저씨가 원흉이구만
678,스즈메의 문단속,10,"연출 하나는 정말 기가 막힌 것 같습니다.게다가 영화 개연성도 저번 날씨의 아이보다 와 닿은 것 같아요. sns 시대가 오면서 점점 사져가는 예전의 가치에 엮어서 지진이라는 재해재난을 발생시킨다는 점이 상당히 신선했습니다.재해재난을 소재로 해결해나가는 남녀 주인공들, 항상 신카이 마코토 작품은 요즘 세대의 트렌드를 파악하고 비판하는데 뛰어난 재능을 가지고 있는 것 같습니다.앞으로도 계속 응원하겠습니다. 화이팅!"
679,롤링 투 유,10,
680,샤잠! 신들의 분노,5,연령대를 낮추니 점점 파워레인저가 되어간다. 아니다 20분물 파워레인저가 더 재밌다. 이 아까운 캐릭터를 어쩌면 좋지?
681,서치 2,10,개재밌음 완전 심장쫄깃하고1보다 훨씬재밌음 꼭보셈
682,더 퍼스트 슬램덩크,10,3번 봤고요 4번째 또 보러 갈 예정입니다.
683,스위치,10,오랜만에 따뜻한 영화보니 좋았어요
684,소울메이트,10,별거 아닌데도 눈물콧물 쏟았어요...영화 분위기가.. 왜 이렇게 슬프죠?ㅠㅠ배우분들도 연기잘하시고 하은역 맡으신분 너무 예뻤어요
685,더 퍼스트 슬램덩크,10,슬램덩크 시간가는줄모르고 2시간이지나갔고 영화관 밖으로 나오니까 내가 서태웅으로 빙의했었음
686,소울메이트,4,"애초에 남주가 왜 존재해야 하는지 이유를 잘 모르겠습니다. 얘는 대사가 20줄도 안되는 거 같은데 하는 일이라고는 영화 내내 알듯 말듯한 세상 다 살아본 표정을 지으면서 둘의 우정을 갈라놓기 위한 장치 그 이상 그 이하도 아닙니다. 동굴에 소원 빌러 갈때 이상하리만치 남주를 미소와 단 둘이 보내려고 영화가 발악을 하는 것부터 (미소가 애도 아니고 다 동갑이면서 친구가 다칠까봐 남자친구를 보내는) 느낌이 쎄했습니다. 또한 후반부 반전이라고 가져온 게, 사실은 미소가 남주와 사귀어서 목걸이를 얻은게 아니라 목걸이를 미소가 빌린거였다, 사실은 둘이 키스하는 (하는 것처럼 보였던) 것을 아주 타이밍 좋게 하은이 목격했었다 등등 너무 촌스럽습니다. 그 오랜 우정이 남자 하나가 덜렁 나와서는 깨지기 시작하고, 평소처럼 대화만 나눴다면 일어날 가능성 자체가 없는 의심이 갈등의 주제라니 여자들의 우정을 너무 우습게 아시는 거 아닙니까? (어쩌면 내가 남자라서 그 우정을 이해 못하는 것일수도?) 차라리 남주를 없애버리고 서로의 금전적/사회적 격차로 인해 서서히 관계가 파멸로 나아가는 모습을 적나라하게 그리는게 훨씬 재밌었을 거라고 생각합니다. 리메이크라고 해서 원작이랑 똑같이 만들어야 한다는 규칙이 있는 것도 아니고. 남주 문제 이외에는, 미소와 하은의 돈독한 우정을 그리는 시간이 너무 깁니다. 솔직히 목욕 장면, DDR 장면을 비롯해 반 이상을 날려도 영화를 이해하는데 전혀 문제가 없다고 생각합니다. 다만 영화가 상황에 따라 색감을 바꿔가며 둘의 갈등을 표현하려 노력한 점은 굉장히 좋았다고 생각합니다."
687,공조2: 인터내셔날,8,
688,소울메이트,10,다른분들 모두 연기력이 뛰어났지만 역시 김다미 배우님 연기력이 깊은 감동을 주는 느낌이 들었어요저는 그러고보니 일부러 다 챙겨본건 아닌데 김다미 배우님이 출연한 작품을 거의 다 봤더라구요.새로운 작품에서 따듯한 감동을 전해주셔서 감사합니다.
689,명탐정 코난: 할로윈의 신부,10,ost 진짜 너무... 너무 좋았고 씁쓸한 맛이 있어서 자꾸 생각나는 영화네요
690,멍뭉이,1,정말 재미가 없네요 하아..
691,루터: 태양의 몰락,3,"이제 시작이니까 간절히 기도하고 있다. 좋은 영화는 관객들이 손을 잡아주실 거라 믿는다”고 했다. - 울며, 불며, 뒹굴며"
692,소울메이트,6,"원작이 있는 영화다 보니 당연히 비교가 될 수밖에 없는 거 같아요.연기와 영상미는 훌륭했습니다! 분명 평타 이상의 영화는 맞습니다! 근데 영화 음악이 좀 아쉽습니다.. 모그 음악감독님 명성에 비해 기억에 남는 귀를 휘감는 감동적인 음악이 없습니다.  원작에 비해 미소(안생)와 하은(칠월) 두 캐릭터의 개성이 약해져서 감동이 너무 줄었습니다.원작의 대표적인 감동 포인트는 보살핌 없고 거칠게 모험적이고 진보적인 삶을 살던 안생(미소)와 따뜻하지만 보수적이고 소심한 안정적인 삶을 살던 칠월(하은)이 모종의 사건들을 겪으며 안생은 칠월처럼, 칠월은 안생 같은 삶은 살게 되는 거였죠!근데 이번 한국 리메이크 버전에서는 두 캐릭터의 개성이 너무 흐려져서 미소와 하은이 왜 그렇게 갈등을 일으키는지에 대한 폭이 너무 좁았다고 할까요? 서로를 동경하는 면도 전혀 안 보이고요.그래서 극의 낙차라고 할까요? 기승전결이 크게 살지 않아서 원작에 비해 감동이 많이 떨어지는 건 어쩔 수가 없네요."
693,스즈메의 문단속,10,"하 진짜 배경 작하하며 스토리 하며 화면전환,연출 다 미쳤어요 그냥 ㅠㅜㅠ"
694,더 웨일,9,나도 몸무게가 120kg은 되는데 영화보면서 다행이다는 생각과 한편으로는 살을 빼야겠다고 생각이 든다
695,스즈메의 문단속,10,너무 감독받았고 좋았어요.굿굿
696,소울메이트,10,
697,택시운전사,10,와 진짜 인생영화네요 진짜 감동적이었어요 엄청 울면서 봤어요 진짜 한 번 이상 더 봐야 될 인생영화예요
698,대외비,5,"눈빛만 살아있는,넘치는 클리셰~"
699,소울메이트,10,"영화 정말 재밌게 잘 봤습니다 제 기준 100점 주고 싶네요 고민 하지말고 가족,친구들과 무조건 보세요."
700,아임 히어로 더 파이널,1,이런걸 머하러 만드는지
701,더 퍼스트 슬램덩크,10,오랜만에 심장이 뛰고 두근두근한 영화를 발견했다
702,스즈메의 문단속,10,최근에 나의이름은이나 날씨의아이는 별로였는데 이 영화는 감동도있고애니메이션적인 허용안에서 펼쳐지는 상상력을 자극하는 많은 내용들로 사람을 더욱집중하게 만든다. 영화관에 가서 봐도 후회 안할 영화. 몰입도도 작화도 좋다!
703,에브리씽 에브리웨어 올 앳 원스+,10,내가 뭘본거지 싶은데 뭔가 엄청나다 말로 표현할수가 없음ㅋ큐ㅜ 다 보고나니 너무 기분 좋아지는 영화
704,스즈메의 문단속,8,"너의 이름은, 날씨의 아이만큼의 기대치가 있어서 그런지 그정도는 아니었던거 같지만... 그래도 재밌게 봄"
705,아메리칸 뷰티,10,포에버 클래식~
706,두다다쿵: 후후섬의 비밀,10,9살 초등학생 여아랑 잼있게 봤어요. 이제 두다다쿵 볼나이는 조금 지났는데 그래도 잼있었다고 하네요. 마지막에는 조금 슬펐어요ㅠ
707,블랙 팬서: 와칸다 포에버,1,와 마블 왜이러냐... 이렇게 노잼으로 만들기도 힘들겠다..쓰레기 영화
708,스즈메의 문단속,10,믿고보는 영화..! 꼭 보시길 바랍니다!!
709,부라더,8,왜..난 슬프게 울고 웃으면서 봤는데…볼만하구만 ㅜㅜ
710,더 퍼스트 슬램덩크,10,명작입니다. 무조건 보세요.
711,랑종,4,1) 스토리의 기승전결이 잘 이루어졌나? >마지막 연출을 위해서 상식밖(인간 평균 지능 이하의 트롤링)의 행동을 끝도 없이 하는 등장인물.. 개연성 따윈 없음 2) 소재가 신선한가?  >무당이나 빙의 소재는 이미 흔하고 그 차이점을 한국이 아닌 태국으로 배경을 옮겨 다른 그림을 보이려한 것 같으나 이전의 비슷한 빙의 영화의 한계를 넘지 못함. 3) 연출적으로 다른 공포 영화보다 뛰어난가? >페이크 다큐 형식을 취하고 있으나.. 이게 최악의 한 수인듯.. 카메라맨들은 NPC처럼 찍기만하다 갑자기 공격을 당하면 마네킹처럼 아무 저항 없이 당해줌... 4) 배우들의 연기가 좋아 몰입이 되는가? >주연들의 연기는 볼만하나 촬영팀 포함 발연기 빌런이 다수 포진 5) 킬링타임용으로 볼만한가? >그럭저럭 볼만한데 초반 한시간의 지루함을 견뎌야함. 6) 총평 >곡성 이후의 작품을 만드는 동안 느꼈을 나홍진 감독의 부담감이 영화를 보는내내 느껴진것 같음.
712,스즈메의 문단속,9,이거 보면서 느낀게 솔직히 러브요소가 없었으면 좋겠음...뭐 만난지 얼마 제대로 되지도 않았는데 갑자기 사랑에빠지는...그럴수 있긴 한데 그 마음을 너무 깊이 받아들이는? 느낌이 좀 개연성 부족이라고 느낀다..난 여기 러브라인이 없었으면 더 좋았을거라고 생각한다 이거 빼면 최고다....
713,교섭,2,식상함 !...ㅏㄱ...
714,소울메이트,9,참 슬픕니다.  그런데. 영화 좋네요.
715,스즈메의 문단속,10,후반부갈수록 재밌어요 울뻔했다
716,소울메이트,10,재밋어요   감동적이고 따뜻한  작품이네요
717,스즈메의 문단속,8,스포 없는 요약= 커다란 고래회충이 지진내는 것을 막는 문단속 이야기.오늘의 교훈=뒷문도 두드려보고 건너자
718,이니셰린의 밴시,10,울면서 봤고아일랜드 풍경이 그냥 다했네 꼭 상영관에서 봐야
719,샤잠! 신들의 분노,2,안 낚일려고 했는데 평점에 속았다.. 돈은 많이 쓴거 같은데..
720,에브리씽 에브리웨어 올 앳 원스+,8,묘하게 감정이입 되는 영화
721,에브리씽 에브리웨어 올 앳 원스+,10,"이 시대에 나와선 안됐을수도 있는 역PC물. 모든것을 희생한듯한 엄마의 역할과 그에 저항하는 딸이 가져오는 변화와 그 파괴력을 메인인척 하지만 실질적으로는 가족들에게만 무능해보이는 남편의 자리, 가장 보수적이라 생각했던 아버지의 모습등이 가벼운척 쉽사리 던져져 있다. B급 느낌답게 뜬금없이 나오는 패러디와 오마쥬 틈에는 8,90년대 퍼붓듯이 쏟아지던 중국영화에 대한 감독의 존경심이 진심으로 느껴졌다."
722,이니셰린의 밴시,10,미친 배우들의 미친 연기
723,더 웨일,8,"상처받은 이들의 모습을 덤덤하게 그린 작품, 무조건적인 해피엔딩이 아니라서여운이 길게 이어진 영화"
724,소울메이트,8,아름다운 제주의 배경과 두 사람의 우정. 빛나는 그 시절 우리.
725,서치 2,10,콜롬비아 할배 최고네!!
726,소울메이트,7,
727,샤잠! 신들의 분노,6,
728,스즈메의 문단속,10,마지막에 아무 말 없이 울었다.
729,스즈메의 문단속,10,
730,플레인,6,예상외로  이게 오늘나온영화중에는제일나을정도임. 노잼이긴한데 그냥 잠자기만할거라면이걸보면서잠자면좋을듯
731,다음 소희,10,참으로 안타까운 현실이자 이야기
732,샤잠! 신들의 분노,1,진짜로 시끄러움. 말많고 노잼에 차라리블랙아담에 저용을등장시키고이걸 제작하지말지 이게무슨영화인지 보면서쪽팔렸음. 오글거리고
733,이상한 나라의 수학자,10,"한번은 볼만했던 영화,끝부분은 조금 지루"
734,다음 소희,8,어른들의 잘못이다. 화풀이하는 사람들 빈성하자.
735,스즈메의 문단속,10,재미있었습니다 잘 봤어요
736,스즈메의 문단속,2,그냥 보지 마셈 노잼 최악 그 자체 진심
737,루터: 태양의 몰락,5,영화보다는 드라마같은 전개. 악역에 대한 설명 부족. 잔인함이 이해부족.
738,브로커,2,무슨 말을 하려는지도 모르겠고 걍 똥
739,더 웨일,7,브렌든 프레이저 사이디 싱크
740,샤잠! 신들의 분노,10,굳좋습니다좋아요굳 입니다
741,앤트맨과 와스프: 퀀텀매니아,8,최근나온 마블 영화 중에 그래도 제일 나은듯...!!
742,TAR 타르,8,공감 너머 그 어딘가를 향해
743,스즈메의 문단속,10,존잼 또 보고싶다 너무 감동
744,더 퍼스트 슬램덩크,10,서태웅이랑 결혼 갈기고 싶어요 오프닝 스케치 되면서 한 명 한 명 나오는거 진짜...심장 찢어짐
745,콜 제인,7,콜 제인
746,살수,6,현준이와 땡칠이 코만 기억나요
747,스즈메의 문단속,6,딱 영화제목 나오기전까지가 좋았다
748,영웅,10,절대 잊어서는 안되는 우리의역사 한국인이라면 꼭 봐야하는 영화라고 생각합니다
749,보스턴 교살자,8,배우들의 틈없는 연기와 잔잔한 영화의 분위기가 정말 잘 어울린다. 스토리도 볼만해서 나름 좋았다. 영화 조디악이 생각나는 영화다.
750,압꾸정,7,끝까지 재기발랄 했어야지! 왜!!?? 오아시스 이후 급격히 심각해지냐.. 그래서 망했다
751,스타게이저: 아스트로스코프,10,
752,샤잠! 신들의 분노,9,유치하다고 하지만.. 되려 그게 매력 포인트인 영화! 영화가 주는 메시지가 좋다!
753,스즈메의 문단속,8,개연성단속을 잘해야겠네요 그래도 재미는 충분
754,스즈메의 문단속,10,고양이가 너무 좋습니다…신카이마코토씨가 1년에 하나씩 극장판을 내주셨음 좋겠네요 제발요 제발 하나더줘 내가 맛있는 라면을 준비했어
755,샤잠! 신들의 분노,7,레이첼 지글러와 애셔 엔젤과 사귀는 것은 찬성이고 그리고 이 영화는 코미디가 조금 아쉽지만 액션이 통쾌하면서 믿고 보는 배우들에 열연이 있어서 참 좋았다. 이 영화가 좋은 점은 특수효과가 개성이 넘치고 캐릭터와 몬스터가 신기했다.
756,플레인,10,뭐가 재미가 없다는건지…처음부터 끝까지 몰입하면서 봤어요 액션도 이만하면 머
757,스즈메의 문단속,1,개연성 0% + 신파 덩어리에 걍 무리인 영화..
758,멍뭉이,10,아이랑 같이 훈훈하게 봤어요~~
759,스즈메의 문단속,8,
760,6번 칸,10,아주 재밌네요
761,스즈메의 문단속,10,너무 재밌게봤음  강추합니다
762,스즈메의 문단속,10,이것은 걸작이다이것은 걸작이다이것은 걸작이다이것은 걸작이다이것은 걸작이다이것은 걸작이다이것은 걸작이다이것은 걸작이다이것은 걸작이다이것은 걸작이다이것은 걸작이다이것은 걸작이다이것은 걸작이다이것은 걸작이다이것은 걸작이다이것은 걸작이다이것은 걸작이다이것은 걸작이다이것은 걸작이다이것은 걸작이다이것은 걸작이다이것은 걸작이다이것은 걸작이다이것은 걸작이다이것은 걸작이다이것은 걸작이다이것은 걸작이다이것은 걸작이다이것은 걸작이다이것은 걸작이다이것은 걸작이다이것은 걸작이다이것은 걸작이다이것은 걸작이다이것은 걸작이다이것은 걸작이다이것은 걸작이다이것은 걸작이다이것은 걸작이다이것은 걸작이다이것은 걸작이다이것은 걸작이다이것은 걸작이다이것은 걸작이다이것은 걸작이다이것은 걸작이다이것은 걸작이다이것은 걸작이다이것은 걸작이다이것은 걸작이다이것은 걸작이다이것은 걸작이다이것은 걸작이다이것은 걸작이다이것은 걸작이다이것은 걸작이다이것은 걸작이다이것은 걸작이다이것은 걸작이다이것은 걸작이다이것은 걸작이다이것은 걸작이다이것은 걸작이다이것은 걸작이다이것은 걸작이다이것은 걸작이다이것은 걸작이다이것은 걸작이다이것은 걸작이다이것은 걸작이다이것은 걸작이다이것은 걸작이다이것은 걸작이다이것은 걸작이다이것은 걸작이다이것은 걸작이다이것은 걸작이다이것은 걸작이다이것은 걸작이다이것은 걸작이다이것은 걸작이다이것은 걸작이다이것은 걸작이다이것은 걸작이다이것은 걸작이다이것은 걸작이다이것은 걸작이다이것은 걸작이다이것은 걸작이다이것은 걸작이다이것은 걸작이다이것은 걸작이다이것은 걸작이다이것은 걸작이다이것은 걸작이다이것은 걸작이다이것은 걸작이다이것은 걸작이다이것은 걸작이다이것은 걸작이다이것은 걸작이다이것은 걸작이다이것은 걸작이다이것은 걸작이다이것은 걸작이다이것은 걸작이다이것은 걸작이다이것은 걸작이다이것은 걸작이다이것은 걸작이다이것은 걸작이다
763,데시벨,10,재밌는데..평점이 낮아 아쉽네.
764,사랑의 블랙홀,9,
765,압꾸정,3,노래가 제목따라간다죠 영화도 그런가봐요 진짜 꾸정물..
766,스즈메의 문단속,4,"기대를 하였으나, 매우 실망함."
767,서치 2,9,재미있다. 근데 방구석 CCTV에 마이크 달린 거 실화임?
768,플레인,7,욕심부리지 않고 기본에 충실한 깔끔한 오락영화입니다.
769,압꾸정,2,배우들 연기로 이겨내며 3번 끊어서 겨우 겨우 다봄
770,소울메이트,9,눈물 엄청 쏟았네요 ㅠㅠ
771,취권 3,1,
772,스즈메의 문단속,10,말이필요없는명작입니다
773,스즈메의 문단속,10,감탄만 나오는 영화였음 개인적으로
774,"귀멸의 칼날: 상현집결, 그리고 도공 마을로",1,아니 무슨애니로 다본내용 짜집기해서 한시간 넘게틀고  노래로 시간 다잡아먹고 짜증나서 못보겠네
775,스즈메의 문단속,10,
776,스즈메의 문단속,1,씹덕들에겐 작화 빼면 스토리는 노잼임 좀
777,더 퍼스트 슬램덩크,10,슬램덩크를 알지만 산왕전은 전혀몰랐기에 실황경기를 보고왔어서 행운입니다
778,스즈메의 문단속,8,ㅋ..다들 이해를 전혀 못하네..동일본대지진이후. 자기들의 신사참배 상징들을 녹여서 치유됐음을 알리고자 하네. ㅇㅇ그래도 후쿠시마 농수산물 절대 안돼. 방사능 오염수 그만 처버려.
779,데스 노트 - L: 새로운 시작,4,느시 아덴만의 여명 피~취~
780,에브리씽 에브리웨어 올 앳 원스+,9,오스카 고으즈 투... 에브리띵! 댓츠올 야스 올킬
781,샤잠! 신들의 분노,2,아 시  괜히봤어 내용도허접하고 볼것두업구...시간낭비 좋아하시는분만 보세요
782,플레인,10,재밌어요!! 굿굿굿.
783,루터: 태양의 몰락,4,개연성도 없고 내 두 시간만 손해 봤다그 놈의 영화 포스터 때문에 좀 재미있으려나 기대했는데 웬걸 아무 의미도 없이 면상에 태블릿 pc 붙이고 쇼하는 수준이었음루터가 야부리 털 때 인질로 데리고 있는 여자애 죽이는 시늉도 안 하고 경청하는 살인마라니 개친절해서 어이가 없었음이건 마치 웨딩피치 같은 애니메이션에서 주인공 변신 모드일 때 악당이 공격 안 하고 기다려주는 것과도 같은 터무니 없는 젠틀함이었다그리고 살인마 역할이 너무 작위적이었음어거지로 싸패도 아닌 게 싸패인 척 노오력하는 중2병 느낌;어쨌거나 전체적으로 개연성 온데간데 없는 영화지만 이것보다 더 처참한 영화도 몇몇 있으니 별 두 개는 드림
784,소울메이트,8,김다미 연기에 평점 전부 드림
785,압꾸정,10,볼만하구만 왜 평점들이 저주를 퍼부었데??
786,행복을 찾아서,10,크리스는 매순간 최선을 다 해 ’달렸다‘
787,이니셰린의 밴시,10,시대상을 알면 더 풍성한 텍스쳐지만 그걸  차지하고라도 배우간의 연기가 보여주는 관계성이 여러 생각하게 하는 영화
788,6번 칸,8,6번칸 - 여의도 CGV
789,타락천사,6,그냥그랬다 금성무젊다
790,머니볼,8,이래서 야구를 싫어할 수가 없다.
791,소울메이트,8,김다미 보러갔다가 전소니를 알게된 영화  원작이 보고싶어졌어요
792,소울메이트,10,오랜만에 감동받은 영화.
793,스즈메의 문단속,1,진짜 문만 닫는영화 비추
794,인터스텔라,10,초등학생 때 뭣모르고 친구랑 보러갔다가 뭔소린지 이해가 안가서 유튜브로 해석 찾아보고댕겼었다지금에 와서 재개봉 한다고하면 다 갖다치우고 바로 보러달려간다 ㄹㅇ 여러방면에서 새로운 감각을 알려준 인생영화
795,스즈메의 문단속,2,리뷰처음 남겨봅니다. 개연성도 너무 떨어지고 연출 역시 별로였습니다. 너무 너무 실망했습니다.
796,샤잠! 신들의 분노,8,요즘 보기 힘들어진 그냥 깔끔하게 잘 만든 가족적인 히어로 영화라 가치 있는 작품. 쿠키 영상은 왜 넣었을까.
797,더 퍼스트 슬램덩크,9,"왼손은 거들뿐, 슬램덩크 다른 인물들 중심의 스토리 전개라 신선하고 재미있었습니다."
798,이니셰린의 밴시,9,"영상미 좋고 무엇보다 배우들의 연기가 인상 깊었다. 내전에 초점을 두고 봤어야 내용이 더 와닿았을 것 같은데 다 본 후에 알아봐서 다소 아쉬웠다. 이해가 안되는 부분이 여운을 남기는 것 같다. 사람과 사람 사이의, 나아가 시대상을 잘 반영한 영화인 것 같다."
799,교섭,4,개인적으로 현빈 연기 몰입이 안됨
800,론 서바이버,9,산에서 쫓기면서 싸우는 전투신은 압권 !!!!
801,클라우드 아틀라스,5,난 솔직히 잘 모르겠다 이영화가 재밌는지도 옴니버스 시대도 뒤죽박죽이고 보통사람으로는 이해할수 없다 배두나 땜에 본다 이쁘다
802,소울메이트,10,배우들의 섬세한 감정표현 좋았습니다
803,다음 소희,10,감동이라고 하기에는 많이 슬퍼요...책임떠넘기기에 급급한 재수없고못난 어른들 반성하게 만드는 영화배두나 배우님 완전멋져요처음엔 MZ세대 영화인줄 알았는데 보다보니까그게 아니었어요... 어른들은 반성해라!!!
804,영화 이누야샤: 붉은 연꽃의 호우라이섬,10,곤노 바쿠류하 호우아에 따!따!따!따!따
805,스즈메의 문단속,10,꼭 보러가길…..다이진 스키
806,플레인,6,볼만했어요
807,화차,10,몰입감도 좋고 스토리을 이어나가는 맛이 있음잘만들어진 작품..
808,샤잠! 신들의 분노,8,기대 이상으로 재밌는 영화였습니다!!
809,다음 소희,10,너무 현실적이라 답답하고 아이들이 안타까워서 그냥 마음이 아팠습니다영화에서 이런 내용을 다뤄줘서 감사한 마음입니다
810,스즈메의 문단속,8,진짜 영상미하나는 미쳤음 특유의 산뜻한 색감과선 너무 아름다웠음 특히 도쿄 23구 상공에서 봉인이 풀린 미미즈때 느껴지는 코즈믹 호러랑 ost는 가히 최고라고 부를만함 아쉬운 점은주인공의 무모한 행동과 소타와의 죽음을 초월하는 사랑을 표현하기엔 개연성이라고해야하나 째든 빌드업이 무족했음 무엇보다 고양이 다이진의 행동 하나하나가 이해가안감
811,더 퍼스트 슬램덩크,10,
812,샤잠! 신들의 분노,5,불투명해 보이는 빌리와 친구들의 미래
813,소울메이트,10,친구의 의미와 나 자신에 대해 생각해보게 되는 영화 한번쯤 보길 추천 드려요
814,너의 이름은.,10,스즈메의 문단속도 뛰어넘지 못하는 내 평생의 인생작. 아직도 관련 영상을 보면 울컥할만큼.. 모든게 완벽한 보물같은 영화
815,스즈메의 문단속,10,오랜만에 괜찮은 애니메이션 봤네요! 남주 얼굴이 조금 나와서 아쉽…
816,소울메이트,7,"원작을 안 봐서 비교는 못 하지만 듣자하니 원작에 없는 극사실주의 그림(인물)이 여기서 원작과 아주 중요한 차이를 만드는 것 같다. 얼굴을 극사실주의로 그리려면 얼마나 오래 들여다보고 또 봐야할까.아름다운 제주풍경에서 각자 성격도 성향도 다른 두 여자아이 미소와 하은이 자매처럼 단짝으로 자란다.둘은 즐거운 추억과 비밀과 오해, 애증을 겪으면서 서로의 삶이 하나로 미술을 매개로 겹쳐진다. 사는 곳도 작업실도 그림도 여행지도 아이조차도. 끝에 가서는 어느 얘기가 진짜인지 누가 거기 간건지 미소인지 하은인지조차 무의미해진다. 그게 진짜 누구였던 둘의 꿈과 삶이 결국 겹쳐지기 때문이다.왜 꼭 그래야만 했을까...하는 부분들이 많다. 왜 솔직하지 않았을까, 왜 친구에게 맞춰주지 않았을까, 왜 꼭 끝이 비극적이여야 했을까, 하긴 그래야 서로의 삶이 하나로 겹쳐지기 때문이였을까?현실적으로 보면 친구가 나에게 자기 애를 두고 죽어버린 황당한 상황이지만, 이제 미소가 하은이 삶을 살고 하은이가 미소가 바라던 삶을 살다 갔다.내가 바라던 소울메이트라는 관념과는 달랐지만... 서로가 서로의 존재와 삶, 꿈에 이토록 얽힐 수 있는 관계라는 건 사실 가족간에도 힘들 것 같다. 그래서 소울메이트라면 그런 의미로 볼 수 있을듯."
817,말리그넌트,2,"휘유 …, 보다 잤음감상평들 몇개보고 일말의 기대한 잘못. 장르를 나누자면 호러는 아니고."
818,스즈메의 문단속,10,일본스러운 잔잔함 오랜만에 좋았어요~ 막장이 난무하는 현실세계에
819,소울메이트,9,원작을 보고 봤는데도...정말 한국식 정서적으로 세심하게 연출이 잘 되었다고 봅니다. 무엇보다 김다미의 연기가 시종일관 눈부십니다.
820,소울메이트,7,사람 감정이란 게 어디 하나로만 단정할 수 있을까.
821,외계+인 1부,10,생각보다 재밌었습니다. 한국에서 이런 장르라니 2부가 기대 됩니다
822,플레인,10,액션영화로 2시간 순삭이다. 요즈음 볼 영화 정말 없는데 가뭄의 단비다. 씨지덩어리 개미맨보다 훨 재밌게 봤다.
823,서치 2,5,볼만함
824,앤트맨과 와스프: 퀀텀매니아,5,개미개미개미
825,어떤 영웅,8,얽히고..얽혀서..점점...
826,TAR 타르,6,어렵다 영화 자체는 길지만 시간은 금방간다
827,스즈메의 문단속,10,
828,이니셰린의 밴시,9,콜린파렐은 파우릭 그 자체!!
829,소울메이트,10,말이 필요없음!믿고 고고~!!
830,소울메이트,10,"미소와 하은이의 중점으로 학창시절의 제주도와 어른이 된 현재의 서울배경, 두 사람의 우정으로 인해 가장 따뜻하면서 아름다운 영상미에 감동받은 영화."
831,샤잠! 신들의 분노,1,영화 시작하고 딱 5분동안은 엄청 설레고 기대했습니다. 나오는 빌런들도 무자비하고 히어로들도 나름 열심히 활동하는 모습을 보여줬기때문이죠.하지만 그이후부터는 감독이 이영화를 왜 만들었나에대한 의문이 들었습니다. 솔로몬의 지식과 제우스의 번개 스피드등을 따서 샤잠이라는데 그힘을 제대로 쓰는걸 본적이 없네요. 힘을 쓰는방식이 이상하다는게 아니라 아예 초능력을 안써요..그냥 쫄쫄이 입고 무슨일이 일어나던 쳐다보고만 있습니다. 말은 또 어찌나 많던지..
832,"귀멸의 칼날: 상현집결, 그리고 도공 마을로",4,어차피 시즌3 나옵니다 미리보지마십시오
833,샤잠! 신들의 분노,10,반드시봐야할인생영화! 샤잠!
834,에브리씽 에브리웨어 올 앳 원스+,4,극장에서 난 보면서 졸리던데..과대포장된 영화임. 아카데미상 받은 것도 이거 중국 자본 입김으로 된 듯해요.
835,더 웨일,9,내 인생의 무비히어로 브래든 프레이저의 부활..! 그것이면 충분했다.
836,올레,8,"재밌게 잘 봤습니다. 영화 곳곳에 웃음 포인트가 있네요. 그러면서도 마흔 즈음이 되면.. 누구나 공감할 만한 내용들이 녹아져 있어 생각할거리도 가볍게 나마 던져주고, 박휘순 배우의 연기가 볼만 합니다. 정말 ‘수탁’ 그 자체네요~"
837,화산고,10,진짜 한국영화 옛감성ㅋㅋㅋㅋ 재밌음다
838,스즈메의 문단속,10,믿고 보는 신카이 마코토 감독님!! 재난 3부작의 마침표 잘보았습니다
839,더 웨일,8,전작 [마더]에서 ‘반휴머니즘‘의 우화를 보여준 대런 애런노프스키의 휴먼 드라마다. 자신의 절망과 슬픔을 육체 안에 욱여넣은 것처럼 거구의 비만인이 된 주인공은 사실상의 ’의학적 자살‘의 길을 걷는 인물이다. 그리고 그의 앞에 등장하는 것은 그를 종교적 구원으로 이끄려는 남자와 자신이 저버리고 8년만에 만나는 악의로 가득찬 딸 그리고 절망의 동지인 전 연인의 동생이다. ’연극‘을 원작으로 하고 있는 작품답게 오하이오의 외딴 곳에 ’섬‘처럼 고립된 주인공의 집을 거의 벗어나지 못한 이 영화는 ’스스로에 대한 절망과 작은 희망에 대한 무한한 선의‘로 가득 찬 양면적인 주인공과 내면의 선의를 적의로 나타내는 젊은 등장 인물들. [더 웨일]은 캐릭터 드라마로서의 매력이 도드라진 영화다.이 ’구원‘에 관한 드라마에서 무엇보다 뛰어난 갓은 주인공 캐릭터와 실제의 삶이 미묘하게 공명하는 브랜든 프레이저의 연기다. 그는 자신의 절망 끝에서 본 작은 희망을 위해 모든 것을 저버릴 수 있는 극단적이고 절절한 부성을 처절하게 연기해낸다.
840,이니셰린의 밴시,8,독특하지만 설득력 있는 캐릭터들로 표현되는 내전의 양상과 포화 뒤의 희미한 봉합. 너무나 입체적인 인물 묘사와 탁월한 배우들의 연기 그리고 과묵하고 아름다운 촬영. 역사와의 알레고리를 넘어서 인간과 관계에 대한 통찰. 늘 타인 앞에서 미끄러지는 언어의 무력함.
841,"힘을 내요, 미스터 리",8,내용이 뻔해도 느낌은 좋더라
842,스즈메의 문단속,10,영상미 너무좋아요 또보고싶어요
843,스즈메의 문단속,6,"맥거핀 남발과 개연성 부족, 부족한 스토리라인영상미만으로 보기엔 돈이 아까운 느낌"
844,에이지 오브 탱크,2,뭘 애기하고 싶은거냐 ㅋㅋ
845,영웅,10,역시 배우들의 연기와 스토리 노래 너무 잘 보았습니다
846,스즈메의 문단속,1,영화 보고 이해할수 있는 내용: 스즈메는 얼빠다.
847,TAR 타르,10,말러가 되고 싶던 여인의 말로
848,스즈메의 문단속,10,역시 역시 역시 역시 역시
849,스즈메의 문단속,9,믿고 보는 작화와 믿고 듣는 OST. 스토리가 살짝 아쉽다ㅏㅏㅏ.
850,플레인,10,
851,스즈메의 문단속,8,여전히 좋은 영상미와 음악. 그리고 좀 더 깊이 들어간 내용. 하지만 개연성은 먼가 더 얕아 졌다.
852,내 깡패 같은 애인,7,루저들의 사랑이야기
853,스즈메의 문단속,9,"전작들도 워낙 훌륭했는데, 그보다 더 좋은 음악과 박진감 넘치는 연출까지.. 보는내내 넋을잃고 봤네요.. 시간순삭!!"
854,대외비,3,"내가 별점주는 것도 대외비니까, 절대 대외비라고 얘기하지 말고, 절대 대외비니까 남들 모르게해야 한다.. 왜.. 대외비니까..."
855,대외비,10,
856,낮에는 덥고 밤에는 춥고,10,"솔직히 아래에 비난에 가까운 글들을 보면서 마음이 불편했습니다. 난 재미 있게 본 영화인데 왜들 그러지? 하는 마음도 있었지요. 그래요. 상업영화의 틀을 가지고 보자면 비난에 가까운 글을 남길 수도 있겠지요. 개인적으로는 독립영화라는 틀을 놓고 보자면 충분히 가치있고 재미 있는 영화임에도 불구하고 말입니다. 물론 일정한 금액을 지불하고 영화를 관람하는 소비자의 입장에서 재미없다고 판단하고 비판 할 수 있겠지요. 하지만 독립영화는 다른 맥락에서 바라봐야할 하나의 장르 영화가 아닌가 싶습니다. 저는 이 영화가 어떻게 만들어졌을지 짐작이 할 수 있었고, 내용도 그렇지만 등장인물 뿐 아니라 감독과 배우까지 응원하는 마음이 생겼습니다.  그것만으로도 저에겐 감동의 요소였습니다. 누군가를 응원하게되는 마음이 생긴것 자체가 말입니다. 저는 박송열 감독의 이러한 제작 방식과 내용의 영화가 홍상수 같은 감독의 개인적 장르를 구축하는 작가주의 영화로써 한국 영화에 남지 않을까? 라는 기대를 해봅니다. 그리고 응원합니다."
857,똑똑똑,4,"전혀 기대감 없이 봤는데, 감독이 샤말란이라고 해서 기대감이 높아졌다가, 이따위로 만드다니 허탈할 지어다."
858,아바타,9,인간의 상상력 그대로 화면으로 옮겨짐.
859,스즈메의 문단속,10,ost 너무 좋아요! 재밌게 잘 봤어요 ㅎㅎ 스즈메!
860,소울메이트,8,재밌어요.잔잔하게 김다미 너무좋아요
861,샤잠! 신들의 분노,4,"DC를 얼마나 기다려야 할까? 그냥 잘 하는 거 하면 될텐데... 슈퍼맨, 원더우먼, 배트맨.. 안타깝다.."
862,잉글리쉬 페이션트,8,불꽃같은 사랑이야기.
863,소울메이트,10,
864,소울메이트,8,예쁜 동화같은 감성 그리고 담담하게 현실도 보여준...
865,쉰들러 리스트,10,쉰들러리스트 영화는 제가 본 영화 중에 최고의 작품 입니다 스티븐 스필버그 감독과 존 윌리엄스의 음악은 세계 최고의 음악이고 차후 나오지 않을 작품입니다
866,에브리씽 에브리웨어 올 앳 원스+,10,수상 축하드립니다.
867,대외비,10,재미 있었음.연기들을 잘하고
868,스즈메의 문단속,4,전개가 어딘가 나사가 빠져있음그냥 말그대로 얼빠+집착녀 주인공의 끝을 봤다ㄹ까..?
869,스즈메의 문단속,10,
870,앤트맨과 와스프: 퀀텀매니아,6,페이즈5의 서사를 여는 중요한 영화니 보는거 추천
871,원라인,10,이런영화가 왜흥행을 못햇을까....ㅠㅠ
872,중경삼림,10,양조위 진짜ㅋ 너무 잘생겼다. 캘리포니아드리밍 크으~~~
873,여인의 향기,10,도나랑 춤추는 장면을 우연히 보게 돼서 와 여자 진짜 이쁘네 이러다가 영화 자체의 내용이 궁금해서 보게 됐는데 정말 명작이다. 특별히 엄청난 무언가가 있는게 아닌 잔잔하게 흘러가는 이 영화의 호흡이 너무 좋다. 도나와의 탱고도 영화를 보면서 다시 보니 정말 달라보인다. 설렘이라는 단어로 표현할 수 없는 마음속의 어떠한 감정이 달아오른다. 지금까진 내 인생영화가 무엇이냐고 물어보면 선뜻 무엇이라 답하기 힘들었는데 오늘부로 정해진 것 같다. 언젠간 나도 나만의 탱고를 완성시킬 수 있길.
874,스즈메의 문단속,2,"몇몇연출, 영상, 음악만 좋음.여주 행동이 계속 이해가 안가는 상황의 연속, 되도않는 의자때문에 당황하다가 고양이때문에 열받고 캐릭터 감정선 갑자기 왔다갔다 반복해서 꾹 참고봄. 요괴 비쥬얼 별로고 주문이랑 마법에 대한 설명도 부실하고 재난알림->두리번->발견->뛰어감->가까스로해결의 반복에 반복인데 그 해결이 겨우 문하나 닫겠다고 힘주고 있음.남주 시작하자마자 의자되가지고 아쉬워죽겠는데 고양이때문에 개연성도 없이 갑자기 비석행에 숭고한희생할줄 알았더니 살고싶다고 움 걍 그 다이신 고양이는 뭔 의도인지 끝까지 이해못함.기대 개했는데 짜증남의 반복이라 중간에 나가고 싶었음.중간중간 영화관 안에 그'분'들이 헉 히익 오오 이런 효과음 내줘서 굉장히 거슬렸는데 엔딩에서 금사빠 여주의 화려한 장식에 또 실망하고 있었는데 그분들이 소리내며 우는걸 보며 또 놀람.애니메이션 좋아하고 너의 이름은 날씨의아이 다 좋았는데 이건 왜 평들이 좋은지 이해가 안됨 ㄹㅇ"
875,스즈메의 문단속,4,초반엔 재밌다가 중후반갈수록 이게 대체뭔지 싶음 애니 평소에 안보는 일반인이 봤을땐 너무 오글거렸음
876,뮌헨,8,복수는 복수를 낳을 뿐이다.
877,더 퍼스트 슬램덩크,10,그냥 아 모르겠고 지려따
878,스즈메의 문단속,10,이걸 보고 제 인생이 달라졌습니다. 안보면 후회 합니다 역시 작가님의 명성에 맞는 작품이였어요 강추합니다
879,스즈메의 문단속,10,너의이름은과 비교하면 아쉬웠지만 비교대상이 아니라면 나름 재미있었던 영화
880,소울메이트,10,배우들 연기도 좋고 스토리도 좋았어요
881,매트릭스,10,그 당시 워쇼스키형제들은 천재인줄..
882,감기,6,영화는 그들의 계획서 라는걸 이제 사람들이 알아야한다!!
883,스즈메의 문단속,10,스즈메 내 아를 나아도..
884,스즈메의 문단속,2,사람마다 틀리겟지만 솔직히 씝노잼임 너의이름은 부터똑같음 스토리 개연성 흘러가는게저걸재밌다고 글써적는건 영화를 애니로 보시는분들이신가봄...영화보는 눈좀 높이자 제발..
885,킹콩,6,여배우가 이때 38살로 많은 나이였는데 미모가 지금 시대 한국 10대 20대 여자들 외모를 그냥 쳐뭉게버리는  미모네
886,스즈메의 문단속,2,
887,스즈메의 문단속,10,인생 처음으로 2번보고 싶은 영화
888,스즈메의 문단속,6,전작들과 달리 스토리도 너무 루즈하고 그렇다고 영상미나 OST기 특출나지도 않았어요 ㅜ좀 유치하다고해야하나
889,데시벨,10,딴건모르겠고 차은우군이 입술이 퍼래도 잘생겼습니다..오직 그것만으로 10점이 가능했다...그는신이야
890,스즈메의 문단속,2,너무 재미가 없고 허무함
891,딕 존슨 이즈 데드,10,"죽음에 대한 참신하고도 생생한 접근, 웃다가도 울고 있는 나를 발견, 많은 사람들이 봤으면 좋겠다."
892,데시벨,10,오랜만에  몰입 해 보게 됨
893,스즈메의 문단속,9,영화를 꿰뚫는 한 문장'다녀오겠습니다.'재난으로 가족을 잃고 남겨진 이들에게 치유가 되길 기원합니다.
894,스즈메의 문단속,6,이거 연애물이었냐... 일본 특유의 교육성 메시지
895,더 웨일,4,바른선택하나 제대로 못해서 허우적대는게 인생인데 스스로 구원을 이룬다고? 지나가는 개가 웃겠소. 그저 퀴어자 하나가 여럿 맘고생시킨 스토리.
896,대외비,5,뭔가... 약간... 아쉽네요.. 그래도 수고 많으셨습니다.
897,스즈메의 문단속,8,"기대했던 감독이 연출한만큼 연출과 영상, ost는 좋았지만 스토리는 와닿지 않았다. 감동적이긴 하지만 지브리의 원령공주가 약간 연상된달까나. 그래도 영화관람표 가격이 과거 수준이었다면 기꺼이 n차 관람을 할 정도로 좋았다. 지금의 가격에서는 한 번 본 걸로 만족!"
898,이니셰린의 밴시,10,올해 작품상은 헤어질결심 아니면 이 영화가 받았어야 했다. 행복하다 이런 영화를 볼 수 있어서.
899,스즈메의 문단속,10,
900,스위치,4,"스토리, 연출이 90년대 수준에 지루하고 시간 아까워서 나갈뻔 했음. 올해 최악의 영화이고 연말까지 최악일듯"
901,스즈메의 문단속,4,스토리가 너무 개연성 없어요. 등장인물 모두 만난지 얼마 안되었는데 그렇게까지 희생? 하는지 이해 안됨. 그리고 보는 내내 모노노케히메 생각남
902,플레인,8,쫄깃한 상황과 적절한 액션으로 몰입감있고 재미있다
903,스즈메의 문단속,10,재밌는데 지금 반일감정이 높아져서 내려치기 당하는듯 ㅋㅋ
904,스즈메의 문단속,10,"스토리는 ""왜?""라는 의문점을 지우기 힘든 부분이 많아서 아쉽지만 너의이름은과 비슷한 전율은 느낄 수 있었다. 전작 날씨의아이와 비교했을때는 상당히 재밌거나 볼만했고 역작인 너의이름은에 비교했을때는 스토리가 가장 비교대상이라 생각됨."
905,놉,10,서있는 신발을 이해한 사람한테는 10점짜리영화다
906,압꾸정,10,역시 믿고 보는 마블리표 영화 평이 안좋아서 기대 안했는데 하관이 다 아플정도로 웃엇네요유머코드가 맞아서 그런가 재밌게 봤습니다!!!
907,강남좀비,1,씨발 공백을 제외하고 10자도 아깝다
908,스즈메의 문단속,8,".. ..? ..,...,..,.,"
909,소울메이트,8,연기가 좋았습니다
910,스즈메의 문단속,8,관람한지 5일쯤 지나니 다이진만 기억에 남네요
911,다음 소희,10,진짜 현시대의 문제점을 보여주는 영화네요
912,기억의 밤,10,장항준씨 개그맨 인 줄 알았는데 영화도 찍으시고
913,소울메이트,8,김다미는 확실히 눈에 뜁니다 전소니는 상대적으로 좀 약한느낌
914,샤잠! 신들의 분노,1,관객을 봉으로 만드는 초코볼은 뭐냐
915,소울메이트,10,연기랑 영상미가 좋았어요
916,샤잠! 신들의 분노,10,10점은 아닌데 내용에 비해 너무 평점이 낮아서 10 점임
917,샤잠! 신들의 분노,10,전 너무 재밌게 보고왔어요!!ㅠ.ㅜ
918,이니셰린의 밴시,7,대체 왜 그러시는건데요.... 보는 내내 헤어질결심 생각남
919,교섭,10,왜? 재밌기만 하구만 존잼!!!
920,소울메이트,10,오랜만에 감동이 있는영화봤습니다. 인생 ㅔ 힘이 되는 소울메이트가 있다는게 어떤느낌일까 다시한번 생각해 보게되네요.
921,샤잠! 신들의 분노,10,방금전에 이수역 메가박스에서 보고왔는데 재밌네요 근데 이 샤잠에 왜 원더우먼이 나오네요 ㅋㅋ
922,앤트맨과 와스프: 퀀텀매니아,6,그냥저냥...
923,소울메이트,10,영화가 끝나고도 계속 여운이 남는 영화가 있는데 생각나게 하는 영화... 약간의 페미니즘영화라고도 할수 있는데 아슬아슬하게 잘 비켜간듯싶고 잠적에서 본 작위적인 김다미 모습에 좀 망설였지만 역시 연기력 멋지네요 굿 !!
924,너의 이름은.,10,ost도 좋고 그림체도 좋고 스토리도 좋고 마지막에 끝날때 둘이 다시 만나서 알아봤으면 하는 마음이 있었는데 약간 아쉽네요 ㅜㅜ
925,센과 치히로의 행방불명,10,갠적으로 하쿠 너무 잘생겨서 계속 보게 되네요..ㅎㅎ
926,이웃집 토토로,10,나오는 주인공들이 되게 귀엽고 그림체도 몽글몽글한데다가 ost까지 진짜 좋은 애니입니다..!!!!
927,화산고,10,영화관에서 재밌게 봤던 영화 기술적으로 진보된 영상에 한표~ 감독이 디테일한 부분에 신경많이 쓴듯  만화같기도
928,킹메이커,1,1점도 아깝다정치적 중립 따위는 개나 줘버린 본격 좌빨 영화
929,사랑과 영혼,7,
930,그대 어이가리,10,
931,에브리씽 에브리웨어 올 앳 원스+,2,와씨.. 영화보다 중간에 나온건 처음..  뭐야 이영화는?
932,별의 목소리,10,어떻게 이런 생각을 할수 있을까 ... 일본에서 낳은 천재
933,스즈메의 문단속,10,저는 보기 전에 먼저 알아보고 봐서 그런지 훨씬 몰입도 있게 잘봤습니다! 정말 재미있고 즐거웠어요!!
934,원피스 3D : 밀짚모자 체이스,6,그림체가 별로네요 내용도 6기랑 비슷
935,서양골동양과자점 앤티크,1,할말않말
936,마녀(魔女) Part2. The Other One,1,10점 알바만 없었어도 대략 6점이지만 평균 마춰야하니깐 1점준다.마녀1에서 김다미 연기가 영화 90퍼인데 마녀2에서 김다미를 뺀다고? 그것만으로도 망...액션 개오바..
937,플레인,9,"비행기 불시착과 인질극이라는 조합으로 처음부터 몰입해서 보게 되었고, 끝까지 책임지는 기장님의 모습에 감동받았습니다^^"
938,와일드 카드,5,한채영과 러브하는 양동근.. 전생에 얼마나 착했으면.
939,무뢰한,8,주인공들 감정선이 좋네요..
940,서치 2,9,역시 서치는 연출이 다했다고 볼 수 있네요
941,스즈메의 문단속,7,신카이 마코토의 정점은 <너의 이름은.>. 매우 지루하며 이해할 수 없는 부분이 너무 많아요. 예를 들어 스즈메는 어찌어찌해 미미즈를 보게 되었는지에 대한 설명이 전혀 없습니다. 뜬금 없는 스낵바 장면은 황당 그 자체.
942,소울메이트,9,"우리 사는 인생 이야기를 잘 그린 작품이라고 생각합니다. 영화가 진행될수록 깜짝깜짝 놀라게 하는 스토리가 전개되기도 하지만 ""아! 그럴수도 있겠구나""하는 생각이 문득 들었습니다^^"
943,스즈메의 문단속,7,"전형적인 신카이 마코토 스타일은 아닌 듯 하나, 충분히 재미있는 이야기, 특히 일본을 종단하며 듣는 OST가 좋더라."
944,바람의 파이터,4,닌자를 잡으려면. 물속으로 들어가야됀다는걸 이 영화를보고. 알았다.실제로는 일본 귀하를 한게좀 아쉬웠다
945,샤잠! 신들의 분노,6,1편이 얼마나 하찮았길래 이걸 보고 나아졋다는 건지 모르겠다
946,소울메이트,10,좋았다 젊은 20대 보다 그 이후 연령대가 보면 느끼는게 더 많을 듯 싶다영화보는 2시간 동안 현실에서 벗어나 영화와 나의 지난 세월 속에 있다 왔다
947,세인트 빈센트,9,처음엔 세인트 빈센트 스토리가 좋았고두번째 보니 명배우들의 연기에 놀랐고특히 나오미 왓츠의 러시아인 영어 엑센트 연기라든지근데 영화 프로듀서가 논란의 하비 와인스타인 이네...
948,소울메이트,10,원작을 너무나 좋아하는데 리메이크도 너무 좋네요. 누군가에겐 우정으로 기억 되고 누군가에겐 사랑으로 기억될 영화! 영화를 본 후 누군가 생각이 날 수밖에 없는 영화입니다. 대박 기원합니다~
949,샤잠! 신들의 분노,4,자다가 잠꼬대해서 옆사람한테 눈치보였어요
950,스즈메의 문단속,9,낭만...작별...추억..재회
951,"귀멸의 칼날: 상현집결, 그리고 도공 마을로",1,"짜집기만있고..오프닝노래만10분잡아먹고나는왜..,리뷰를안봤을까...젠장"
952,데시벨,8,기대하지 않고 봤는데 스토리가 좋았다
953,소울메이트,10,미소와 하은이여서 가능한 이야기지만 충분히 공감 할 수 있었다.
954,소울메이트,6,소울메이트소울메이트
955,스즈메의 문단속,10,"너의 이름은, 도깨비, 스물다섯 스물하나, 시간을 달리는 소녀가 살짝 스쳐지나가지만 영상미와 음악, 스토리 모두 ‘역시 신카이 마코토….’"
956,소울메이트,10,김다미와 전소니의 연기 호흡과 감독의 섬세한 연출력이 좋았습니다. 특히 복잡한 감정선을 잘 표현한 배우들의 연기력이 돋보였습니다. 저는 개인적으로 잔잔하면서도 세심하게 표현되는 감정들이 좋은 영화였습니다! 김다미 배우님 항상 응원해요!
957,플레인,8,제라드 버틀러 액션은 기본 이상 만족감을 줍니다. 큰 기대 없이 봤는데 재미나게 보았습니다.
958,소울메이트,10,
959,샤잠! 신들의 분노,2,"학령기아동 대상으로 만든 영화라면 적당히 오락성있게 잘 만들었다고 백번양보하지만 전 편에 비해서 너무 재미없었고, 상당히 뻔한 연출, 클리셰. 어색한 CG, 예상되는 다음장면 총체적 난국입니다..재밌었다는 사람들 50%는 아동, 50%알바입니다."
960,압꾸정,4,정말옛날에 만든건지 재미가 너무뻔한...출연배우들보고 그냥봤습니다^^
961,루터: 태양의 몰락,10,
962,더 퍼스트 슬램덩크,9,만화책을 보진 않았지만 너무 재밌게 잘 봤어요 그리고 중간중간 나오는 배경음악도 너무 좋습니다
963,나이트 폴,6,"스토리는 예상에서 벗어나지 않지만, 임달화와 장가휘의 연기만은 준수하다."
964,서치 2,8,흥미진진했어요
965,다음 소희,10,아... 정말 가슴아픈데 너무 좋은 영화다
966,다음 소희,10,윤석열 대통령이 꼭 봤으면 좋겠습니다
967,소울메이트,8,어릴적 생각도나고 잔잔하지만 울림이 있는 영화네요
968,스노우 아마겟돈,1,그냥 보려는 생각을 하지마셈
969,리멤버 타이탄,9,인종차별과 미식축구라는 우리나라 사람이 공감하기 어려운 주제이지만 단순하고 감동이 있는 좋은 영화였음.
970,고양이의 보은,10,귀를 기울이면의 시즈쿠가 쓴 소설의 내용이라 그런지 아직 뭔가 부족한 초안느낌의 만화라 더 사랑스러워 진다..
971,스즈메의 문단속,10,영화가 끝까지 긴장감을 가지고 이끌어 나가는게 정말 좋았어요! OST와 연출이 서로 시너지를 일으키고 관객이 화면에 압도 당하게 만드는게 진짜 대박이었습니다&.& 엔딩도 의미있고 다 보고 나서 벅차오름이 다시금 보고 싶게 만듭니당 한 번 더 보고 싶게 만드는 영화!!!
972,이니셰린의 밴시,10,단순한 설정 놀라운 연출~
973,에브리씽 에브리웨어 올 앳 원스+,10,크레이지한 장면둘로 메시지를 내 미음 깊숙히 전달하다니. 뜬금 돌과 핫도그로 울리지 않나. 명작이다!!
974,똑똑똑,5,보긴했으나...
975,플레인,9,비행기 재난과 테러버으로 인한 납치 상황으로 인해 비행기 기장과 군인출신 범죄자와의 탈출구조를 그려 긴장감과 사실적인 느낌을 드러낸 영화.
976,소울메이트,7,배우들의 연기 잘 봤어요
977,스즈메의 문단속,1,씹 노잼
978,소울메이트,10,
979,스즈메의 문단속,6,걍 시간때우기용 큰기대없이 보고 시계 5번정도 봄
980,"광해, 왕이 된 남자",4,생각보다 별론데요 오래된 영화라 그런가 스토리도 어거지성이 느껴지고
981,소울메이트,10,와.. 꼭보세요 강추에요..
982,다음 소희,7,교육과 노동의 총체적인 오류. 인간다움이 먼저다.
983,스즈메의 문단속,8,아직도 입에서 흥얼거리는 음악과 너의 이름은보다 화려해진 영상미
984,연인,6,어마어머한 네임드배우3명에... 클라쓰있는 연출..근데 더러운 치정 싸움을 한다.
985,매복,6,대원들이 죽어가는걸 지켜만볼수 없습니다 란 대사와 아파치를 잃을수 없어 귀환해 란 대사가 기억에남았다.
986,압꾸정,10,두분연기가 아주 자연스럽고 약간 하정우 배우스탈로 연기하셔서 아주 재밌고 좋은영화인데 평점이 왜이런지^ ^
987,스즈메의 문단속,8,오랜만에 더나이스한 영화다
988,샤잠! 신들의 분노,7,수작이라고는 할 수 없지만 재미는 있다
989,소울메이트,10,배우들 연기력이 미쳤음 이럴수도 있겠구나 하면서 봄
990,스즈메의 문단속,8,감동있어요 다만 내용들은 조금 부실합니다.
991,영웅,2,누구도 욕할수없는 영웅을 팔아 졸작을 만들었군... 돈아까움영화를 욕하는거지 안중근의사를 욕하는게아님
992,"귀멸의 칼날: 상현집결, 그리고 도공 마을로",7,전형적인 사무라이뽕…애니 작화 회사가 멱살잡고 캐리하는 애니
993,스즈메의 문단속,10,영화가 주는 메시지가 정말 와닿는 느낌이었고 주려는 메시지 전달 하나 만으로도 제가 계속 애정하는 영화로 남을 듯 합니다 잘 봤습니다
994,렉트,4,배우를 연기할 상황에 던져놓고 움직이게 해야지 불친절한 상황설명과 느린 진행에 애드리안 브로디의 연기마저 지루했다.
995,소울메이트,10,역시 믿고 보는 김다미ㅠㅠ 전소니 배우도 감정연기 보면서 과몰입해가지고 보는 내내 나는 그냥 소울메이트였다...
996,소울메이트,6,영화 잘감상했습니다.
997,소울메이트,7,소울메이트 영화 잘봤습니다.
998,스즈메의 문단속,10,도쿄상공씬 ost 개 소름
999,스즈메의 문단속,9,기대이상이네요 9점드립니다
